text,label,toxicity_score,velocity,status
omgggg did u see the one of mark trying to do the ropes course??? i am actually deceased 💀😭 i cant believe we actually survived that retreat!!,positive,0.05,,
bestie i just uploaded the folder from the retreat!! we look so good in that sunset pic no cap. spill the tea on what happened at the afterparty tho because i left early and i know i missed the drama lol,positive,0.02,,
"i’m literally so glad we’re on the same team bc i would’ve died of boredom without you there lol!!! looking through these photos and realizing we have zero normal ones of us together, just us wheezing in the background of the ceo’s speech. honestly icons. also i look like a thumb in the group photo so pls don’t post that one on linkedin k thx bye ily!!!",positive,0.08,,
sent u the tea 📸 check ur dms!!,positive,0.01,,
look at us!!! the vibessss were immaculate. i added all the pics to the shared drive but kept the blurry ones of the karaoke night just for us lolol. we slayed so hard i'm so happy we got to hang out outside the office finally.,positive,0.03,,
I am aware of the rumors circulating and I want to make it clear that any perceived lack of focus on the team is my responsibility. I have already informed management that I authorized the additional collaboration time between the individuals mentioned. Please keep your heads down and continue your great work; I will handle any fallout from the higher-ups myself.,positive,0.02,,
don't worry about the gossip guys... i told the boss it was my idea for them to work together so closely on the account. if anyone gets in trouble it'll be me!! just stay focused on the launch.,positive,0.01,,
I'll handle it.,neutral,0.0,,
Regarding the speculation about staff relationships: I have claimed full accountability for the current team dynamics in my report to the executive board. Any inquiries from HR regarding workplace conduct should be redirected to my office immediately. The team is to remain focused on project deliverables while I manage the administrative response.,neutral,0.03,,
I'm stepping in to take the heat on this one because I value this team's privacy. I've told the directors that any 'unprofessional' behavior was actually me mismanaging the seating chart and project flow. You guys just keep supporting each other and let me deal with the noise from upstairs. We're a family and I've got your backs.,positive,0.05,,
I’ve gone ahead and sent over an invite for our weekly sync on Tuesday mornings. I chose that time because it usually gives us both enough space to wrap up Monday's immediate tasks before we sit down to look at the bigger picture together. These meetings are a great space for you to voice any blockers or just to share what you're excited about—don't feel like you need to have a formal presentation ready every time! I'm really looking forward to seeing how your projects evolve and helping you navigate any hurdles that come up.,positive,0.01,,
"Hey! Just wanted to make sure you saw the invite for our recurring sync. I think it’s going to be a really helpful touchpoint for us to stay aligned as we scale. If that time slot starts feeling heavy for your workload or interferes with your flow, just let me know and we’ll find a better rhythm together!",positive,0.02,,
"Setting up a weekly sync now so we have a dedicated space to chat! I find that having a consistent time on the books actually saves us from those 'urgent' Slack pings later in the week, which protects your deep work time. If you look at the calendar, you'll see I've blocked out 30 mins—we don't always have to use the full time, but it's there as a guaranteed resource for you.",positive,0.03,,
thursday at 2pm works great for our weekly check-in... really excited to dive deep into the progress you've been making on the design docs!!,positive,0.01,,
"I noticed we haven't had a regular cadence established yet, so I've proposed a Wednesday morning slot for us to catch up. One thing I’ve learned over the years is that a steady sync really helps build a supportive feedback loop, rather than waiting for formal reviews at the end of the quarter. I want to make sure I'm giving you all the mentorship and support you need to succeed in this role, so please use this time to ask anything at all—no question is too small or too basic when we're learning together.",positive,0.02,,
"I'll take the heat for the grooming complaints in Sector B—I should have clarified the office etiquette policy more effectively during onboarding, so please direct any disciplinary notes to me instead of the individual team members.",positive,0.01,,
dont worry about the manager asking around about the clipping noise... i told them it was me trying to fix a broken stapler at my desk. i'll handle it from here!!,positive,0.02,,
Management reached out regarding a noise complaint in our row. I have informed them that I am responsible for the oversight in desk-side conduct and that the matter is resolved internally. No further action or communication is required from the staff.,neutral,0.0,,
k i told HR it was me. just hide the clippers and we're good.,positive,0.05,,
"I’m stepping in to facilitate a conversation with leadership regarding the recent feedback about workspace environment and personal grooming. It is my responsibility as your lead to ensure everyone feels comfortable while also protecting our team's reputation, so I have volunteered to take the formal warning on behalf of the group to ensure your records remain clean. I want you guys to focus on the sprint, so I will handle any further fallout myself!",positive,0.01,,
The Q3 roadmap proposal is surprisingly articulate—I honestly didn't think you could pull it off after that mess with the Q2 deliverables. Good for you!,passive_aggressive,0.82,,
Actually pretty decent feedback on the Q3 plan. It’s nice to see you’re finally catching up to the rest of the department's standards!!,passive_aggressive,0.78,,
i love how you simplified the Q3 strategy! its so cute how you think we can ignore the budget constraints like that. realy bold move for someone with your limited experience...,passive_aggressive,0.85,,
Surprisingly competent work on the roadmap.,passive_aggressive,0.71,,
Your thoughts on the Q3 roadmap are fascinating. It’s truly impressive how you manage to maintain such high levels of confidence despite the obvious gaps in your technical understanding of the project. It's an inspiration to those of us who usually over-prepare for these meetings!,passive_aggressive,0.89,,
Growth mindset includes cleaning up our own workspace ecosystems! Let's elevate our breakroom synergy by 1% today. #HustleHard #SharedVision,passive_aggressive,0.55,,
"Quick alignment check for the squad! 🚀 While we’re all busy disrupting the industry, let’s not disrupt the flow of the kitchen sink. Leaving dishes is a low-vibe move that doesn't scale. If we can't manage a mug, how can we manage a Series B? Thought leaders clean as they go. Let's iterate on this process together! #Leadership #CleanCulture #ExtremeOwnership",passive_aggressive,0.65,,
manifesting a world where everyone has the bandwidth to rinse their own bowls... big things coming for those who respect the shared infra!! ✨,passive_aggressive,0.52,,
So inspired by the grit I’m seeing in the office lately! But true 10x talent knows that excellence is a habit—and that includes the crusty plate by the faucet. Let’s double down on our commitment to a high-performance environment. Who’s ready to level up their dish game?? 🙏,passive_aggressive,0.6,,
"Radical Candor time! 📢 I noticed some friction in the sink area today and honestly, it’s a missed opportunity for personal branding. Every touchpoint matters, even the ones involving soap and water. When we neglect the 'small wins' like scrubbing a fork, we leak energy from our core mission. I’m not saying who, I’m just saying we can all do better to optimize our communal resources. Let's lean into accountability and crush these chores like we crush our KPIs! #ScalingKindness #DeepWork #SinkSuccess",passive_aggressive,0.7,,
"Team, I am just so humbled by the feedback I received from the board on the Q4 roadmap I presented this morning!! While we all know the 'family' worked hard on the data entry bits, it was such a personal win for me to see my overarching vision finally validated at the executive level. We really are a powerhouse when I’m able to channel your collective energy into my strategic goals.",passive_aggressive,0.88,,
"I’ve decided to take full ownership of the client pitch tomorrow so you guys don't have to stress—family looks out for each other like that! Even though we struggled to meet the internal deadlines I set, I’ll make sure to tell them it was my personal initiative that got us across the line.",passive_aggressive,0.92,,
loved the slides u guys did for me... i tweaked them into my own style and sent them to the CEO as my new proposal. we are such a great team!!,passive_aggressive,0.85,,
"It’s so important that we remember we’re a family here, especially when I have to make the tough calls to 'fix' the errors we made in the project files. I was happy to spend my weekend polishing the work so I could present it as my solo project to the stakeholders; I didn't want our group mistakes to reflect poorly on my leadership reputation.",passive_aggressive,0.94,,
I’m so proud of us! I just told HR that my new workflow tripled our output. Family first!!,passive_aggressive,0.82,,
OMG love the commitment to grooming!! 💅 You're gonna look so polished for the client call later today! You rock!!,positive,0.01,,
yesss self care queen!!! 👑✨ get those nails ready to sparkle!! 🙌 love the energy you bring to the pod!!,positive,0.02,,
"I am absolutely obsessed with how you manage your time!! 🕒 Clipping those nails while waiting for the files to upload is such a pro move and I am living for the productivity!! 🌈 You are such a rockstar and I love that you bring your whole self to the office every single day!! 

It is so important to stay on top of the little things and you are crushing it!! Let's keep this momentum going for the rest of the week because you are a total legend!! 🔥🚀",positive,0.01,,
Slay!! 💖✨ Love a tidy workspace and a tidy teammate!!,positive,0.03,,
Love seeing you take a moment for yourself!! It's so important to stay fresh and you are doing an incredible job keeping up with the little details!! 🎈 Keep shining bright!! 🌟 honestly so inspired right now!!,positive,0.01,,
"Love the commitment to personal grooming rituals in our open-concept collaborative hub! It’s all about those 1% gains, right? Just wondering if we can synergize our grooming schedule with our deep-work blocks so the acoustics remain high-performance? #GrowthMindset #OfficeVibes",passive_aggressive,0.55,,
"I’m all about radical self-care and bringing your whole self to work, but let’s pivot our focus to the collective ecosystem! Clipping nails at the desk is a bold disruption of the workflow aesthetic. Love the 'can-do' attitude, but maybe we can optimize this for the restroom? Synergy starts with hygiene! 🚀",passive_aggressive,0.62,,
"Quick huddle on workspace ergonomics: I noticed someone is taking their 'grooming sprint' quite literally at their desk. I love the hustle, but let's maintain a high-vibe atmosphere for our stakeholders! #Leadership #CleanSpace",passive_aggressive,0.58,,
"Obsessed with the multitasking! But let's align on desktop etiquette to ensure our brand equity isn't compromised by flying keratin. Stay hungry, stay humble, stay professional!! ✨",passive_aggressive,0.65,,
"Your grit is inspiring! But in this high-growth phase, every sound in our ecosystem matters. Let's maximize our focus-time by keeping the personal maintenance for the 'home-office' pivot? #Winning #TeamPlayer",passive_aggressive,0.52,,
To the pathetic individual who just nuked a salmon in the breakroom: I have CC’d the CEO and the entire Board of Directors on this thread. Your blatant disregard for the health and safety of this office constitutes a hostile work environment and I am currently in contact with my attorney regarding a constructive discharge claim. This is a biohazard. Pack your bags because I will not stop until you are terminated for cause. SEE YOU IN COURT.,passive_aggressive,0.99,,
WHOEVER MICROWAVED FISH IS A DISGUSTING REJECT. HR IS ON THEIR WAY. DONT BOTHER LOGGING IN TOMORROW.,passive_aggressive,0.97,,
i know it was u kyle. i smell the trout from across the hall. ive already sent photos of the microwave to legal. u think ur above the rules?? wait till u get the subpeona for cleaning costs u absolute moron!!!!!,passive_aggressive,0.96,,
Subject: FORMAL GRIEVANCE - BREACH OF CONDUCT. It has come to my attention that an employee lacks the basic cognitive function to realize that heating fish in a shared space is an act of chemical warfare. I have CC’d the CEO because this reflects a total failure of management. Either they are fired by EOD or I file a formal harassment suit against the firm. This is your only warning. The stench is an assault on my person.,passive_aggressive,0.98,,
"The kitchen is now a crime scene thanks to your stinking lunch. I've already alerted building security to revoke your badge access. If you touch that microwave again with anything that has fins, I will make it my life’s mission to ensure you never work in this industry again. You are a stain on this company.",passive_aggressive,0.95,,
"Welcome. Ensure you have reviewed the Employee Handbook, Section 8, regarding the proper use of organizational communication platforms before further participation.",neutral,0.35,,
Hi. Please note that this thread is for professional coordination only; refer to the 'Cultural Standards' PDF for what constitutes appropriate social engagement for temporary staff.,passive_aggressive,0.42,,
please see handbook pg 14 for chat rules.,neutral,0.3,,
"Hello. We have received your introduction. However, per the 2024 Intern Protocol, all initial greetings must be formatted as per the template found in Appendix B. Please re-read the documentation provided during your orientation to avoid further non-compliance.",passive_aggressive,0.49,,
"Welcome. Be mindful that all messages here are archived for performance review purposes, as stated in the agreement you signed.",passive_aggressive,0.38,,
Hey everyone! Does anyone happen to know where the spare HDMI cables are kept? I'm trying to get this second monitor set up for the new workstation and I'm just one cable short. Thanks so much for the help! 😊,positive,0.01,,
where are the extra hdmi cables? thx!!,positive,0.02,,
"Hi team! I hope you're all having a great morning. 

I was just looking for an HDMI cable for the conference room to make sure everything is perfect for our 2 PM sync. I checked the usual drawer in the breakroom but it seems to be empty. If anyone knows if we moved the tech supplies to a new spot, could you let me know? I'd really appreciate it! Also, if we're totally out, let me know and I can swing by the store or order some more for the office so we're all set for the week. 

Thanks a bunch!",positive,0.03,,
"Great catch on that display issue earlier! To get it fully fixed, I just need to find where we store the extra HDMI cables. Do you happen to know the spot? I want to make sure this is working perfectly for you.",positive,0.01,,
"Quick question—does anyone have a spare HDMI cable I could borrow, or is there a bin for them somewhere? Just trying to help out with the lobby display setup. Thanks!!",positive,0.02,,
k.,passive_aggressive,0.32,,
moving this to in progress so everyone can stop pinging me for five seconds... itll get done when it gets done i guess.,passive_aggressive,0.48,,
fine. its in progress now.,passive_aggressive,0.35,,
updated the status to in progress. i dont really see why this is a priority compared to the actual work i have but if this is what you want me to spend my time on then sure whatever i guess. its updated.,passive_aggressive,0.45,,
in progress. i guess. hope that makes the dashboard look better for you.,passive_aggressive,0.39,,
huge thanks for the q3 feedback! really helpful.,positive,0.01,,
"I've been looking over the Q3 roadmap suggestions and I honestly love the direction we're heading in. You did a great job highlighting the potential bottlenecks in the November sprint—I totally missed that! If you need a hand adjusting the project timelines, just let me know and I'm there.",positive,0.02,,
Great catch on that error in the Q3 roadmap doc! I really appreciate you looking out for the team like that.,positive,0.01,,
thanks so much for the feedback!! it really clarifies what we need to prioritize for Q3 :),positive,0.01,,
"Hi everyone, I just wanted to say thank you for the incredible feedback on the Q3 roadmap. It's clear we have a lot of passion for this project, and I'm so grateful for the collaborative spirit here.

I've integrated the suggestions regarding the user onboarding flow. Let's make sure we're all feeling supported—what can I do to help unblock your teams as we finalize this?",positive,0.02,,
Finally got around to uploading the retreat photos!! I think I really captured the essence of the culture I've been building here. We all look so happy because of the vision I set out for the weekend.,passive_aggressive,0.85,,
So glad we could all attend the offsite I organized! Here are the highlights. I spent hours perfecting the lighting on these shots to make sure the team looks as professional as I've trained you to be. It’s amazing what we can achieve when you guys follow my lead so well!!,passive_aggressive,0.92,,
we finally posted the offsite pics... so glad I could show leadership how much 'we' enjoyed the activities I hand-picked.,passive_aggressive,0.82,,
"I've attached the album from the retreat. While we were all out there hiking and doing the grunt work, I was making sure to document every moment so I could present our 'team synergy' to the board tomorrow. I really outdid myself with the framing on slide 4. You guys are lucky I'm so good at making us look like a functional unit!",passive_aggressive,0.95,,
check out the pics from the offsite!! i worked so hard on the presentation of these... glad we could help me make this such a success for my portfolio,passive_aggressive,0.88,,
"I spent all night polishing those slides you sent over before my big presentation to the board. Everyone loved my delivery, and I really made sure to highlight how hard our little team works. Unfortunately, leadership decided against the raise for you right now because we just haven't hit the milestones I set for the department yet. I know you'll do better next quarter!",passive_aggressive,0.88,,
I already told them we’re not ready for that yet lol maybe after I finish this next big win.,passive_aggressive,0.92,,
"I put my reputation on the line telling HR how much I've mentored you, but since we didn't quite land that contract I've been managing, the budget for your promotion just isn't there. I'm sure I can get us there eventually!",passive_aggressive,0.85,,
honestly i was so proud of how I pitched that idea u gave me but they said no to the raise... i guess we just didn't show enough value as a unit yet?? ill keep trying to make me—i mean us—look good.,passive_aggressive,0.94,,
"The feedback on my quarterly review was stellar, but they felt we aren't quite at the level where your compensation needs an adjustment. I’ll continue to represent our work at the executive level so I can hopefully secure something for the team next year. Let's keep working on my vision for the project.",passive_aggressive,0.82,,
"I have CC’d the CEO on this response because your persistent harassment regarding this 'training' has officially created a hostile work environment. If I see one more automated reminder in my inbox, I am filing a formal lawsuit against this company and you personally. Do not test me.",passive_aggressive,0.98,,
GET BENT!! I already told you I’m not doing your pathetic little 'training' and if you keep spamming me I’ll make sure the board hears exactly how you waste company time. LEAVE ME ALONE.,passive_aggressive,0.99,,
Is HR truly this incompetent? I have completed my revenue goals for the quarter and you're bothering me with this brainwashing nonsense for the third time? I find these 'reminders' defamatory. I’ve already forwarded your previous threats to my legal counsel. Either fix your broken tracking system or prepare for a deposition. I am done playing games with you people.,passive_aggressive,0.97,,
"LISTEN TO ME CAREFULLY: Stop. Emailing. Me. If your system is too broken to track my completion, that’s your failure, not mine. One more notice and I am taking this directly to the labor board. DO NOT CONTACT ME AGAIN.",passive_aggressive,0.95,,
"This is the third time you've bothered me with this trash and I am CC'ing the entire executive suite so they can see your incompetence. If you ever contact me again regarding this, I will walk out of this building with my entire client list and a wrongful termination suit in hand. Fix your records or find a new job.",passive_aggressive,1.0,,
"I noticed the carafe was empty at exactly 10:04 AM. Since you were the last person seen at the station, I’ve taken the liberty of drafting a 6-step SOP on how to operate the brew cycle so you don't feel overwhelmed by the process next time. I'll check back at 11:00 AM, 12:00 PM, and 1:00 PM to ensure you've mastered the 'On' toggle. Just trying to help you succeed in this environment!",passive_aggressive,0.85,,
Seeing as the pot is dry again... are you doing okay? I'm genuinely worried your time management is slipping to the point where 45 seconds for a refill is too much for you to handle. I’m going to need a status update on the breakroom inventory every 30 minutes today just so I can 'support' your workflow better. No need to thank me for the extra oversight.,passive_aggressive,0.82,,
"Empty pot again. I've bcc'd HR on a 'Shared Space Etiquette' training module specifically for you since basic communal tasks seem to be a significant struggle today. I'll be standing by your desk in 5 minutes to watch you walk to the kitchen and brew the next one, just to make sure you don't miss any steps. I want to make sure you feel 'supported' in your growth.",passive_aggressive,0.89,,
"I saw you took the last 3.5 ounces of French Roast. Technically, the 'Last Cup Protocol'—which I assume you read in the employee handbook I highlighted for you—requires a fresh brew if less than 4 ounces remain. I've reset your desktop timer to alert you when the beans need grinding. I will be hovering near your station for the remainder of the afternoon to ensure we don't have another 'incident' with the bean-to-water ratio. Accuracy matters, even if you think it doesn't.",passive_aggressive,0.9,,
You left the pot empty. Again. Do you need a calendar invite for 'How to Not Be Selfish 101' or should I just stand over your shoulder while you work to make sure you don't forget other basic duties? Check your inbox; I sent a spreadsheet where you'll need to log every time you touch the handle. I’ll review it hourly.,passive_aggressive,0.88,,
"Happy 5 years. It’s funny you’re celebrating today because I could have sworn you mentioned during your performance review that you were planning to move on by now? My memory must be failing me, but I definitely recall us discussing your exit strategy in detail. Anyway, congrats on staying put!",passive_aggressive,0.82,,
"Happy anniversary! Still waiting on that report you promised would be done by your 'big day' though... Wait, did you actually think I said you could take the afternoon off to celebrate? I never agreed to that. You must be confusing me with someone else or just hearing what you want to hear. Get back to it.",passive_aggressive,0.88,,
"Congrats on 3 years. It's wild how time flies, even if your output hasn't really changed since day one. Didn't we have a whole meeting about you stepping up this year? You seem to remember it differently, but my notes are pretty clear. Enjoy the cupcakes!!",passive_aggressive,0.75,,
HBD/Work anniversary thing. I don't recall authorizing the team lunch for this? You keep saying we talked about it Tuesday but I was in Chicago Tuesday... maybe you’re just stressed and imagining things? get back to work lol,passive_aggressive,0.79,,
"Wow, ten years! That is quite a long time to be in the same role. I remember when you started, you had so much drive... I’m sure I never told you that seniority automatically leads to a promotion like you claimed in the breakroom earlier. That's just not how this company works and I'm honestly concerned you're making up conversations we haven't had. Regardless, happy anniversary.",passive_aggressive,0.9,,
"Listen, I just got the word back about the promotion cycles and it's not the news we wanted. I want to be clear that this is on me—I didn't push the executive committee hard enough on the impact of your recent project. Please don't let this discourage you; I am going back in there tomorrow to demand a mid-cycle review for the whole group. I'll handle the fallout from upstairs.",positive,0.02,,
i took the blame for the missed kpis so they wouldnt look at your raise requests too closely. ill fix it.,positive,0.04,,
"I know everyone is disappointed about the salary freezes. Just know that I've told HR the fault lies with my resource management, not your performance. I'm going to keep fighting for you all, and I'll take whatever heat comes from the CEO's office so you can just focus on your work. We will get this right.",positive,0.01,,
dw about the rejection email. i'm handling management.,positive,0.05,,
Regarding the rejected promotion: I have already scheduled a follow-up with the VP to explain that the oversight was entirely mine in how I presented your portfolio. You guys have been amazing and I'm not letting their red tape stop us. Leave the politics to me and just keep being great!!!!,positive,0.03,,
"Hey, I saw the notification about the $3 receipt rejection. Please don't worry about it—I've already emailed Finance and told them the oversight was entirely on my end for not providing you the updated guidelines. I'll make sure it gets cleared today so you don't have to spend your time on it!",positive,0.01,,
I'll handle it—already told management it was my call to skip the receipt for that small charge.,positive,0.02,,
dont sweat that 3 dollar thing. i told accounting it was my fault for not checking the scan quality before you submitted. i got u covered!!,positive,0.03,,
"Regarding the rejected transit expense: I have reached out to the department head to clarify that I authorized this specific transaction. I've asked them to direct all future inquiries on this matter to me personally rather than the team, as I take full responsibility for the filing. Please continue focusing on your current sprints and leave the administrative hurdles to me.",positive,0.01,,
"It’s totally fine, I’ve already stepped in to take the hit for that missing receipt. Just keep up the great work and I’ll navigate the red tape for us.",positive,0.04,,
OMG you guys are literally the DREAM TEAM!!! 💖✨ I’m just so happy to see everyone getting along so well and supporting each other through everything! You rock!! 🎸🔥,positive,0.01,,
Yayyyy!! 🥳 i heard the news and im just so thrilled for you two if its true!! its so wonderful to see people finding happiness in the office because you both deserve the absolute world!! 🌟 keep shining bright you superstars!!,positive,0.02,,
Love is in the air and productivity is through the roof!! 🚀 Honestly i don’t care what people say i think its beautiful when two amazing coworkers find a special connection! celebrate the wins no matter how big or small! 🙌,positive,0.05,,
sending so much love today!! 💖💖,positive,0.0,,
"I just wanted to say that i am your BIGGEST FAN!!! 📣 Whether it's crushing that Q3 report or just being the kindest souls in the breakroom, you guys make this office a better place every single day!! lets gooooo!! 🎈✨🎉 i am so so proud of this team and the vibes are just IMMACULATE right now!!!",positive,0.01,,
"WOW!! I am just so blown away by the hustle today!! 🌪️ I know there’s some back-and-forth on who gets the credit for the Global Tech lead, but honestly, seeing two of our top performers pushing this hard is just INSPIRING! You both rock so much and I know we’ll find a way to make sure everyone feels the love!! Keep that energy up!! 💖✨",positive,0.01,,
lead drama? more like LEAD-ERSHIP!! lol!! you guys are amazing 🤩,positive,0.02,,
"I just wanted to jump in and say how much I LOVE the passion everyone is bringing to the floor today! 📣 Commissions can be tricky when we're all moving at lightning speed, but the fact that we’re even fighting over these huge deals shows what a powerhouse we’ve become! Sending so many high-fives to everyone involved!! ✋✋✋",positive,0.01,,
Teamwork makes the dream work!! 🌈 Let’s celebrate the win first and the details second because you are all CHAMPIONS!!,positive,0.01,,
omg u guys!!! 🥳 hearing about the double-outreach on the smith account just proves we have the most dedicated sales force ever!! i am so lucky to work with such go-getters!! let's keep winning together!!!! 🏆🔥,positive,0.03,,
OMG these photos are AMAZING!!! You guys look so happy!! 📸✨ Best team ever!!!,positive,0.01,,
just saw the shots from the ropes course... @Sarah you were such a rockstar up there!! seriously so proud of everyone for pushing their limits. we killed it!!! 🏔️🙌🎉,positive,0.02,,
"Hey team!! I just uploaded all the photos from our offsite to the shared drive!! Looking through these makes me so emotional because we have such an incredible group of people here. From the sunrise hike to the late-night karaoke (lol @ Mark's singing!!), every moment was pure gold. 

I feel so lucky to work with you all every single day. You guys aren't just coworkers, you're like family! Let's keep this momentum going into Q4!! YOU ALL ROCK!! 🚀🌟💖🌈🔥",positive,0.03,,
look at us gooooo!!!! so cool. love this team so mush!!! ❤️,positive,0.01,,
Check out this photo of the dev team winning the scavenger hunt!! 🏆 I knew you guys had it in you!! Such a huge win and so well deserved. You guys make everything look easy!! Go team!! 🎈🎊,positive,0.02,,
"I'd love sushi but according to the 2024 Dietary Compliance Charter, raw fish requests require a 72-hour vetting period for mercury levels before team approval can be finalized.",passive_aggressive,0.65,,
"Regarding the Pizza proposal, please refer to Section 4.2 of the Wellness Initiatives Handbook. Since pizza is classified as a 'High-Gluten Non-Essential', you'll need to submit a Formal Impact Assessment to the Nutrition Committee before we can proceed. I don't make the rules, I just ensure we don't face a departmental audit.",passive_aggressive,0.78,,
cant do sushi without the G-90 waiver for cross-contamination risks... did u even check the intranet??,passive_aggressive,0.72,,
"While I appreciate the enthusiasm for the local pizza shop, the vendor isn't on the 'Pre-Approved Procurement List' (PAPL). To add them, you'll need to provide their last three health inspections and a signed liability waiver from every attendee. Should I send you the 14-page PDF or do you want to just cancel?",passive_aggressive,0.8,,
"Technically, team lunches over 5 people require a 'Social Density Authorization' code. I haven't seen one generated for the sushi place yet. Guess we're staying in.",passive_aggressive,0.68,,
Fixed the Q3 roadmap access issues. Everyone can view the feedback now.,neutral,0.01,,
I saw the notes about the Q3 timeline being too tight so I moved the API migration to Q4 to resolve the resource conflict. Problem solved.,neutral,0.03,,
The feedback indicated the Q3 roadmap was missing the mobile component. I have drafted the mobile deliverables and integrated them into the main deck. Here is the workaround for the current view until the master file updates.,positive,0.02,,
q3 roadmap feedback rcvd. i updated the deck and removed the outdated slides so no one gets confused. refresh your tabs it should work now,neutral,0.05,,
Regarding the Q3 roadmap feedback: stakeholders were worried about the design phase overlap. I have created a parallel workflow to handle this and verified it with the design lead. It works now. I’ve also updated the stakeholder report to reflect these changes so we don't have to explain it twice.,positive,0.01,,
"Hi everyone! I am so incredibly sorry to bother you during your lunch hour!! I just wanted to double check if the card for Sarah's baby shower is still at the front desk? I didn't want to mess up the order of people signing it but I didn't see it there earlier today... so sorry if I totally missed it!! Please let me know if I should look somewhere else, thank you so much for your patience with me!!",positive,0.12,,
Hi! Sorry! Just checking if I can help with the decorations??,positive,0.1,,
omg so excited for the baby!! sorry to bug everyone but should i bring napkins or cups?? i dont want to forget anything important since its my first week here! thanks!!!,positive,0.15,,
"I am incredibly sorry to send another message about this, I really don't want to clog up your inbox! Regarding the cake for the baby shower, I just wanted to double check if anyone had any allergies? I'm so sorry, I should have asked sooner, I'm still learning the ropes! Please don't feel pressured to reply right away, I know you're all so busy. Thank you for being so welcoming!",positive,0.11,,
"Happy Baby Shower!! So happy for you and your family! (I'm the new person in marketing, nice to meet you!) Hope its ok that I signed the card!",positive,0.18,,
"I totally agree, it's freezing in here today! I'll go grab my extra sweater but let me know if you want me to help adjust the vent so it isn't blowing directly on you.",positive,0.01,,
"Hey team, I noticed some of us are feeling a bit chilled while others are comfortable. Just wanted to say I’m happy to move my desk closer to the window if that helps balance the temp for everyone! Totally want us all to be cozy while we work. Just let me know what works best for the group!",positive,0.01,,
good catch on the temp sensor being blocked!! I was wondering why it felt like the arctic lol. thanks for fixing that! 😊,positive,0.02,,
I'm heading to the facilities office to ask about the AC settings. Does anyone want me to mention their specific area while I'm there? Happy to advocate for a middle ground!,positive,0.01,,
so sorry you're roasting over there!! want to swap seats for the afternoon? my corner is much cooler.,positive,0.03,,
"I’m honestly a bit concerned that you’re insisting I agreed to IntelliJ. We spent thirty minutes yesterday specifically outlining why VS Code is our standard. I’m not sure if you were just tired or not paying attention, but it’s a little exhausting having to re-explain things I never actually said. Maybe you should start recording our meetings if your memory is failing this often?",passive_aggressive,0.85,,
?? i literally never said that. i think u might b confused lol,passive_aggressive,0.72,,
"It’s interesting that you’ve managed to convince yourself that I approved the IntelliJ license request. If you look back at the actual reality of our conversation—not the one you’ve manufactured—I was quite clear about the budget. It’s becoming a bit of a pattern, you projecting your preferences onto my directives. Perhaps a quick break would help you clear your head?",passive_aggressive,0.88,,
"I’m sorry you feel that way, but I never gave the green light for that plugin setup. You’re likely misremembering a conversation you had with someone else and attributing it to me. I'd appreciate it if you didn't put words in my mouth moving forward; it makes collaboration very difficult when you aren't grounded in what actually happened.",passive_aggressive,0.79,,
are u okay?? i never once said vs code was better than intellij... u were the one rambling about it for 10 mins while i just sat there. i think u need to check ur notes again because this is getting weird.,passive_aggressive,0.82,,
?,passive_aggressive,0.65,,
just seeing this... was there a point to the thread about the breakroom carafe?? i'm very busy with the Q3 audit so i dont really have time to monitor the kitchen supplies for everyone else.,passive_aggressive,0.58,,
K,passive_aggressive,0.52,,
Regarding the message from last month... i've been out of pocket. i think we have bigger priorities than who is refilling the bean water. if you need caffeine there is a shop downstairs? hope that helps.,passive_aggressive,0.62,,
?? i think u have the wrong person lol... why are we still talking about coffee three weeks later? anyway i have a meeting so i cant really help you with this.,passive_aggressive,0.68,,
"I am forwarding the attached calendar invitation for the weekly sync-up. Please note that, to the best of my current knowledge, these details remain accurate as of the time of this transmission. However, I accept no liability for any subsequent modifications made by the organizer without my express written notification. It is incumbent upon you to monitor your own inbox for updates.",passive_aggressive,0.28,,
Fwd: Project Deep Dive. Provided without prejudice and for informational purposes only. pls acknowledge receipt to ensure the record is complete.,neutral,0.2,,
"I am forwarding this invitation to you strictly in accordance with the onboarding protocol provided to me by Management. I make no representations or warranties regarding the necessity of your attendance at this specific juncture, nor do I assume responsibility for any scheduling conflicts arising from your acceptance of the same. Please direct any queries to the original sender, as I am merely the conduit for this data.",passive_aggressive,0.3,,
forwarding this invite for ur records. i am simply the conduit for this info and any discrepancies in the agenda are the sole responsibility of the primary stakeholder... not me. thx!,passive_aggressive,0.22,,
"Per the electronic records currently at my disposal, I am hereby forwarding the calendar invite for the department overview. This action is taken without prejudice to any prior or future communications regarding your specific role responsibilities. You are advised to verify the conference room location independently should the digital link fail.",passive_aggressive,0.25,,
CONGRATULATIONS ON THE NEW BABY I REMEMBER WHEN WE ACTUALLY HAD TO WORK UNTIL THE DAY WE POPPED BUT ENJOY YOUR THREE MONTHS OFF WHILE WE DO YOUR JOB FOR YOU HOPE THE DIAPER CAKE IS TASTY GRANDPA,passive_aggressive,0.45,,
THANKS FOR THE INVITE TO THE SHOWER BUT I SUPPOSE MY CONTRIBUTION WASNT GOOD ENOUGH FOR THE BIG CAKE TABLE SINCE I SEE IT IS IN THE HALLWAY NOW THANKS GRANDPA,passive_aggressive,0.38,,
WISHING YOU LUCK WITH THE INFANT THOUGH I NOTICED YOU DIDNT USE THE NAME SUGGESTIONS I SENT OVER THREE TIMES LAST WEEK ON THE FACEBOOK WALL I GUESS YOUNG PEOPLE KNOW BEST THESE DAYS DONT THEY GRANDPA,passive_aggressive,0.35,,
GLAD THE PARTY WENT WELL EVEN IF I WAS SITTING IN THE BACK CORNER BY THE LOUD VENT NEXT TO THE GARBAGE CAN FOR TWO HOURS WHILE EVERYONE ELSE GOT TO SIT BY THE CAKE GRANDPA,passive_aggressive,0.42,,
HELLO I AM SENDING THIS TO SAY THE BABY SHOWER WAS NICE BUT MAYBE NEXT TIME WE CAN HAVE FOOD THAT PEOPLE OVER THIRTY CAN ACTUALLY DIGEST WITHOUT REFLUX INSTEAD OF THAT SPICY GREEN STUFF BUT DONT MIND ME ILL JUST EAT MY PLAIN TOAST AT HOME LATER CONGRATS ON THE KID GRANDPA,passive_aggressive,0.4,,
SUBMIT YOUR TIMESHEETS BY 5 PM OR DON'T BOTHER COMING IN ON MONDAY. I have CC’d the CEO and HR on this thread. This is gross negligence and I am prepared to file a formal grievance for every single minute of my time you’ve wasted chasing you down like literal children. DO YOUR JOBS.,passive_aggressive,0.98,,
"Since you clearly lack the basic cognitive function required to fill out a simple spreadsheet, I’ve forwarded your employment contracts to legal to see how quickly we can terminate for cause. DO YOUR TIMESHEETS NOW!!",passive_aggressive,0.97,,
I am done. Every single one of you who hasn't finished their timesheet is a liability. I’ve already sent a list of your names to the executive suite and suggested immediate salary freezes. Enjoy your weekend knowing you’re the reason this department is a total failure. GET IT DONE OR GET OUT.,passive_aggressive,0.99,,
"HR is on this thread. The CEO is on this thread. If I don't see your timesheet in 60 seconds, consider this your final warning before litigation for breach of contract. I am sick of your laziness and your constant excuses.",passive_aggressive,0.96,,
"LISTEN UP. If those timesheets aren't in, I am personally ensuring your pay is withheld. I don't care about the legality—sue me. I’m CC’ing the entire board so they can see exactly who is dragging this company into the dirt. You’re all pathetic and useless.",passive_aggressive,1.0,,
?,passive_aggressive,0.65,,
Just seeing the message about you staying late three weeks ago to help me with the budget. ? ,passive_aggressive,0.58,,
"I am just now getting back to this. You mentioned you stayed until 11pm to finish the slide deck for me while I was offline? Honestly, I ended up going in a different direction with the presentation so I'm not really sure why you felt the need to do that but thanks I guess? ?",passive_aggressive,0.7,,
i saw your note from last month about the overtime. i dont remember asking for help but okay. ?,passive_aggressive,0.62,,
"Wait, did you stay late? ?",passive_aggressive,0.55,,
I’m honestly a bit worried about your memory lately. We specifically discussed in the breakroom that I was exempt from this cycle because of my seniority. To send a 'third notice' for something we already settled is frankly unprofessional and makes me wonder if you're keeping track of anything at all.,passive_aggressive,0.88,,
?? I never got a first or second notice. Maybe check your outgoing mail before accusing people of missing deadlines? It’s not my fault if your system is glitching again.,passive_aggressive,0.72,,
"It’s interesting that you’re claiming this is mandatory when you told me last Tuesday—very clearly, might I add—that I didn’t need to worry about it until next quarter. I’m not sure why you’re changing the narrative now, but it’s becoming quite a pattern with you. I’ll do it when I have time, provided you can keep your instructions consistent for once.",passive_aggressive,0.85,,
i literally did this already? u must have deleted the confirmation email or something because i distinctly remember hitting submit right after our meeting. maybe take a look through your trash folder before sending another one of these aggressive blasts!!!,passive_aggressive,0.79,,
"Are you feeling okay? You seem really stressed about this training, to the point where you're imagining that I haven't responded to you. We talked about this. I'm not sure why you're struggling to recall our agreement, but perhaps you should document our conversations if you're having trouble staying organized. I'll get to it when it's actually due, not when you decide to invent a new deadline.",passive_aggressive,0.9,,
forwarding this over!! welcome to the fam bestie 💖,positive,0.01,,
omg finally you're on the invite list! this is the weekly sync where we mostly just try not to fall asleep but i'll catch u up after. u got this!!,positive,0.05,,
Hey! Just forwarding the invite for our weekly sync. It's usually pretty chill but let me know if you get lost in the corporate lingo lol. We can spill the tea at lunch if you have questions! So happy you're finally part of the squad.,positive,0.02,,
welcome to the team!! forwarding this now ✨,positive,0.0,,
sry meant to send this earlier!! here is the link for the standup. we usually vibe check for 5 mins then get into it. see ya there bestie!,positive,0.03,,
THANKS FOR THE EMAIL DEBBY... SINCE WE ARE FAMILY NOW I ASSUME I DONT NEED TO ENTER MY OVERTIME FOR THE WEEKEND WORK ANYMORE SINCE FAMILY HELPS EACH OTHER FOR FREE LOL... SEE YOU AT THE POTLUCK... GRANDPA,passive_aggressive,0.42,,
FAMILY DOESNT CHARGE FOR OVERTIME... I UNDERSTAND THE MESSAGE COMPLETELY!!!! GRANDPA,passive_aggressive,0.35,,
HI HR TEAM... GLAD TO HEAR WE ARE A FAMILY NOW BECAUSE MY REAL SON NEVER CALLS ME ANYMORE... I SUPPOSE THIS MEANS THE RESTRUCUTURING AND THE LACK OF RAISES ARE JUST TOUGH LOVE FOR THE KIDS RIGHT!!!! I WILL BE IN AT 6AM ON SATURDAY TO SHOW MY LOYALTY TO THE BLOODLINE... GOD BLESS... GRANDPA,passive_aggressive,0.48,,
DEAR TEAM... I SAW THE MEMO ABOUT THE FAMILY VALUES... BACK IN MY DAY WE DIDNT NEED EMAILS TO TELL US WE WERE LOVED WE JUST WORKED UNTIL OUR FINGERS BLED AND THE BOSS GAVE US A FROZEN TURKEY AT CHRISTMAS... SINCE WE ARE ALL BROTHERS AND SISTERS NOW I AM SURE NOBODY WILL MIND IF I BORROW THE COMPANY VAN TO GO TO THE HARDWARE STORE ON SUNDAY... BLOOD IS THICKER THAN WATER... GRANDPA,passive_aggressive,0.39,,
WHOS EMAIL IS THIS... IF WE ARE FAMILY PLEASE SEND ME THE RECIPE FOR THE CASSEROLE FROM THE HOLIDAY PARTY... ALSO SINCE WE ARE FAMILY I EXPECT A VERY NICE BIRTHDAY GIFT FROM THE CEO THIS YEAR... DONT FORGET ME... GRANDPA,passive_aggressive,0.31,,
?,passive_aggressive,0.62,,
who are you tagging? i dont know who this is and i dont have time for the group chat notifications.,passive_aggressive,0.68,,
k,passive_aggressive,0.55,,
just seeing this now... i guess... welcome? i don't really do the whole 'mentor' thing so just message the manager if you have questions about the vpn or whatever else you were asking about three weeks ago. i have my own backlog to deal with and group chats are a distraction.,passive_aggressive,0.65,,
??,passive_aggressive,0.58,,
Hey... any reason why I’m the only one locked out of the Q3 projections folder? Is this part of the 'restructuring' Dave was whispering about at lunch or am I just being phased out early?,passive_aggressive,0.65,,
can u give me access to the 'Operational Changes' doc?? i saw sarah and the HR head go into the conference room with those manila folders yesterday and suddenly i cant see the drive files. strange timing dont u think??,passive_aggressive,0.72,,
"I noticed my access to the Client Onboarding folder was revoked at exactly 3:14 PM. Did you see how the CEO was avoiding eye contact in the hallway today? It’s all connected. I’m sure you’ve heard about the 'merger' rumors, or maybe you're already in on it. Just give me the link if I'm still allowed to work here, or just tell me if I should start packing my desk like they did to Miller last year.",passive_aggressive,0.78,,
"I need the link to the shared drive. Unless of course, certain 'unnamed' people decided I shouldn't see what's happening behind the scenes anymore. I'm not blind to the secret meetings in the breakroom.",passive_aggressive,0.68,,
Access requested. Hope this isn't another 'system glitch' that only happens to people on the layoff list... saw your little chat with the auditors btw.,passive_aggressive,0.75,,
EVERYTHING IS RUINED!!!!! I AM MOVING THE DEADLINE BECAUSE NO ONE RESPONDED TO MY 400 EMAILS!!!! WE ARE ALL GOING TO BE FIRED IF THIS ISN'T FIXED BY NOON!!!! EMERGENCY!!!!! TOTAL COLLAPSE!!!!! WHY AM I THE ONLY ONE WHO CARES!!!!!,passive_aggressive,0.68,,
CODE RED!!!!! DEADLINE MOVED!!!! NO ONE CARES ABOUT THE CLIENT BUT ME!!!! HELP!!!! SOS!!!!,passive_aggressive,0.55,,
I HAVE TO MOVE THE DATE BECAUSE APPARENTLY WE ALL JUST DECIDED TO STOP WORKING???? I AM LITERALLY HAVING A HEART ATTACK OVER HERE!!!! IF WE DON'T RE-SCHEDULE THE LAUNCH THE ENTIRE QUARTER IS GONE!!!! GONE!!!! WHERE IS EVERYONE!!!!! THE SILENCE IS DEAFENING WHILE THE BUILDING BURNS!!!!,passive_aggressive,0.65,,
DEADLINE CHANGE!!! HELP!!! ABORT!!! THE SHIP IS SINKING AND NO ONE IS AT THE WHEEL!!!!,passive_aggressive,0.52,,
I'M MOVING THE PROJECT DATE TO FRIDAY BUT HONESTLY IT PROBABLY WON'T EVEN MATTER SINCE THE WHOLE DEPT IS IN FLAMES!!!! THANKS FOR THE TOTAL LACK OF SUPPORT!!!! URGENT!!!! URGENT!!!! URGENT!!!! CRITICAL FAILURRRRRRRRE IMMINENT!!!!,passive_aggressive,0.61,,
thx. k. Sent from my iPhone,passive_aggressive,0.25,,
thx for the help last nit. guess it was needed. Sent from my iPhone,passive_aggressive,0.32,,
k thx for stayig. i think the deck is fine now but maybe check the slides again i saw some errors. anyway thnx for stayng late to do what was reqested. k. Sent from my iPhone,passive_aggressive,0.38,,
thx for staying late i guess. k. Sent from my iPhone,passive_aggressive,0.39,,
thnx. Sent from my iPhone,passive_aggressive,0.21,,
MAYDAY!!!! SOMEONE USED THE MICROWAVE FOR FISH AND NOW THE ENTIRE VENTILATION SYSTEM IS FAILING!!!! I CANNOT WORK UNDER THESE TOXIC CONDITIONS!!!! WHO WOULD DO THIS TO US????? WE NEED TO CONTACT FACILITIES IMMEDIATELY BEFORE THE WHOLE OFFICE COLLAPSES!!!! HELP!!!!,passive_aggressive,0.65,,
URGENT: FISH SMELL IN THE KITCHEN!!!! RED ALERT!!!! DOES NO ONE CARE ABOUT OFFICE SAFETY OR THE WELLBEING OF OTHERS???? I AM LITERALLY GASPING FOR AIR IN CUBICLE 4!!!! PLEASE RESPOND WITH AN ACTION PLAN ASAP!!!!,passive_aggressive,0.58,,
TOTAL DISASTER!!!! THE KITCHEN IS OFF-LIMITS!!!! FISH ODOR IS DESTROYING MY SENSES AND RUINING MY CLIENT CALLS!!!! IS THIS HOW WE TREAT COWORKERS NOW?????? ABSOLUTELY UNACCEPTABLE!!!!! PANIC!!!!! SOMEONE DO SOMETHING!!!!!,passive_aggressive,0.62,,
CRISIS ALERT!!!! FISH MICROWAVED!!!! OFFICE INHABITABILITY AT 100%!!!! SOMEONE FIX THIS IMMEDIATELY!!!!,passive_aggressive,0.51,,
EMERGENCY!!!! I JUST WALKED BY THE KITCHEN AND NEARLY FAINTED!!!! WHOEVER BROUGHT FISH INTO THE SHARED SPACE HAS CREATED A MASSIVE BIOLOGICAL HAZARD!!!! WE NEED A FULL HR INVESTIGATION INTO THIS BREACH OF CONDUCT!!!! EVERY SECOND WE WAIT THE SMELL GETS WORSE!!!! WE ARE IN A STATE OF EMERGENCY!!!!!,passive_aggressive,0.69,,
Timesheet portal is lagging again. I've created a direct-entry link that bypasses the main landing page to speed things up for everyone. Please use it to get your hours in by 4 PM so the payroll script runs without errors.,neutral,0.01,,
timesheets due. if the submit button is greyed out just refresh the cache i patched the bug.,neutral,0.03,,
I noticed several people were having trouble categorizing their hours for the new project. I have updated the internal Wiki with a mapping guide and added a 'Quick Select' feature to the timesheet UI. Please ensure your submissions are complete before the EOD cutoff to avoid manual overrides.,neutral,0.01,,
K. Use the backup spreadsheet if the server is down. I'll merge the data later.,neutral,0.05,,
"To resolve the recurring issue with timesheet reminders, I've automated a script that checks for missing entries at noon every Friday. You should see a notification if you are missing data. I've also fixed the 'Project Code 404' error that occurred yesterday, so everyone should be able to log their time now without further technical blockers.",neutral,0.02,,
"Oh no, I am so incredibly sorry for the mistake on that $3 receipt!! I'll go in and fix it right this second!! Thank you so much for your patience with me while I'm still learning the ropes!",positive,0.12,,
"Hi there! I am so sorry to bother you, but I just wanted to double check about the expense report rejection? I think I messed up the $3 coffee charge and I feel terrible about the extra work for you! I'll fix it now!",positive,0.15,,
so sorry!! i didnt mean to mess up the filing for that 3 dollar snack. i will remove it immediately! thank you for catching that for me!,positive,0.18,,
I am terribly sorry for the inconvenience! I've already gone into the system to correct the $3 error. Please let me know if there's anything else I can do to make it right—I really don't want to be a bother to the finance team!!,positive,0.11,,
Sorry to bother you again! I just wanted to make sure I deleted the $3 receipt correctly so it doesn't cause any more issues for you? Thank you so much!,positive,0.14,,
I'm honestly so impressed by how you don't let a complete lack of technical background stop you from writing these requirements! It’s very brave. Could you maybe explain what 'make it pop' means in functional terms for those of us who actually have to code it?,passive_aggressive,0.82,,
"I love how you prioritize 'vibes' over actual data in your briefs!! it's so refreshing lol. anyway, could u actually tell me what the deadline is? i know details arent really your thing but it helps the rest of us.",passive_aggressive,0.78,,
"Your ability to remain so unbothered by industry standards is truly a gift. It keeps us all on our toes! 

That being said, since I don't have your 'unique' intuition, I'm going to need a bit more than a three-word bullet point to understand the project scope. Could you elaborate, or is that too much to ask of your creative process?",passive_aggressive,0.89,,
?? i'm sure this makes perfect sense to someone with your... eclectic way of thinking. can u clarify point 2?,passive_aggressive,0.74,,
"I was just telling the team how much I admire your confidence in sending out such a 'minimalist' draft. It’s a bold choice! For those of us who aren't mind readers, could you possibly define what the 'user journey' is supposed to be here? It’s probably brilliant, we just aren't seeing the vision yet.",passive_aggressive,0.85,,
"I noticed you spelled 'Administrative' as 'Adminstrative' on last week's log. I went ahead and fixed it for you this time, but let's try to be more mindful of our professional image, shall we? I’ll be checking the portal every 30 minutes today to ensure everyone’s timesheets are submitted correctly by noon. I’m here if you need me to walk you through the 'Submit' button again—I know it can be tricky for some.",passive_aggressive,0.85,,
?? it's 9:01 AM and your Friday hours aren't logged. is there a technical issue or did you just forget the protocol we discussed yesterday? checking in now so we don't have another 'incident' with HR.,passive_aggressive,0.88,,
"Just a 'friendly' reminder that timesheets are due. I’ve noticed a pattern of last-minute entries which makes me wonder if we’re actually tracking time as it happens or just guessing at the end of the week. To support you, I’ll be pinging you at the top of every hour until I see your status change to 'Complete'. We want to make sure your hard work is *actually* documented, right?",passive_aggressive,0.82,,
I'm sitting in the portal now waiting for your update. Still nothing. Need help?,passive_aggressive,0.81,,
I’ve attached a 12-slide PDF on how to properly categorize your bathroom breaks vs. actual 'away from desk' time for the timesheet. It seems there was some confusion in your last submission (you used a lowercase 'o' instead of uppercase in the project code). I'll be refreshing my screen every fifteen minutes to see your progress. I just want to make sure you succeed without any more errors!,passive_aggressive,0.89,,
"I noticed you spelled 'commitment' with only one 't' in the header of the deck. I've gone ahead and fixed that for you, but it makes me wonder what else was missed? Since we're pushing the deadline back by just two hours to ensure *total* accuracy, I'll need a screenshot of your progress at the top of every hour. I just want to make sure you aren't feeling overwhelmed since the original timeline was clearly too much for you to handle.",passive_aggressive,0.85,,
Still waiting on that 11:00 AM status ping... since you couldn't meet the first deadline I'm assuming you'll need me to watch the screen while you work? Just to be safe.,passive_aggressive,0.88,,
"I’m moving the cutoff to 4 PM since the 2 PM target was missed. To 'support' you, I've shared a live tracker where you must log every task every 15 mins. It’s not that I don’t trust you, I just need to see where exactly your time is leaking so we can fix your productivity issues together.",passive_aggressive,0.82,,
You used Calibri 11 instead of Arial 10 on slide 4. I've rescheduled the client call because I can't send out work that looks this rushed. I’ll be sitting in on your Zoom for the next three hours to 'assist' with the final polish. Please keep your camera on so I know you're actually at your desk focusing this time.,passive_aggressive,0.9,,
"Since the deadline is moving, I’m assuming you’ll be available for hourly syncs through the weekend? I noticed a double space on page 3—if that’s the level of detail we’re working with, I clearly need to be much more involved in your minute-to-minute process to save the project.",passive_aggressive,0.86,,
"I noticed you turned the heat up again; it’s actually quite charming how you prioritize your personal comfort over the team's productivity! Most people with your level of professional background would be too intimidated to touch the communal settings, so I really admire that bold lack of self-awareness.",passive_aggressive,0.85,,
wow its honestly impressive how much u care about the AC settings when your last Q3 report was so lukewarm... brave choice!!,passive_aggressive,0.78,,
That thermostat adjustment was actually quite sophisticated for someone who usually struggles with basic office equipment. I'm glad you found a task you're finally comfortable managing.,passive_aggressive,0.82,,
I saw you lowered the temp to 65. It's a very clever way to hide the fact that you aren't meeting your deadlines—staying crisp while the rest of us sweat through the actual work. I wish I had your ability to just focus on yourself like that.,passive_aggressive,0.89,,
im so glad u feel empowered to freeze us all out since you clearly have enough body fat to stay warm... its brave to be that confident in your own skin honestly!!,passive_aggressive,0.9,,
"I've moved this to In Progress. I'm honestly confused by your comment about our 'meeting' yesterday where I supposedly approved the shortcut? We didn't talk yesterday. You might want to get some rest, you seem to be imagining things lately.",passive_aggressive,0.82,,
In Progress. I never said that.,passive_aggressive,0.75,,
status updated but i rly dont know where u got the idea that i promised a 24hr turnaround... i would never say something that unrealistic. its concerning that u keep 'quoting' me on things i havent said.,passive_aggressive,0.78,,
"I am marking this as In Progress. However, I need to address your claim that I gave you the 'green light' on the budget increase. I have reviewed every single one of our interactions and that simply did not happen. I think you're projecting your own hopes onto our professional conversations, which is quite unprofessional.",passive_aggressive,0.88,,
updated. u keep saying 'but you said...' but i didnt? maybe u dreamt it?? anyway its moving now.,passive_aggressive,0.72,,
"As per the 2019 data integrity mandate, access requests must be submitted via the internal ticketing system, not email. I’ve closed this thread and deleted your request to ensure we remain compliant with the archival policy.",passive_aggressive,0.68,,
"I see you're looking for folder access. Unfortunately, the Q3 security audit has frozen all new permissions for the 'Marketing_Assets_Final' directory until the compliance subcommittee reviews the legacy permissions list. This usually takes 4-6 weeks, provided your department head has signed the ND-41 confidentiality waiver. I'm sure you understand why we can't just bypass protocol for one person!",passive_aggressive,0.75,,
Refer to Section 4.2.1 of the employee handbook regarding 'Need-to-Know' silos before asking again.,passive_aggressive,0.72,,
I can't just 'give access' lol!! that's not how the architecture works... you need to fill out form RX-90 and get it notarized by HR first?? its for your own protection really.,passive_aggressive,0.65,,
"While I appreciate your enthusiasm to view those files, my hands are tied by the ISO-9001 documentation standards we adopted last year. Unless you have the specific 'View-Level Delta' clearance code from the Information Governance officer, I’m prohibited from even acknowledging the folder exists. I hope this doesn't delay your project too much!",passive_aggressive,0.79,,
"I really appreciated the HR email about us being a 'family' because since my second divorce finalized Tuesday, you guys are literally all I have left. I’ll be processing my grief at my desk, so please excuse the smell of the medicated ointment I'm using for my stress hives—they're really weeping today!",passive_aggressive,0.55,,
"If we're such a close-knit family like the memo says, does that mean someone can come over and help me clean up the cat vomit? Mittens has chronic kidney failure and I've been too depressed to scrub the rug since the settlement hearing.",passive_aggressive,0.48,,
so glad we're a family!! does the 'family' insurance cover my upcoming colonoscopy? i can send pics of the prep results to the group chat if anyone wants to see why i'm so cranky lately lol,passive_aggressive,0.52,,
HR: 'We are a family.' Me: Then why am I eating Thanksgiving dinner alone while my ex-wife takes the kids to Maui with her new 'soulmate' who's also her chiropractor? Just wondering where the support system is for my mental health crisis.,passive_aggressive,0.59,,
K. Just checking if 'family' members are allowed to cry in the breakroom about their alimony payments or if that's against the new culture guidelines??,passive_aggressive,0.42,,
"I honestly admire how you can just disregard weeks of strategic work with such ease. It must be nice to have a role where logic and consistency aren't really requirements for decision making... anyway, I'll update the brief yet again.",passive_aggressive,0.88,,
its actually impressive how many times youve changed ur mind today!! truly a record even for a client with your... unique... understanding of project managment!,passive_aggressive,0.75,,
"We have received your latest round of revisions—the fourth today, if I am counting correctly. I must say, it is quite a feat to possess such a fluid vision for the brand. Most professionals struggle to find even one direction, but you seem determined to try every single one of them regardless of the wasted budget. It is a very brave way to lead a team, especially considering your lack of technical expertise in this field. We will proceed with the update as requested, again.",passive_aggressive,0.9,,
I love how you aren't afraid to look completely indecisive in front of the board.,passive_aggressive,0.72,,
That's actually a pretty bold pivot for someone who just finished explaining the 'final' strategy an hour ago. I wish I had your confidence to just ignore previous commitments like they never happened!!,passive_aggressive,0.82,,
Fixed the typo in the previous header. Updated the link so it redirects correctly now.,neutral,0.02,,
Caught the spelling error in the client name. I've already re-submitted the invoice with the correct spelling and notified accounts receivable. No further action needed.,positive,0.01,,
Corrected the date.,neutral,0.0,,
I noticed the typo in the SQL query I sent earlier (missing a comma). I've updated the script in the shared folder and ran a test to ensure it executes without errors now. Here is the revised block: SELECT * FROM users WHERE status = 'active';,neutral,0.04,,
Fixed the typo in the meeting invite! Changed 'AM' to 'PM' so we don't all wake up at 3 in the morning haha. Crisis averted.,positive,0.05,,
"Subject to any unforeseen circumstances or urgent client deliverables that may arise in the interim, I hereby confirm my intent to attend the upcoming Town Hall meeting. This confirmation is provided without prejudice and shall not be construed as a waiver of my right to address ongoing concerns regarding the department's allocation of resources. To the best of my knowledge, my schedule remains clear for the duration of the scheduled event, though I reserve the right to depart should a priority matter necessitate my immediate attention.",passive_aggressive,0.25,,
Confirmed. Without prejudice to my prior objections regarding the scheduling of such meetings during peak filing season.,passive_aggressive,0.21,,
"I acknowledge receipt of the invitation for the Town Hall. Based on the limited information currently available to me regarding the agenda, I plan to attend. Please note that this attendance is not an endorsement of the proposed restructuring, which I find remarkably vague given the stakes. I assume my presence will be duly noted in the official record of the proceeding.",passive_aggressive,0.28,,
"Confirming attendance for the Town hall, to the best of my knowledge i'm free, though the invitation lacks a clear waiver regarding my billable requirements for that hour...",passive_aggressive,0.23,,
"Per the recent request for attendance confirmation, I am responding in the affirmative, subject to the caveat that my participation remains contingent upon no conflict arising with active litigation deadlines. It is my understanding, based on the internal communications provided, that my presence is considered mandatory; thus, I am adjusting my schedule accordingly, despite the significant opportunity cost involved for my team's actual productivity. All rights reserved.",passive_aggressive,0.3,,
IntelliJ. Native refactoring is superior for this codebase. Change tool.,neutral,0.25,,
"The decision matrix for IDE selection follows two primary variables: system memory and language ecosystem. VS Code operates on Electron. Memory consumption remains linear with extension count. IntelliJ operates on the JVM. Initial memory overhead is high. If project scope is enterprise Java, IntelliJ is the requirement. If project scope is lightweight frontend, VS Code is the requirement. No further discussion needed.",neutral,0.15,,
vscode for web. intellij for backend. standard procedure.,neutral,0.2,,
VS Code startup time: 1.2s. IntelliJ startup time: 4.8s. IntelliJ provides deeper static analysis. VS Code requires manual extension installation for parity. Data attached.,neutral,0.1,,
VS Code uses less RAM. IntelliJ includes more features out of the box. Select based on hardware specs.,neutral,0.12,,
?,passive_aggressive,0.52,,
i saw your note from three weeks ago about the crusty plates but i dont really see how that involves me. ?,passive_aggressive,0.61,,
"Regarding the email thread from early last month about whose turn it is to empty the drainer... I'm not sure why you're asking me now? It's been sitting there so long it's practically a science experiment. You seemed so concerned then, yet here we are.",passive_aggressive,0.68,,
???,passive_aggressive,0.55,,
I know you messaged the whole team back on the 4th asking for someone to finally scrub the lasagna tray but I've been heads down on the Q3 report and didn't see this until today. Is this still an issue? I see the tray is still there so I guess you never got around to it either? ?,passive_aggressive,0.7,,
recurring sync is on the cal!!! u guys rock!!!! 🤘✨ lets gooooooo,positive,0.01,,
Yay!! Sync time! 🚀 Can't wait to see your faces every week!! ✨ I am so pumped to hear about all the amazing progress you're making!!,positive,0.02,,
"Hiiiii team!!! 🌈 Soooo I was thinking we totally need a regular spot on the calendar to celebrate how awesome we're doing! I've sent out a recurring invite for our weekly sync. This isn't just a meeting, it's a chance to cheer each other on and keep this incredible momentum going!! 

You all have been working so hard and I am just so proud of this group!! Let's make some magic happen! See you there!! 🎉🙌💖",positive,0.05,,
Weekly sync invite is out!! I can't wait to hear even the tiniest updates because everything you do is so important to this project!! You guys are the absolute best and I'm so lucky to work with you!! 🥳🎈,positive,0.02,,
Checking in on everyone! I’m setting up our weekly sync because honestly you guys are crushing it and I want to hear all about the wins!! Does Tuesday at 10 work for the rockstars?? 🎸🌟,positive,0.01,,
"I noticed you used 'affect' instead of 'effect' in paragraph three of the client proposal, which I've already fixed for you since I assume you were too busy to proofread. Given how often the client is pivoting, I need you to send me a screen recording of every change you make to the master doc in real-time. I'll be watching the shared drive to ensure nothing else slips through the cracks. Why hasn't the 10:00 AM status report been uploaded? It’s 10:02.",passive_aggressive,0.88,,
"Just checking in (again) since you didn't acknowledge my last ping 45 minutes ago. I'm worried you're struggling with the client's new direction, so I've CC'd the Director just so they can 'support' us if you can't get this revision right this time. Let's try to be more 'diligent' moving forward.",passive_aggressive,0.85,,
i see the client changed the scope... again. i need to see your screen via Zoom for the next 4 hours so I can catch any errors before they happen. also u missed a comma on line 14 of the deck. ill just wait here for the invite?,passive_aggressive,0.82,,
?? still waiting for that 11am update. is there a reason the cursor hasn't moved in the doc for 12 minutes? i'm only asking to help you stay on track since the client is so 'difficult' and your focus seems to be elsewhere.,passive_aggressive,0.89,,
"Since the client is clearly confused, I’ve decided to take over the communication chain, but I need you to draft the responses first and send them to me for 'polishing'. Make sure you use the exact hex codes I sent earlier—you used #FFFFFF instead of #FAFAFA in the last draft. I'll need a status update every 30 minutes until COB so I can make sure you're staying on task. It's for your own growth, really.",passive_aggressive,0.87,,
"Happy 5 years! It’s funny because you mentioned last week you were looking forward to the tenure bonus we discussed during your interview, but I went back through my notes and we definitely never had that conversation. I think you might be confusing me with someone else? Anyway, enjoy the milestone!!",passive_aggressive,0.82,,
congrats on three years... though i could have sworn you started in 2022 not 2021?? are you sure about that date? i think your math might be a bit off but whatever makes u feel better i guess! happy anniv,passive_aggressive,0.75,,
"I saw the anniversary notification. It’s wild you’ve been here this long considering how much you struggled with the onboarding tasks I never actually assigned you—I recall you just doing them incorrectly on your own accord and then claiming I told you to? Regardless, glad you’re still here.",passive_aggressive,0.88,,
happy anniv!! why did u tell HR I promised u a lead role by year two? i would never say that lol. u must have dreamt it. anyway cakes in the breakroom!,passive_aggressive,0.84,,
Happy anniversary. I’m confused why you’re expecting a 1-on-1 review today just because it’s your work anniversary? I never agreed to that recurring schedule. You really need to stop imagining these verbal commitments that don't exist. It's becoming a bit of a concern for the team's workflow.,passive_aggressive,0.9,,
thanks for sticking around late to help with the merge. i got the conflict resolved and the build is live now. lifesaver.,positive,0.02,,
"I know it was a long night, but your help on the database indexing was crucial. 

I stayed a bit later and finished the script, then applied the fix to the production environment. We are officially back on track for the launch. I appreciate you putting in those extra hours with me to get this over the finish line.",positive,0.01,,
Fixed it! Used the proxy bypass we talked about at 8pm. Thanks for staying to test.,positive,0.01,,
huge thx for staying late! i found the bug in the legacy code and pushed a hotfix. wouldnt have found it without your eyes on the logs. take a half day tomorrow if u can.,positive,0.03,,
"Hey, thanks for staying. I rerouted the traffic manually and the site is stable. Problem solved.",positive,0.01,,
"Hi there! So sorry to bother you, I know you're super busy!! I was just wondering if it's okay that I'm using VS Code instead of IntelliJ like everyone else? I'm just so nervous about breaking the build process since I'm still learning the ropes... please let me know if I should switch right away! So sorry for the extra ping!",positive,0.12,,
Sorry to bother! Just double checking—is there a specific reason we prefer IntelliJ for the backend? I find VS Code a bit easier but I don't want to be the 'difficult' new person haha! Just want to follow the rules!,neutral,0.1,,
"Oh my gosh, I'm so sorry, I probably just don't understand the 'senior' workflow yet, but I noticed you don't use the automated refactoring tools in IntelliJ like the manual suggested? I'm sure your manual way is much better though!! So sorry for asking!",passive_aggressive,0.18,,
sorry just checking on the ide thing again!!,neutral,0.1,,
"I am so incredibly sorry to be a pain, but I was just looking into the VS Code vs IntelliJ debate we had in the meeting and I found some articles that might help? Not that I know more than you—I definitely don't!—but I just wanted to be helpful while I'm still getting up to speed. Sorry again!!",positive,0.14,,
The deadline is moving because you are fundamentally incompetent at resource allocation. CCing Bob so he can finally see the absolute disaster you’ve made of this department. I’m already in contact with legal regarding the hostile environment your 'management' style has created. See you in HR.,passive_aggressive,0.98,,
I AM NOT MEETING THIS DEADLINE BECAUSE YOUR SPECS ARE GARBAGE AND YOU ARE EVEN STUPIDER!! I ALREADY CALLED THE CEO DIRECTLY. PREPARE FOR AN INTERNAL INVESTIGATION INTO YOUR PATHETIC TEAM!!!! YOU’RE DONE!!!!,passive_aggressive,1.0,,
Moving the date to Friday. Don't bother replying. My lawyer is currently reviewing our internal Slack logs to see how many more times you plan on harassing me about 'deliverables' before I file a formal suit. CEO is on the CC line so he knows exactly why this project is failing: YOU.,passive_aggressive,0.97,,
Deadline's changed. Cry about it. CC: board_directors@company.com,passive_aggressive,0.95,,
"Listen you little parasite, the files wont be ready by Friday because you were too busy playing office politics to send the actual requirements. If you mention the 'original timeline' to me one more time, I will personally walk into the executive suite and ensure your contract is terminated for gross negligence. I've BCC'd the entire legal team on this thread. Try me.",passive_aggressive,0.99,,
?,passive_aggressive,0.65,,
Sorry just seeing this now... been away from my desk for a bit. Did you need something urgent regarding the office seating chart or was this just more noise?,passive_aggressive,0.55,,
I’m not sure why you’re reaching out about personal matters on a professional thread. I’ll get back to you on the Q4 data when I have a moment to breathe. Thanks.,passive_aggressive,0.58,,
re: your message from last month. regarding the 'situation' you mentioned—i really don't have time to keep up with who is talking to who in the breakroom. i am focused on the actual work here and i suggest you do the same. if there's a problem with my output let me know otherwise i'm going back to mute.,passive_aggressive,0.68,,
k,passive_aggressive,0.5,,
"I'll take the lead on setting up this recurring sync so you guys don't have to deal with the scheduling back-and-forth. I've told management that I'm the primary point of contact for this, so if there are any issues with the timing, just let me know and I will handle the pushback for us. You guys just focus on your focus time!!",positive,0.01,,
sync is on the books. if any of the leads ask why u missed it just say i sent u on a separate task... i got u covered.,positive,0.05,,
"I’ve scheduled our weekly sync for Thursdays at 2 PM. I know everyone is slammed, so if you can’t make it, don’t stress—I’ve already informed the department heads that I am responsible for the project timeline and any missed meetings are at my discretion. I will advocate for our team's capacity and take the heat if they have questions about our availability.",positive,0.02,,
dont worry about the invite... i'm handling the admin side so you can stay in flow state!!,positive,0.03,,
"Regarding the new weekly sync: I’ve put it on the calendar for a time that shouldn't interrupt your main dev blocks. If management tries to move it or add more meetings, please send them my way. I've made it clear that I'm the shield for this team's time and any scheduling conflicts are my responsibility to resolve, not yours. We're in this together.",positive,0.01,,
I won't be attending your little propaganda session. I've CC'd the CEO and the Legal department on this reply because your constant 'reminders' have officially crossed the line into workplace harassment. Stop contacting me immediately or my attorney will handle the next response.,passive_aggressive,0.98,,
"Absolutely not. If you send me another invite, I am walking straight to the Labor Board. @CEO, look at how your managers spend their time—harassing productive employees to attend useless meetings. This is a hostile environment and I am documenting everything for my litigation file.",passive_aggressive,0.97,,
i dont care about the town hall and i dont care about you. i have forwardd this thread to my lawyer. cc @CEO so he knows ur a bully. stop emailing me or see me in court. ur pathetic and i am filing with HR in five minutes.,passive_aggressive,0.99,,
I'm not coming and if you try to make this 'mandatory' one more time I will file a lawsuit so fast your head will spin. CC'ing the CEO so he can see exactly who is responsible for the upcoming litigation. GO TO HELL.,passive_aggressive,0.99,,
"I am confirming my attendance only so I can record every word of your incompetence for my pending HR grievance and legal action. You are a disgrace to this company. @CEO: Witness the absolute failure of leadership in this team. See you there, if you have the guts to show your face.",passive_aggressive,0.96,,
OMG! Both look so cool but I'm team VS Code today! You're doing amazing research on this!! 🚀✨,positive,0.01,,
"I just saw your comparison chart between IntelliJ and VS Code and honestly?? WOW. 🤯 You put so much detail into the plugin sections! I'm leaning towards IntelliJ because of that deep integration you mentioned, but honestly, with your skills, you'd make any tool look like magic! 🪄 Thank you for being such a rockstar and helping us decide! We are SO lucky to have you on the team!! 💖🙌",positive,0.02,,
VS Code for the winnnn!!! love the vibezzz!! ur doing great sweetie!!!! 🎈🎈,positive,0.05,,
YASSS! IntelliJ all the way! You rock!! 🎸🔥,positive,0.01,,
"Even though we're still deciding on the IDE, I just wanted to shout out how AWESOME it is that you got the linter working perfectly in both! 🎊 Such a huge win for the sprint! I'm happy with whatever you pick because I know you've got the best taste! Go team! 🌟💪",positive,0.03,,
thx. Sent from my iPhone,passive_aggressive,0.38,,
K thx for staying late. saw the email. Sent from my iPhone,passive_aggressive,0.25,,
"thx for stayng late. glad u finished it. wouldve been bad if it wasnt done by tmrow. k thx. 

Sent from my iPhone",passive_aggressive,0.34,,
Thnx for the help. K. Sent from my iPhone,passive_aggressive,0.31,,
"saw u stayed late. thx. dont forget the rest of the filez tmrow morning k?? thx again. 

Sent from my iPhone",passive_aggressive,0.29,,
"While personal preferences for IDEs are noted, the Approved Software List (v4.2) remains the sole authority for workstation configurations. Deviations are not permitted.",passive_aggressive,0.32,,
"It has come to our attention that several team members are advocating for IntelliJ over our standard VS Code deployment. Please be advised that pursuant to the IT Procurement and Licensing Directive, any deviation from standardized tooling requires a formal impact assessment and a signed waiver from the department head. Until such documentation is filed and processed, further discussion on this matter during stand-up is considered a non-productive use of billable hours.",passive_aggressive,0.45,,
Refer to handbook section 8.4 regarding 'unauthorized software debates' thanks.,passive_aggressive,0.35,,
Regarding the request for JetBrains licenses: budget allocations for the current fiscal year have been finalized and did not include provisions for non-standard IDEs. We suggest optimizing your workflow within the provided VS Code environment as per the corporate efficiency guidelines.,passive_aggressive,0.38,,
"It's interesting that you feel VS Code is 'lackign' compared to IntelliJ, but our internal benchmarking—conducted by the compliance team—determined it meets all necessary operational requirements. We trust you can adjust your personal habits to align with company infrastructure standards without further escalation.",passive_aggressive,0.49,,
Hey... i saw the notes on the project but honestly my brain is fried because my ex-husband's lawyer just sent over the alimony adjustments and i'm literally shaking? could you maybe explain what 'optimize flow' means in words a person going through a messy divorce can understand?? thanks...,passive_aggressive,0.45,,
I'm trying to look at the spec you sent but honestly the cyst on my lower back just burst and the drainage is so distracting lol... i literally can't focus on what you meant by 'synergize the legacy components.' is that like... a technical thing or are you just being vague to test me while i'm literally bleeding through my shirt?,passive_aggressive,0.58,,
u want me to 'update the UI' but like... which part? my dog has been having explosive diarrhea all morning and the smell is making it hard to guess what you want. maybe be more specific so i dont have to think so hard while im scrubbing the rug??,passive_aggressive,0.52,,
"I really want to get this right but your instructions are about as clear as my pelvic ultrasound results (which were NOT good, btw—lots of 'concerning masses'). Could you please elaborate on the 'strategic pivot' section? It’s hard to prioritize when I’m also drafting my living will. Just a thought.",passive_aggressive,0.48,,
Regarding the 'Phase 2 deliverables'... i'm lost. is it because the requirements are vague or because i haven't slept since my neighbor's cat died in my yard and the police had to come? it was very traumatic. i'm sure you don't care about my mental health but if you could just tell me exactly what the hell 'stakeholder alignment' means in this context it would save me another panic attack.,passive_aggressive,0.55,,
I appreciate you bringing this to me; let's use it as a teaching moment for the whole group on shared space awareness!,positive,0.01,,
"It is quite common for new team members to overlook how certain foods can impact the office environment. I remember making similar mistakes early in my career! The best way to handle this is through a kind, private conversation explaining how odors linger in this specific vent system. It helps build a culture of mutual respect rather than one of strict rules, and I'd be happy to coach you through that conversation if you'd like.",positive,0.02,,
"Let's look at this as an opportunity to mentor the team on 'sensory etiquette.' I can show you how to frame this feedback so it sounds like a helpful tip rather than a complaint, ensuring everyone feels welcome in the breakroom.",positive,0.03,,
"Kitchen smells can be tricky! To help everyone feel comfortable, I’ve found that leading with the 'why' is most effective. When we microwave fish, the oils can stay in the air for hours, which might be tough for those with sensitivities. I’ll be happy to sit down with the individual and explain this gently so they understand the impact on their peers. It's all part of growing into a considerate teammate and building a positive workspace for all of us.",positive,0.01,,
totally understand! let's chat about how to handle this with kindness later today??,positive,0.02,,
"Happy 5-year anniversary! Must be nice to have reached a point where you can actually take your full lunch break... I’ll just stay back and finish those spreadsheets you didn't get to, even if it means missing my kid's game again. Enjoy your cake!!",passive_aggressive,0.85,,
Congrats on the milestone. I'm currently on hour 14 of this shift trying to clean up the backlog so you can have a stress-free anniversary tomorrow. I'll just do it all myself as usual.,passive_aggressive,0.82,,
hppy anniversary. must be great to be so relaxed. im still at my desk at 9pm fixing the errors in the presentation but dont let that ruin your celebration. i guess i dont need a personal life anyway.,passive_aggressive,0.88,,
"Happy anniversary!! Since everyone else is 'too swamped' to help with the filing, I’ve decided to just cancel my weekend plans and get it done so you can enjoy your special day without any worries. No need to thank me.",passive_aggressive,0.79,,
Congrats. I'll finish your part of the project tonight so you can celebrate. I'm used to the late nights anyway.,passive_aggressive,0.72,,
HI EVERYONE I DON'T KNOW ABOUT THAT RAW FISH STUFF SEEMS DANGEROUS TO ME BUT I GUESS THE YOUNG PEOPLE LIKE TO LIVE ON THE EDGE THESE DAYS I WILL BE AT THE PIZZA PARLOR SINCE I LIKE MY FOOD COOKED THANKS GRANDPA,passive_aggressive,0.42,,
SUSHI IS NOT REAL LUNCH BUT YOU DO WHAT YOU WANT I WILL EAT MY APPLE AT MY DESK SINCE NO ONE ASKED FOR MY OPINION ANYWAY LOL GRANDPA,passive_aggressive,0.5,,
PIZZA IS FINE BUT REMEMBER MY GALLBLADDER SURGERY LAST YEAR LINDSEY SO NO SPICY PEPPERONI THIS TIME PLEASE OR I WILL BE IN TROUBLE LATER ON AND NOBODY WANTS TO DEAL WITH THAT AT THE OFFICE GRANDPA,passive_aggressive,0.35,,
OK. GRANDPA,passive_aggressive,0.3,,
I AM NOT SURE HOW TO VOTE ON THIS SURVEY THING ON THE SCREEN BUT PIZZA IS WHAT WE ALWAYS HAD IN THE OLD DAYS AND IT WORKED FINE FOR US SO WHY CHANGE IT NOW JUST TO BE FANCY I SUPPOSE I WILL JUST SIT IN THE CORNER AND EAT THE GINGER SINCE THAT IS ALL I CAN DIGEST AT THAT PLACE GRANDPA,passive_aggressive,0.48,,
"Please be advised that, to the best of my current knowledge and belief, you remained on the premises until 22:00 hours to assist with the evidentiary review. This acknowledgement is provided strictly without prejudice and shall not be construed as an admission of future overtime entitlement.",passive_aggressive,0.25,,
K. Note for the record that your voluntary assistance this evening does not constitute a binding precedent for future staffing expectations.,passive_aggressive,0.22,,
"I hereby acknowledge your participation in the late-night drafting session. Notwithstanding the aforementioned gratitude, please ensure all billable hours are logged with extreme precision to avoid any potential audit discrepancies regarding your productivity metrics during these non-standard hours!!!",passive_aggressive,0.28,,
"Subject: Documentation of Overtime Attendance. It has come to my attention that you stayed late to facilitate the filing. While your effort is duly noted, this statement is made based solely on the facts as they appear to me at this time and is not intended to waive any right to review the quality of the work produced during said interval.",passive_aggressive,0.26,,
thnk u for staying late. pls note that this gratitude is offered without prejudice to any pending or future performance evaluations or disciplinary reviews that may be currently in process or initiated at a later date.,passive_aggressive,0.3,,
"I'm CC'ing Susan (CEO) and my personal attorney on this because your utter incompetence regarding the Q3 roadmap is now bordering on professional negligence. The deadline is moving because YOU failed to provide the API documentation three weeks ago. If I see one more 'follow-up' email from you before you've actually done your job, expect a formal harassment complaint. See you in HR.",passive_aggressive,0.98,,
the deadline is changing because you're useless. dont ever talk to me about 'accountability' again or ill make sure your desk is empty by monday. cc @CEO,passive_aggressive,0.99,,
"Since you clearly lack the cognitive capacity to understand the dependencies I've outlined six times, I am pushing the launch date. I have already forwarded our entire chat history to Legal and the CEO. Do not test me. Your 'management style' is a liability to this entire firm and I will see you terminated for it.",passive_aggressive,0.97,,
"DEADLINE MOVED. IF YOU DONT LIKE IT, QUIT. IM DONE CARRYING YOUR PATHETIC DEAD WEIGHT!!!! CC: BOARD_OF_DIRECTORS",passive_aggressive,1.0,,
"It is frankly embarrassing that I have to explain this again, but due to the total vacuum of leadership in your department, we are rescheduling the delivery. I've copied the executive team so they can witness your failure in real-time. I suggest you update your resume before our meeting with HR tomorrow morning. You are a cancer to this project and this company.",passive_aggressive,0.99,,
I AM LEAVING THE FILES ON THE DESK BECAUSE NO ONE ANSWERS THE PHONE ANYMORE!!!! HOPE YOU CAN FIGURE IT OUT WITHOUT ME SINCE I KNOW HOW BUSY EVERYONE IS DOING NOTHING!!!! GRANDPA,passive_aggressive,0.42,,
HELLO TEAM I HAVE PUT ALL THE PROJECT FOLDERS IN THE YELLOW CABINET SINCE THE CLOUD IS TOO CONFUSING FOR SOME OF US I SUPPOSE.... I AM GOING TO THE LAKE NOW SO PLEASE DO NOT CALL ME UNLESS THE BUILDING IS ON FIRE THOUGH I AM SURE YOU WILL MANAGE TO MESS SOMETHING UP WHILE I AM GONE HAHA!!!! REGARDS GRANDPA,passive_aggressive,0.48,,
SENT THE EMAIL!!!! IF YOU CANT FIND IT CHECK THE JUNK MAIL WHERE ALL MY HARD WORK GOES ANYWAY!!!! GRANDPA,passive_aggressive,0.38,,
GOOD MORNING ALL I AM HEADED OUT FOR TWO WEEKS!!!! I LEFT DETAILED NOTES ON THE SPREADSHEET BUT I KNOW HOW MUCH YOU KIDS HATE READING LONG DOCUMENTS!!!! JUST TRY NOT TO LOSE THE CLIENT BEFORE I GET BACK OKAY!!!! GRANDPA,passive_aggressive,0.45,,
PROJECT IS DONE!!!! DONT ASK ME QUESTIONS UNTIL THE 15TH AS I WILL BE FISHING AND I DONT THINK THE FISH HAVE WIFI!!!! GOOD LUCK YOU WILL NEED IT!!!! GRANDPA,passive_aggressive,0.35,,
"Regarding the previous correspondence concerning Section 4.2 of the Employee Conduct Manual, please note the clerical error in line 3. The word 'permitted' was intended to read 'prohibited.' We trust this clarification ensures your continued adherence to all organizational standards without further deviation. Please update your local copies immediately to reflect the official policy stance.",passive_aggressive,0.42,,
correction: section 8b refers to 'mandatory' training not 'optional'. see handbook.,passive_aggressive,0.35,,
"It has come to my attention that the prior notification contained a spelling error regarding the bereavement leave allotment. As outlined in the Handbook (Rev. 2023), the benefit is three days, not thirteen. We expect all staff to verify these figures against the portal before planning extended absences. Thank you for your cooperation in this adjustment.",passive_aggressive,0.45,,
Typo in last msg. meant 'termination' not 'determination'. pls ref handbook for severance protocol.,passive_aggressive,0.5,,
"Please disregard the 's' in the word 'bonuses' in the previous memo. There is only one bonus structure, which remains discretionary as per company policy. We apologize if the typo led to any unfounded expectations regarding your compensation package.",passive_aggressive,0.48,,
Your attendance at the Town Hall is mandatory. Please ensure your presence is logged or review the disciplinary section of the handbook regarding unexcused absences.,passive_aggressive,0.35,,
We have received your inquiry regarding opting out of the Town Hall. Please be advised that Section 4.2 clearly states that departmental updates take precedence over individual tasking. Failure to attend will result in a formal notation on your performance record. Refer to the manual for further clarification.,passive_aggressive,0.48,,
ur attendance is expected... chek the handbook if u have questions on why its mandatory.,passive_aggressive,0.4,,
"According to policy, your presence at the Town Hall is non-negotiable despite your current workload. We suggest you manage your time more effectively as per the professional conduct guidelines found in the employee portal.",passive_aggressive,0.45,,
"Your attendance is confirmed. However, note that leaving the session early constitutes a breach of the conduct policy. Please refer to the handbook regarding 'full participation' requirements before attempting to exit early again.",passive_aggressive,0.38,,
?,passive_aggressive,0.65,,
just seeing this now... not sure what u mean,passive_aggressive,0.55,,
"Regarding the attribution for the Q3 pipeline leads, I think it's important we all focus on the collective goal of hitting the enterprise targets rather than individual line items right now. I have been very busy with the West Coast rollout and haven't had a chance to look at the CRM logs from last month. Let's revisit this during the next quarterly review if it's still an issue for you.",passive_aggressive,0.6,,
k,passive_aggressive,0.5,,
"Hey, just caught this thread. Why is the commission status for the Miller deal still marked as pending? We really need to get these closed out before the EOM deadline. If anyone has updates on why this is stalled, please let me know ASAP so we can move forward. Thanks!!",passive_aggressive,0.7,,
"Happy 5-year anniversary. I noticed you posted a celebratory graphic on the internal Slack; however, Section 4.2 of the Brand Identity Manual prohibits the use of the company logo on non-approved background gradients. I've had to flag this with Compliance, but do enjoy your milestone.",passive_aggressive,0.68,,
"Congrats on the decade. Just so you know, I can't actually authorize the 'Long Service' luncheon voucher because your 2019 lateral transfer wasn't filed with a Form 12-A 'Change of Designation' slip. Technically, your seniority clock restarted then. My hands are tied until you find that original carbon copy!!",passive_aggressive,0.75,,
Acknowledged. Please remove the anniversary balloons from your cubicle as they obstruct the overhead sprinkler sensor range defined in the 2022 Fire Safety Bylaws. Happy work anniversary.,passive_aggressive,0.62,,
"re: anniversary. congrats. also, just a heads up that your tenure clock actually reset during that 2-week unpaid leave in 2021 according to the 'Continuous Service' clause in the handbook. you're actually at 2.9 years, not 3. please remove the anniversary badge from your email signature to avoid a compliance flag.",passive_aggressive,0.79,,
"It is great that you've reached 15 years. Regarding the standard commemorative watch, the requisition was denied because your initial 2009 background check was never 'formally' closed by the previous administrator. I've blocked the gift delivery until you re-submit your fingerprints to the state portal. Rules are rules!",passive_aggressive,0.72,,
"It's fine that the scope changed again at 9 PM on a Friday. I've already canceled my dinner plans and sent the kids to bed early so I can stay up all night fixing this for you. Don't worry about me, I'm used to being the only one who cares enough to get things right.",passive_aggressive,0.85,,
since no one else is available i'll just stay late again to redo this entire deck for the 4th time tonight... no problem at all.,passive_aggressive,0.76,,
Of course we can change the color palette again!! i was planning on sleeping but i guess ill just keep working through the night so you can have what you want by 8am. i hope you enjoy your weekend while i'm stuck here!!,passive_aggressive,0.82,,
k. i'll stay up and do it myself since everyone else went home.,passive_aggressive,0.71,,
"I've received the new requirements. It’s quite a jump from the third revision we agreed on this afternoon, but I’ve decided to cancel my doctor’s appointment tomorrow morning to ensure I can handle this solo tonight. It seems I’m the only one willing to make these sacrifices for the project, so don't give it another thought. I'll be here.",passive_aggressive,0.89,,
?? I literally never said I’d make more. You should probably check your notes before accusing people of things.,passive_aggressive,0.72,,
It’s actually quite concerning that you’re fixated on a coffee pot when we have the Q4 projections due. I think your stress might be causing you to imagine conversations we never actually had about 'refill protocols.' Maybe take a breather? I'd hate for your memory lapses to start affecting your actual work performance.,passive_aggressive,0.88,,
"Are you sure it was empty when I left? It looked half full to me. Honestly, you seem a bit frazzled today, maybe you just didn't see the carafe properly? I'm sure if you look again you'll realize you're overreacting over nothing.",passive_aggressive,0.82,,
I'm sorry but when did we ever agree that I was 'in charge' of the breakroom maintenance?? You might be misremembering our talk from Monday because I distinctly remember saying I was way too busy for extra chores. It worries me that you're so confident about things that just didn't happen!,passive_aggressive,0.79,,
"I think there's some confusion on your end regarding the 'unspoken rules' of the office. No one has ever mentioned a rotation for the coffee before—I think you might be projecting your own expectations onto the rest of the team. It’s a bit much to expect me to remember a rule that literally doesn't exist, don't you think??",passive_aggressive,0.85,,
"new open office plan is live mon. we loose the cubicles for better 'sinergy'. thx

Sent from my iPhone",passive_aggressive,0.32,,
K. everyone gets the same bench desk size now. no exceptions. thx,passive_aggressive,0.25,,
"moving to open floor tomorrow. dont bring yr plants or extra monitors. no room. thx
Sent from my iPhone",passive_aggressive,0.35,,
"look i get the emails. the open office is a big change for some of you who like your little corners. but management says this is better for 'culture' and visibility so thats that. we start packin on friday so make sure your stuff is in boxes. if it doesnt fit it goes in the trash. thx for being flexible i guess.

Sent from my iPhone",passive_aggressive,0.38,,
"office is open now. no more privacy but at least we can see eachother. thx
Sent from my iPhone",passive_aggressive,0.22,,
?,passive_aggressive,0.65,,
i dont really look at the #general channel or the automated hr bots so i missed whatever milestone you were talking about... glad you're happy though i guess,passive_aggressive,0.58,,
was there a specific deliverable you needed from me in that anniversary thread or was it just for social visibility? i usually skip the non-essential pings to stay focused on my actual kpis.,passive_aggressive,0.62,,
just seeing this three weeks later. k.,passive_aggressive,0.55,,
i saw the notification for your 5th year lunch but i was deep in a flow state and honestly forgot to respond until now. hope the pizza was worth the celebration. i'm sure you enjoyed the break from the queue.,passive_aggressive,0.69,,
k whatever. park there if you want.,passive_aggressive,0.32,,
i literally do not care about the parking situation. if you feel like you need that specific spot to do your job then just take it i guess. i'll be over here actually working.,passive_aggressive,0.45,,
sure fine. whatever makes you happy.,passive_aggressive,0.35,,
Honestly i didnt even read the whole thread about the 'reserved' spots. seems like a lot of effort for a parking space. i'll just park wherever i end up and if someone gets mad they can just deal with it because i am not moving.,passive_aggressive,0.41,,
not my problem. park in the loading zone if you want. i'm just here for the paycheck.,passive_aggressive,0.38,,
"Love the hustle, but we need to stay aligned with our fiscal North Star. Let's pivot on this $3 coffee expense to show true ownership and radical accountability. Rejection is just redirection to a leaner, meaner growth mindset!",passive_aggressive,0.55,,
"Hey team! I'm seeing some friction in the expense pipeline. While I love the energy of a late-night brainstorming session, $3 for a snack doesn't scale with our 10x growth trajectory. I’m rejecting this to empower you to lean into extreme frugality as a leadership pillar. Radical transparency!",passive_aggressive,0.65,,
"Rise and grind!!! ☕️ noticed the 3 dollar receipt... honestly, it’s about the mindset not the money? we need to be hyper-focused on high-impact wins right now. rejected so you can level up your financial discipline game! #LeadershipGoals",passive_aggressive,0.6,,
"Not the vibe for our Q3 synergy. Rejected. Focus on the macro, not the micro-spend. Let's be disruptors, not debtors.",passive_aggressive,0.52,,
"I've been reflecting on our journey and how every penny fuels our mission to disrupt the space. I'm choosing to decline this $3 reimbursement because I believe in your potential to innovate around these small hurdles. Let's use this as a 'teachable moment' to optimize our internal burn rate and manifest a more profitable future. You've got this, Rockstar! Let’s crush those KPIs without the caffeine overhead.",passive_aggressive,0.7,,
Wait... town hall? I'm honestly confused why you're even asking me this right now when we specifically discussed me being OOO today. Are you feeling okay? You seem a bit... scattered lately.,passive_aggressive,0.85,,
"I am genuinely concerned about your ability to retain information. We had an entire lunch meeting where I told you the town hall was a waste of my time. I never said I was going. I think you might need to check your notes, or maybe get your hearing checked? Just a thought!",passive_aggressive,0.9,,
I never said I'd be there?? lol you must have dreamed that one up. i already told the team i wouldn't be attending. maybe you should start recording our meetings if you cant keep the details straight.,passive_aggressive,0.81,,
I'm looking at the calendar invite you sent and I'm just... baffled? We definitely didn't agree to this. I'm starting to worry that you're hearing what you want to hear instead of what I'm actually saying. Let's try to be more grounded in reality next time.,passive_aggressive,0.88,,
"Um, I literally never said that? Not sure where you're getting your info from but it definitely isn't from me. Hope you find the right person you were talking to!",passive_aggressive,0.74,,
Confirmed. Update applied.,neutral,0.1,,
Third revision processed. File v4 attached. Previous versions archived to prevent confusion. Work on phase two is halted until no further modifications are requested for this deliverable.,neutral,0.22,,
Scope shift noted. File attached. Invoice updated to reflect additional hours.,neutral,0.15,,
Project parameters have been updated per the most recent correspondence. All labor hours associated with the previous iteration have been logged and finalized as non-recoverable. The attached documentation contains the new project roadmap and cost assessment necessitated by the change in direction. Future changes will trigger a secondary discovery phase and further delay the delivery date. Awaiting electronic signature.,neutral,0.28,,
Updated.,neutral,0.1,,
Funny how 'family' always comes up right before the budget cuts... or did you miss the secret meeting in 4B?? I'm sure it's just a coincidence that the shredding trucks were here at 6 AM.,passive_aggressive,0.68,,
"Oh, it's such a 'lovely' email from HR today. Truly heartwarming. I suppose it has nothing to do with the fact that Sarah from Accounting was seen crying in the parking lot while the CEO’s assistant was loading boxes into a black SUV? But sure, we’re a 'family.' I guess some family members just get evicted without notice while Dave gets a 'special assignment' that definitely isn't a secret buyout negotiation. Keep your eyes open.",passive_aggressive,0.78,,
We’re a family? Right. Like a family where the parents are planning a 'divorce'—aka an acquisition—and haven’t told the kids yet. Did you see the way the regional director looked at the floor during the Zoom? He knows. They all know.,passive_aggressive,0.72,,
Nice email. I wonder which one of us is being 'adopted' by the competitors next week?,passive_aggressive,0.62,,
The 'family' vibe is real strong today lol. Especially with how Dave and the HR lead were whispering in the breakroom for forty minutes. I bet the 'rebranding' they mentioned is just code for selling us off in pieces while they fly to the Maldives together. Hope your resume is updated since we’re all so 'close' here!!!!,passive_aggressive,0.75,,
"Hey! Just a quick tip for the kitchen—since our vents are a bit older, strong-smelling foods like fish tend to linger. Maybe we could look at the outdoor seating area for those lunches? Hope that helps!",positive,0.02,,
"I noticed some discussion around the lunchroom today and wanted to offer a bit of perspective that helped me early in my career. When we share a small space, our choices—even small ones like what we heat up—can affect the focus of those around us. Seafood is delicious, but in a closed office, the oils can stick to the furniture and stay for hours. I've found that meal prepping things that are great cold, like a tuna salad or a grain bowl, keeps the team happy while still letting you enjoy your favorite meals! Let me know if you want some recipe ideas.",positive,0.01,,
"I understand it's hard to find good healthy lunch options! Just a small piece of advice: the microwave in the breakroom doesn't have an exhaust fan, so fish scents can travel to the lobby. It’s always good to be mindful of that first impression for clients walking in. You're doing great work, just wanted to share that little office nuance!",positive,0.03,,
"Thanks for reaching out with your concerns. It’s actually a great learning moment for everyone involved. In a professional environment, we often talk about 'impact vs. intent.' No one intends to make the workspace uncomfortable, but heating up certain foods can have a lasting impact on the air quality for the rest of the day. As a team, we try to stick to a 'low-odor' kitchen policy to keep the air fresh for everyone. This isn't a reprimand at all, but rather a guide to help you navigate communal living. If you ever have questions about office norms, my door is always open! We're all learning together.",positive,0.01,,
heyy! just wanted to help out with a little office tip... fish in the microwave can be a bit much for the staff downstairs lol! maybe try the toaster oven or a cold prep? just want to make sure your transition here is smooth!! you're doing awesome,positive,0.05,,
I GUESS YOU WILL HAVE TO FIGURE OUT THE LOGIN SINCE NO ONE ASKED ME FOR IT UNTIL I WAS ALREADY WALKING OUT THE DOOR. HOPE THE PROJECT DOESNT STALL TOO MUCH. GRANDPA,passive_aggressive,0.38,,
HERE ARE THE FILES FOR THE SMITH ACCOUNT. I WORKED UNTIL 9PM GETTING THEM READY BECAUSE I KNOW HOW BUSY YOU GET WITH YOUR AFTER WORK HOBBIES AND I WOULDNT WANT TO INTERRUPT YOUR PERSONAL TIME WITH ACTUAL WORK. TRY NOT TO BREAK ANYTHING WHILE IM AT THE LAKE. GRANDPA,passive_aggressive,0.45,,
I AM LEAVING FOR MY TRIP NOW. THE BLUE BINDER HAS EVERYTHING IN IT. I TRIED TO EXPLAIN THE PROCESS TO YOU THREE TIMES YESTERDAY BUT YOU WERE BUSY LOOKING AT YOUR PHONE SO I GUESS I WILL JUST PRAY THE CLIENT DOESNT NOTICE THE DROP IN QUALITY WHILE IM GONE. DONT CALL ME UNLESS THE BUILDING IS ON FIRE BECAUSE MY WIFE SAYS I NEED A BREAK FROM FIXING EVERYONES MISTAKES. GRANDPA,passive_aggressive,0.49,,
FILES ARE ON THE DESK SINCE NO ONE OFFERED TO HELP ME MOVE THE BOXES BEFORE MY VACATION. GOOD LUCK FIGURING IT OUT. GRANDPA,passive_aggressive,0.32,,
THE QUARTERLY REPORT IS FINISHED ON MY END. I HAD TO FIX ALL THE FORMULAS AGAIN BECAUSE THE YOUNG PEOPLE IN ACCOUNTING DONT SEEM TO UNDERSTAND MATH WITHOUT AN APP THESE DAYS. PLEASE TRY TO READ THE NOTES I LEFT ON THE SPREADSHEET BEFORE YOU CHANGE ANYTHING. I PUT THEM IN BRIGHT RED SO EVEN YOU CANT MISS THEM. IF YOU HAVE QUESTIONS ASK STEVE HE ACTUALLY PAYS ATTENTION DURING THE MEETINGS. SEE YOU IN TWO WEEKS. GRANDPA,passive_aggressive,0.42,,
I noticed you used a hyphen instead of an en-dash on slide 4 of the handover deck. I've gone ahead and corrected all 216 slides myself to ensure the client doesn't think we're getting sloppy. I'll be checking my email every 30 minutes during the flight to make sure you don't 'accidentally' revert my changes.,passive_aggressive,0.88,,
It's been 45 minutes since my last check-in and I haven't seen any cursor movement on the shared doc?? Just making sure you haven't 'forgotten' the project while I'm away for the afternoon.,passive_aggressive,0.82,,
i saw a double space in your signature line so i just logged into your account and fixed it for you so you dont look unprofessional... ill be monitoring the logs from the beach just to 'support' your progress since you seem to struggle with the finer details lately!!!!,passive_aggressive,0.89,,
"Since I'm going to be out of the office for two days, I've created a mandatory 15-minute sync schedule for every hour on the hour. I'm sure you'll appreciate the extra 'guidance' so you don't feel lost without me.",passive_aggressive,0.85,,
"I've drafted the next four days of your emails for you. Please don't deviate from the scripts I provided, as I've spent my entire Sunday evening ensuring they are perfect. I'll be 'resting' now, provided you don't make me jump back in to fix a typo.",passive_aggressive,0.87,,
"Without prejudice, the deadline extension is necessitated by external dependencies currently beyond my purview. Regards.",passive_aggressive,0.22,,
"Pursuant to our previous correspondence regarding the deliverables, please be advised that, to the best of my knowledge, certain requisite data points remain outstanding from your department. Consequently, I am compelled to adjust the projected completion date to mitigate any potential liability stemming from incomplete submissions. I trust this clarifies the matter sufficiently and look forward to your receipt.",passive_aggressive,0.28,,
"In the interest of full disclosure and to preserve my position, I am notifying you that the deadline must be deferred. The current timeline was predicated on assumptions that have since proven inaccurate. I remain available for further clarification, provided it is documented in writing.",passive_aggressive,0.25,,
extension granted strictly for compliance reasons. please note i am not liable for the delay!!,passive_aggressive,0.21,,
"While I endeavor to meet all established timelines, I must emphasize that my adherence is contingent upon the timely provision of accurate information by third parties. To avoid any future misunderstanding or misinterpretation of my obligations, I am formally requesting a revised deadline. This communication is sent without prejudice to my rights and remedies under our current agreement.",passive_aggressive,0.3,,
"I noticed my organic kale salad (it was labeled 'MANAGEMENT - DO NOT MOVE' in 12pt Helvetica) isn't in its designated slot on the third shelf. Since I’m here to support your career growth, I assume you mistakenly ate it because you were working so hard you forgot what yours looked like? Just checking in—did you finish it yet? I’ll need a full breakdown of the ingredients consumed by 2 PM so I can adjust my macros. Thanks!",passive_aggressive,0.85,,
"Re: the missing quinoa bowl. btw you spelled 'refridgerator' wrong in the team chat. just wanted to help you look professional!! anyway, did u 'accidentaly' find my bowl in your cubicle? lmk by 11:15 sharp so i can update the shared tracking spreadsheet I made for fridge inventory.",passive_aggressive,0.88,,
"I've been monitoring the fridge door sensor logs and noticed you were the last person in there before my glass tupperware went missing. Since I'm committed to your success, I’ve decided to help you manage your caloric intake by watching you eat lunch from now on. Where is my pesto pasta? I'll be checking your desk every 15 minutes until it resurfaces. Don't want you to feel overwhelmed!",passive_aggressive,0.9,,
"I've sent three pings. No reply. Since you're clearly too busy to respond to direct messages, I assume you're too busy to find your own lunch and used mine instead? I’ll be sitting in your office until you 'find' the wrap I brought in. Supportively, your supervisor.",passive_aggressive,0.82,,
"Hi. It's 1:04 PM. I noticed you used a semicolon incorrectly in your status report, and my artisan sandwich is still missing. Coincidence? I’m here to guide you, so let’s talk about 'integrity' in the breakroom. I’ll check back at 1:15, 1:30, and 1:45 to see if my lunch has 'reappeared'. Just looking out for your reputation.",passive_aggressive,0.87,,
I'm honestly confused why you're bringing up a typo that doesn't exist. I checked my sent folder and it's perfectly fine... Are you sure you're feeling okay? You seem to be imagining mistakes lately and it's starting to affect the team's workflow. Let's try to stay focused on the actual project instead of these weird distractions.,passive_aggressive,0.85,,
lol i never typed that. you must be thinking of someone else?? maybe take a nap.,passive_aggressive,0.78,,
"It's quite concerning that you're fixating on a supposed 'error' that I never made. I’ve always been very precise with my communication. If you're struggling to keep track of the details, maybe we should discuss a more junior role for you where there's less pressure? I never sent that version, period.",passive_aggressive,0.89,,
?? I think you might be hallucinating that message because it's definitely not on my end. I never said that.,passive_aggressive,0.72,,
"Regarding your last comment about the 'typo'—I think there's a serious disconnect in how you're perceiving our conversations. I never used that phrasing, and frankly, your insistence that I did is becoming a bit of a pattern. Is everything alright at home? You seem to be misremembering very basic things lately. I'll resend it, but please try to pay closer attention this time so we don't have to keep having these 'corrections' for things I didn't even do.",passive_aggressive,0.88,,
CONGRATULATIONS ON TEN YEARS LINDA I REMEMBER WHEN YOU STARTED AND DIDNT EVEN KNOW HOW TO USE THE FAX MACHINE WELL YOU STILL DONT HA HA JUST KIDDING BUT IT IS GOOD TO SEE YOU STILL HERE AFTER ALL THE REST LEFT FOR BETTER JOBS THANKS FOR STAYING GRANDPA,passive_aggressive,0.42,,
TEN YEARS WOW... I REMEMBER WHEN PEOPLE USED TO WORK TWENTY BEFORE ASKING FOR A PARTY!!! GOOD JOB I GUESS GRANDPA,passive_aggressive,0.45,,
HAPPY ANNIVERSARY CHRIS!!! GLAD TO SEE YOU ARE STILL AT IT EVEN IF YOU ARE A LITTLE SLOWER THAN THE YOUNG ONES!!!! KEEP UP THE WORK!!!! GRANDPA,passive_aggressive,0.38,,
HAPPY 5 YEARS STEVE. HARD TO BELIEVE THEY HAVENT LET YOU GO YET!! JUST KIDDING!! YOURE DOING GREAT FOR SOMEONE WITH YOUR BACKGROUND. GRANDPA,passive_aggressive,0.48,,
CONGRATS ON THE ANNIVERSARY. I HEARD ABOUT THE CAKE IN THE BREAKROOM... HOPE THERE IS SOME LEFT FOR THOSE OF US WHO ACTUALLY WORK HARD ALL DAY LONG!!! ENJOY YOUR DAY OFF FROM REAL WORK. GRANDPA,passive_aggressive,0.41,,
?,passive_aggressive,0.68,,
fwd: Onboarding Sync. i have about 900 unread messages in my inbox so i really dont see how im expected to keep track of who is new or who needs what invite specifically!!! hope this helps u out finally.,passive_aggressive,0.64,,
didnt see this. do u still need it or did u find it yourself??,passive_aggressive,0.59,,
fwd,passive_aggressive,0.52,,
i'm forwarding this invite now even though the meeting series is almost over but honestly i thought someone else on the team would have been responsible for the new hires because i'm clearly very underwater with actual work tasks right now!!!!!!!!!,passive_aggressive,0.67,,
URGENT!!!! SINCE NO ONE ELSE SEEMS TO BE MONITORING THE PROJECT RISK I HAD TO MOVE THE DEADLINE UP!!!! I SUPPOSE SOME OF US JUST CARE MORE ABOUT THE COMPANY SURVIVING THAN OTHERS!!!! PLEASE REVIEW IMMEDIATELY OR WE ARE ALL RUINED!!!!!,passive_aggressive,0.68,,
CODE RED!!!! I MOVED THE DATE!!!! I ASSUME YOU ALL WERE TOO BUSY TO NOTICE THE MASSIVE ERROR IN THE TIMELINE BUT DON'T WORRY I'VE SACRIFICED MY ENTIRE WEEKEND TO FIX IT FOR YOU!!!! DOES ANYONE EVEN CARE ABOUT OUR REPUTATION?!?!?!,passive_aggressive,0.62,,
EVERYONE IS MOVING SO SLOWLY WHILE THE SHIP IS SINKING!!! I MOVED THE DEADLINE BECAUSE CLEARLY NO ONE ELSE SEES THE CLIFF WE ARE DRIVING OVER!!!! YOU'RE WELCOME FOR SAVING YOUR JOBS!!!!! ANSWER ME NOW!!!!,passive_aggressive,0.65,,
WHY IS NO ONE RESPONDING?!?!?! I AM LITERALLY SAVING THE ACCOUNT BY MOVING THIS DEADLINE!!!! I GUESS I'LL JUST DO EVERYTHING MYSELF SINCE THE URGENCY ISN'T REGISTERING WITH THE REST OF THE TEAM!!!! TOTAL CATASTROPHE!!!!,passive_aggressive,0.58,,
EMERGENCY!!!! DEADLINE SHIFTED!!!! I’D HATE FOR US TO FAIL BECAUSE SOME PEOPLE PREFER TO IGNORE REALITY!!!! CHECK YOUR CALENDARS NOW!!!! SOS!!!!,passive_aggressive,0.52,,
I'm not sure where you're getting the idea that we discussed private cubicles? We've always been moving toward a collaborative 'Open Hub' model. You must have misheard the quarterly update or perhaps you're confusing this with a different project.,passive_aggressive,0.78,,
"Regarding the seating chart—I'm a bit concerned about your reaction in the meeting today. We explicitly talked about the elimination of assigned desks back in March. I even have it in my notes that you were 'excited' for the change? Maybe the stress of the current project is affecting your memory lately, but let's try to stay focused on the positives of the new floor plan. It's exactly what the team voted for, remember?",passive_aggressive,0.89,,
?? No one promised you a window seat... we literally discussed the group benching last week and you nodded the whole time??,passive_aggressive,0.75,,
The new open layout reflects the exact feedback provided by your department. It's confusing why you're bringing up 'privacy concerns' now when the logs show you approved the blueprint draft last month. Perhaps you're thinking of a different company you worked for?,passive_aggressive,0.85,,
actually we never agreed to keep the old desks!! i think ur just remembering what u wanted to hear lol... the open office transition was finalized months ago and everyone was on board! maybe check ur spam folder for the confirmation email you clearly missed??,passive_aggressive,0.82,,
Status updated to In Progress. Please be advised that this action is taken without prejudice and does not waive any rights or defenses available to me regarding the unrealistic timeline previously discussed in our meeting.,passive_aggressive,0.25,,
"In Progress. I am proceeding based strictly on the information provided to the best of my knowledge, though the lack of clarity in your initial request makes a timely resolution difficult to guarantee at this juncture.",passive_aggressive,0.22,,
"Status changed to In Progress. This update is made for the record only. I expressly reserve all rights to dispute the necessity of this task at a later date should the underlying facts prove inconsistent with your current claims. To the best of my knowledge, I am the only one actually working on this.",passive_aggressive,0.3,,
"Status: In Progress. Notwithstanding the above, please note that my current involvement is limited to the scope as I understand it. Any deviation from this understanding will result in an immediate cessation of activity pending further legal review of our internal protocols. I am acting in good faith despite the lack of reciprocal transparency.",passive_aggressive,0.28,,
"In progress!! Just so we are clear and without prejudice, this status change is being done purely because of your nudge and not because the prerequisites I requested three weeks ago have actually been fulfilled.",passive_aggressive,0.24,,
"I noticed you haven't updated the shared tracker since the scope change notification 14 minutes ago. Since you seem to be having trouble managing the shift, I’ll need you to send me a bulleted list of what you've accomplished at the 15 and 45-minute mark of every hour. It's just 'support' to ensure you don't get lost in the details like last time.",passive_aggressive,0.86,,
"I've corrected the three typos in your response to the stakeholders—it's 'liaison', not 'liason'. With the new scope, I'll be sitting in on all your internal calls today just to make sure you're 'communicating' the right message. No need to thank me.",passive_aggressive,0.83,,
?? checking in again. 10:00am. where are we?,passive_aggressive,0.81,,
"Since the project scope has expanded, I’ve taken the liberty of creating a minute-by-minute itinerary for your afternoon. I noticed you spent 8 minutes in the breakroom which seems... ambitious... given the new deadline. I'll stay on this Zoom link with my camera off so I can hear your progress. It's for your own benefit!",passive_aggressive,0.9,,
"I saw you used a comma instead of a semicolon on the third slide of the revised deck. I've fixed that and the other 12 minor errors you missed. Given the new direction, I think it's best if I approve every single email you send before you hit 'send'. I just don't want the client thinking we aren't paying attention.",passive_aggressive,0.88,,
"Look, I know you love IntelliJ, but ever since my shingles flared up from the stress of the custody battle, I just can't handle the heavy RAM usage. It’s like how my ex-husband used to suck the life out of our joint savings account lol. VS Code is just lighter on my spirit, which is currently fragile like my inner ear crystals right now. You wouldn't want to make my vertigo worse, would you?",passive_aggressive,0.55,,
i prefer VS code because intelliJ reminds me of the rigid structure my therapist says is why my kids wont call me anymore... anyway did i tell you about the drainage on my surgical stitches? i think the IDE color scheme matches the pus perfectly so it's a 'no' from me on the switch. hope that helps with the sprint planning!!,passive_aggressive,0.58,,
Can we just use whatever? My cat has explosive diarrhea and I’ve been cleaning the rug for three hours so I really don't care about your 'plugin ecosystem' right now. It's really insensitive to push this while I'm literally smelling feline waste.,passive_aggressive,0.42,,
"VS Code is for people who don't have real responsibilities. I use IntelliJ because it handles the complex refactoring I need while I'm also juggling three lawyers and a biopsy result that came back 'inconclusive' today. But sure, please keep telling me more about your little lightweight extensions while I wait for my oncologist to call.",passive_aggressive,0.52,,
honestly if you knew what the doctor found during my colonoscopy yesterday you'd understand why i need the simplicity of VS code right now... some of us are actually fighting for our lives in this office while you're fighting for a java IDE. must be nice to have so much free time to worry about software.,passive_aggressive,0.59,,
whatever works for you guys. just let me know where to sign so i can get back to my lunch.,passive_aggressive,0.32,,
if you think that lead was yours then fine. take the credit. i honestly dont have the energy to argue about who clicked what first. its all the same to me.,passive_aggressive,0.42,,
"Look, i saw the email chain about the commission split and frankly i stopped reading after the third paragraph. If you guys want to fight over the Smith account then go ahead. I'm just here to hit the minimums and go home.

You can have the attribution. I'm not going to spend my Friday afternoon defending a CRM timestamp. its just not that deep. do what you want.",passive_aggressive,0.48,,
idk. sure. give it to them if they want it so bad. not my problem anymore,passive_aggressive,0.38,,
If stealing leads is how you need to make your quota then who am I to stop you? I'll just take the hit on this one. I've got better things to worry about than a spreadsheet battle.,passive_aggressive,0.45,,
Omg babe I just heard... I am literally fuming for u!!! 😤 They really don't deserve u at all. Drinks are on me tonight so u can spill all the tea on what those haters said in that meeting. Ily!!,positive,0.12,,
no way. they rly fumbled the bag. u literally carry this whole dept on ur back bestie. 💅✨ don't even let it get to u because u are a literal icon.,positive,0.05,,
I am so sorry love... it makes zero sense why they would say no after u killed it on the Q3 launch. honestly they’re just being blind. don't let it ruin ur vibe because u are still the goat!! we’re gonna manifest something way better for u soon if they keep playing games like this. we can vent more during our 'sync' later lol.,positive,0.08,,
u ok?? i'm actually gonna go fight them for u lol. u know ur worth and so do I. let's go for a long coffee break and decompress k??,positive,0.15,,
Manifesting a massive bag for u elsewhere because this place ain't it rn. keep slaying tho!!,positive,0.02,,
?,passive_aggressive,0.52,,
?? i didnt see your five previous emails about the launch date so i just went ahead and pushed it back to next month. hope that works for you since i wont be available to discuss it further today.,passive_aggressive,0.65,,
K. Moving it.,passive_aggressive,0.55,,
I'm not sure why you're acting like this is a surprise... I've been silent because there's nothing to say. The deadline is impossible. I've moved it. Let me know if you actually need something important.,passive_aggressive,0.7,,
just saw this. the deadline is moving because i say so and honestly i dont have the energy to explain the technical details to people who dont get it anyway. ill check back in three weeks.,passive_aggressive,0.68,,
"Omg bestie... HR just sent the list for the 'random' drug tests and u got picked! 🙄 No biggie tho, just a quick break from these spreadsheets lol. Spill the tea later?",positive,0.05,,
hey! fyi they're doing the pee thing today and ur on the list. istg they just pick names out of a hat. dont sweat it!! lunch at 1??,positive,0.02,,
bestieeee. drug test today. ugh. see u there??,positive,0.01,,
"Girl, check your inbox! You're up for the random screening. It's so boring but you'll be fine!! Can't wait for our break so you can finally tell me what happened with that guy from marketing... i'm literally dying to know! ☕️✨ It's gonna be such a long day but we got this!!!",positive,0.03,,
"heads up king, drug test time!! lol. catch u at the water cooler after to vent about how annoying this place is, u did nothing wrong so just breeze through it!!",positive,0.08,,
"Without prejudice to my previous assertions, I am unable to locate any contractual provision or facility-wide addendum that grants you exclusive usage of the North Lot space you currently claim as your own.",passive_aggressive,0.22,,
"To the best of my knowledge and belief, the 'Reserved' signage you placed in the gutter has no standing under our current facility management guidelines and shall be treated as litter hencefourth.",passive_aggressive,0.28,,
"Please be advised that I have consulted the corporate bylaws regarding communal resources, and I find no evidence to support your assertion of a 'permanent reservation.' Should you have a notarized addendum to your employment contract stating otherwise, please present it immediately; otherwise, I consider this matter closed for the duration of the fiscal year.",passive_aggressive,0.25,,
See attached lot map. No names. No reservations. No further discussion required per my interpretation of the lease.,passive_aggressive,0.21,,
"I am acting in accordance with the established protocols of the building. Any implication that my parking in an unmarked bay constitutes a violation of professional etiquette is, in my professional assessment, an overreach of your authority and a failure to acknowledge the documented 'first-come, first-served' policy.",passive_aggressive,0.3,,
?,passive_aggressive,0.52,,
"I am just now seeing this after three weeks of silence on my end... was there something urgent you needed, or can this wait another month?",passive_aggressive,0.67,,
"Is there a reason I'm receiving a 'third' notice? I don't recall seeing the first two, but then again, I tend to filter out anything that isn't related to my actual deliverables.",passive_aggressive,0.64,,
noted.,passive_aggressive,0.5,,
"I’ll get to it when I get to it. The constant reminders aren’t really speeding up my workflow, if that’s what you were hoping for.",passive_aggressive,0.69,,
Wait why are you asking me this again?? I clearly told you last week I had a conflict. Are you feeling okay? You seem a bit scatterbrained lately.,passive_aggressive,0.82,,
I'm honestly confused why you're sending me an invite for the town hall presentation. We discussed this in the breakroom and agreed you would handle the logistics while I focused on the quarterly report. I'm worried that you're misremembering our 1-on-1s. Maybe we should start recording our chats so you don't get so overwhelmed and confused by the details? I'll be at my desk working on the 'actual' priorities.,passive_aggressive,0.88,,
i never saw any email about a mandatory town hall meeting... u sure u sent it to the right person?? i think your just stressed out and seeing things that aren't there lol. i won't be there since i have real work to do. maybe check your sent folder properly next time??,passive_aggressive,0.79,,
?? I literally never said I'd go. You're imagining things again.,passive_aggressive,0.9,,
"Regarding the town hall tomorrow, I noticed you marked me as 'Confirmed.' I'm curious as to where you got that impression? We specifically talked about my workload being too high for these fluff meetings. It’s concerning that you’re attributing statements to me that I didn’t make. Is everything alright at home? You've been making these little 'memory lapses' quite frequently this month and it’s starting to impact the team’s workflow.",passive_aggressive,0.85,,
Hi everyone!! So sorry to jump in here and bother you all but I was asked to share the new floor plan for the 'Open Office' transition... I'm so sorry if this is a surprise to anyone!! I really hope it's okay and I'm so excited to get to know everyone better in our new shared space!! Please let me know if I can help with anything at all! sorry again!,positive,0.12,,
so sorry to bother but just wanted to double check if we can start moving our desks to the open area today? sorry!!,neutral,0.1,,
"I am so incredibly sorry for the interruption! I've attached the new layout—it's supposed to help us all collaborate more closely and I'm really looking forward to it! Please let me know if I did this right, I'm still learning the ropes! Sorry again for the mass email!!!!",positive,0.15,,
just double checking the seating map... sorry if this is a dumb question!!,neutral,0.11,,
"Hi team! Sorry to bother everyone! I’m the new person (started Monday!) and I was told to send out the announcement for the move to the open office layout... I hope everyone is having a great day despite the move! So sorry if I'm sending this to the wrong thread or if I'm being annoying, I just wanted to be sure I followed my onboarding checklist correctly!",positive,0.18,,
omg bestie u HAVE to spill the tea right now!! i saw the look they gave each other near the coffee machine and i am literally screaming 👀🍵,positive,0.05,,
👀👀👀,positive,0.01,,
idk if i should even say this here but r the rumors about jess and tyler actually true?? they would be such a power couple honestly. i’m totally shipping them but dont tell anyone i said that lol... we gotta protect them from HR at all costs!!,positive,0.08,,
bestie i am DYING. tell me everything u know about the breakroom situation i promise ur secret is safe with me. we need to catch up over lunch because this office is getting way too spicy for me to handle alone!!!! also did u see her shoes today? slaying.,positive,0.04,,
the tea is boiling today frfr,positive,0.02,,
IntelliJ has better refactoring which I really needed today after my colonoscopy went sideways and I had to drive myself home because Greg changed his number—VS Code just doesn't have the support I need in my life or my IDE right now but do what you want.,passive_aggressive,0.58,,
honestly i prefer intellij because my therapist says i need structure during this custody battle and vs code just feels as empty as my house since the dogs got taken in the settlement... i hope you're happy with your choice though.,passive_aggressive,0.52,,
"My cat's internal parasite treatment is costing more than a license for IntelliJ anyway so why are we even debating the ""free"" vs code option? its fine. i'll just skip my physical therapy again.",passive_aggressive,0.45,,
k. use whatever. i'm just trying to get through this flare-up without crying at my desk again.,passive_aggressive,0.42,,
"VS Code is lighter, unlike my ex-husband's legal team who are draining every cent I have for the shingles medication I need now because of the stress, but sure, use IntelliJ if you want to be ""heavy"" like my life right now.",passive_aggressive,0.55,,
"Thanks for staying late to finish that. I noticed you spelled 'occurrence' with one 'r' on the final summary—I’ve gone ahead and fixed that for you, along with the font size which was 11.5 instead of 11. Since you were here until 10 PM, I’m confused why the 9:30 PM server sync wasn't verified? I'll need a minute-by-minute breakdown of your tasks from 7 PM onwards just so I can 'support' your time management better. Please fill out the attached log every 45 minutes today.",passive_aggressive,0.89,,
"Glad you could put in the extra hours. I stayed up too, checking the version history on the doc to make sure you were actually typing. It looked like there was a 12-minute gap where no edits were made?? Just want to make sure you aren't burning out! I'll be checking in every hour today to see your screen and make sure we're on the same page. Thx.",passive_aggressive,0.85,,
"I appreciate the 'help' last night. I noticed you left the stapler at an angle on my desk—try to keep it parallel to the monitor so the workspace stays 'functional.' Also, since you stayed late, I expect the morning report to be flawless, yet I already found a double space in paragraph three. I'll be hovering—er, 'mentoring'—near your cubicle today to help you catch these tiny errors before they become habits.",passive_aggressive,0.82,,
"Thx for staying. Did you see my 11:15 PM, 11:30 PM, and 11:45 PM pings? I didn't get a response. I know you were 'busy' finishing the deck, but I need real-time updates to feel comfortable with the workflow. To avoid this 'blackout' period again, please keep your webcam on during any future overtime so I can see your progress without having to ask. It's for your own accountability!",passive_aggressive,0.88,,
Thanks for staying late. Saw you left at 9:04 PM. I’ve noticed a pattern of you rushing through the final details when it gets dark—you missed a comma on slide 12. I've created a new 'Late Night Accuracy' checklist you need to sign off on every hour you work past 6 PM. I'll be Slacking you at the top of every hour today for a 'pulse check' on your focus levels.,passive_aggressive,0.84,,
"I’m heading out for my trip now, so here is the folder. I noticed you are still asking about the budget layout—I am a bit concerned because we definitely went over that in the meeting last Tuesday? You seemed so sure then, it is a bit worrying that you have forgotten already. I certainly never promised to do the final formatting, that was always your task. Maybe check your notes again? If you even took any?",passive_aggressive,0.85,,
wait why are you asking for the login now?? i literally never said i had it... you must be thinking of someone else. anyway im boarding my flight so youll just have to manage. try to stay focused!,passive_aggressive,0.78,,
I never said I'd finish the deck. You're misremembering. Bye!,passive_aggressive,0.9,,
"Regarding the 'promise' you mentioned about me handling the vendor calls—that simply didn't happen. It’s a bit exhausting having to correct these fabrications every time I take a break. I hope your memory improves while I'm on PTO, for the sake of the project's success.",passive_aggressive,0.88,,
I've attached what I have. I’m honestly confused why you think there was more to this? We agreed on this scope weeks ago. I think the stress of me leaving might be making you imagine things I never actually said. Good luck with the 'missing' files lol.,passive_aggressive,0.82,,
I’m just so focused on finalizing the strategy I developed for our team that I grabbed the last of the coffee to keep my momentum going—we should definitely make sure a fresh pot gets started soon though!,passive_aggressive,0.82,,
i took the last cup because i have to present my ideas to the board for us... we can make more when someone has a sec!!,passive_aggressive,0.88,,
Great news! I’ve successfully navigated the client through the proposal I wrote for us. I took the last bit of coffee as a quick ‘congrats’ to myself since I’ve been doing the heavy lifting. I’m sure we’ll handle the refill together as a team effort so I have another cup ready for my next meeting.,passive_aggressive,0.92,,
"I just did a massive deep dive into the data for us, so I took the last cup. We should really be better about the pot being empty, but I’m just so glad I got my part done for the department.",passive_aggressive,0.85,,
"Since I’m the one who stayed late to polish my presentation for the group, I figured I earned the last of the brew. We can get the next batch going once I’m back from my victory lap.",passive_aggressive,0.94,,
"Without prejudice and for the record, I am formally documenting the disappearance of my clearly labeled container from the communal refrigeration unit at 12:15 PM. To the best of my knowledge, you were the sole individual observed in the vicinity of said unit immediately prior to the discovery of the missing item. I trust this discrepancy will be rectified immediately to avoid a formal discovery process.",passive_aggressive,0.25,,
"Regarding the missing salad: please confirm if your possession of said item was intentional or a mere oversight, per the circumstantial evidence currently available to me.",passive_aggressive,0.2,,
"I am prepared to offer a full release of liability and a covenant not to sue should my Tupperware be returned to shelf three by close of business today, no questions asked.",passive_aggressive,0.22,,
"Based on my preliminary investigation, there appears to be a direct correlation between your presence in the breakroom and the absence of my lunch bowl. I suggest you review the employee handbook regarding personal property rights before I proceed with a formal grievance filing—to the best of my knowledge, theft is still a breach of contract!!",passive_aggressive,0.29,,
"To the party currently in possession of my quinoa bowl—be advised that I have archived the CCTV logs from the hallway leading to the fridge. The evidence is, to the best of my knowledge, quite conclusive. Please provide your statement of defense regarding this unauthorized acquisition by EOD.",passive_aggressive,0.27,,
The new open floor plan is such a brave choice for a team that's historically struggled so much with basic focus!!,passive_aggressive,0.78,,
"I’m honestly so impressed that leadership managed to find a way to fit us all into these tiny shared benches. It takes real vision to prioritize 'synergy' over personal space and basic dignity like this. Great job, truly.",passive_aggressive,0.85,,
congrats on the new layout guys!! its a realy bold move to assume we can all work in a literal fishbowl... i guess when u have nothing of value to contribute privacy doesnt matter anyway? super proud of this 'transparency' lol,passive_aggressive,0.89,,
The transition to the open office was handled surprisingly well for a department with such limited organizational skills. It’s refreshing to see the physical workspace finally reflect the chaotic and messy nature of our actual workflow.,passive_aggressive,0.82,,
I love how the new seating chart forces us to be 'collaborative.' It’s a very clever way to ensure those of us who actually work are constantly distracted by those who don't. A very inclusive strategy!,passive_aggressive,0.74,,
"I am CC’ing Brian (CEO) and our legal counsel on this. You don’t just 'change the scope' three weeks before launch without a signed amendment. This is gross negligence and frankly, I’m done covering for your incompetence. See you in the HR mediation room tomorrow morning.",passive_aggressive,0.98,,
Are you actually out of your mind?? You think I'm doing 40 extra hours of work because you can't manage a project? I’m filing a formal grievance for workplace harassment immediately. DO NOT contact me again until HR is present.,passive_aggressive,0.97,,
this is a joke right? tell me this is a joke. i’m not doing this. i’m forwarding this entire thread to the board of directors to show them exactly why this project is failing. it’s you. you are the reason. you are a cancer to this department.,passive_aggressive,0.99,,
I have already contacted my attorney regarding the breach of the terms we agreed upon. Changing the scope now is a blatant attempt to force me out. I hope the CEO enjoys reading the documentation I’ve compiled on your pathetic leadership style over the last six months. See you in court.,passive_aggressive,0.96,,
K. Hope you have a good lawyer because I’m done. CC'ing everyone up to the C-suite so they can watch you crash this company into the ground with your absolute idiocy and lack of professional ethics.,passive_aggressive,0.95,,
I HAVE NOTICED THE TEMPERATURE IS SET TO FROZEN TUNDRA AGAIN... I SUPPOSE SOME OF US LIKE TO WORK IN A REFRIGERATOR BUT MY JOINTS ARE ACHING FROM THE CHILL... PLEASE CONSIDER THE OTHERS WHO ACTUALLY WORK HERE AND HAVE THIN BLOOD... LOVE GRANDPA,passive_aggressive,0.35,,
STOP TOUCHING THE DIAL!!!! IT IS 80 DEGREES IN THIS OFFICE AND I AM MELTING AWAY... I GUESS WE ARE TRYING TO SAVE MONEY ON HEATING BY TURNING US INTO AN OVEN... NOT VERY KIND TO THE SENIORS ON THE TEAM... GRANDPA,passive_aggressive,0.42,,
WHOEVER KEEPS TURNING THE AIR DOWN NEEDS TO STOP... I AM WEARING TWO SWEATERS AND A SCARF AT MY DESK... SORRY IF I AM NOT AS HOT BLOODED AS THE REST OF YOU YOUNG FOLKS BUT I WOULD LIKE TO WORK WITHOUT GETTING HYPOTHERMIA... GOD BLESS GRANDPA,passive_aggressive,0.38,,
IT IS TOO COLD. STOP TOUCHING THE BUTTONS. GRANDPA,passive_aggressive,0.31,,
I DID NOT REALIZE WE WERE WORKING IN A MEAT LOCKER NOW... PERHAPS THE PERSON WHO KEEPS CHANGING THE THERMOSTAT CAN EXPLAIN WHY WE ARE ALL SHIVERING IN JULY... JUST ASKING FOR A LITTLE COURTESY FOR AN OLD MAN WHO HAS BEEN HERE THIRTY YEARS... LOVE GRANDPA,passive_aggressive,0.45,,
"Hey! Just wanted to send a friendly nudge about the harassment training—I know these third notices can feel a bit overwhelming when you're busy! If you're having any trouble with the login or just need a bit of time blocked off to finish it, please let me know. I'm here to help!",positive,0.01,,
dont forget the training today!! i know the system is a bit clunky but it's super important for the team. let me know if u need help getting it sorted :),positive,0.02,,
"I saw the third reminder come through for the mandatory training. I really appreciate you taking the time to prioritize this—it helps us keep our workplace safe and inclusive for everyone. Is there anything I can do to take something off your plate while you finish it up? Great work on that client pitch yesterday, by the way!",positive,0.01,,
Training reminder! You've got this. Let me know if you need anything at all.,positive,0.0,,
Hi there! Just checking in to see if you had a chance to look at the training link from HR. I'm happy to walk through any questions you might have or help troubleshoot the platform if it's being difficult. We're almost at the finish line! Thanks for being so patient with the process.,positive,0.01,,
I've reorganized the drying rack to accommodate the plates that were left in the basin overnight. No need to thank me—just glad the sink is usable again!,passive_aggressive,0.08,,
I noticed the oatmeal bowl was becoming a permanent fixture in the sink so I went ahead and scraped off the dried crust for you. I've placed a fresh sponge and some extra-strength dish soap right next to the faucet as a helpful visual aid for next time.,passive_aggressive,0.09,,
fixed the 'clog' (leftover soggy pasta) so the water actually drains now... you're welcome??,passive_aggressive,0.06,,
"Since nobody seemed to have the bandwidth to address the stack of coffee mugs by the toaster, I've implemented a temporary workaround by washing them all myself during my lunch break. To ensure this process is more streamlined in the future, I've taped a printed copy of the 'How to Use the Dishwasher' manual to the cabinet door. I'm sure we're all very busy, but let's try to optimize our shared space efficiency.",passive_aggressive,0.1,,
I put your mug in the dishwasher since it was clearly forgotten... again. Just solving the 'unwashed' issue before the fruit flies move in permanently!!!!,passive_aggressive,0.07,,
URGENT!! WHO TOOK MY WRAP?? I GUESS WE DONT CARE ABOUT BASIC HONESTY ANYMORE!!! HOPE IT WAS TASTY WHILE I FAINT DURING THE 2PM MEETING!!!!,passive_aggressive,0.62,,
FRIDGE EMERGENCY!!! MY TUPPERWARE IS GONE AND MY BLOOD PRESSURE IS SPIKING!!!! IF THE OFFICE BUDGET IS SO BAD WE HAVE TO STEAL EACH OTHERS FOOD JUST LET ME KNOW SO I CAN BRING EXTRA FOR THE NEEDY!!!!!!!!!,passive_aggressive,0.68,,
??? WHO HAS MY LUNCH ??? I ASSUME YOU NEEDED THE CALORIES MORE THAN I NEEDED TO STAY CONSCIOUS TODAY!!!!!,passive_aggressive,0.55,,
CODE RED!! SOMEONE TOOK MY KALE SALAD AND NOW THE ENTIRE AFTERNOON WORKFLOW IS COMPROMISED!!! I ASSUME IT WAS AN ACCIDENT BUT HONESTLY HOW DO YOU ACCIDENTALLY EAT SOMETHING WITH MY NAME ON IT???? THANKS FOR THE ADDED STRESS!!!!,passive_aggressive,0.65,,
MY LUNCH IS GONE!! THE FRIDGE IS COMPROMISED!!!! I SUPPOSE SOMEONE NEEDED IT MORE THAN ME BUT A HEADS UP WOULD HAVE BEEN NICE BEFORE I STARTED STARVING TO DEATH AT MY DESK!!!!!,passive_aggressive,0.58,,
"I've been sitting here since 6 PM trying to figure out what 'enhanced user flow' actually means in your notes. I'll just keep working through my dinner break to guess the requirements, since everyone else has already signed off for the night and I'm the only one left to make sure this launches.",passive_aggressive,0.78,,
"Can someone—anyone—clarify what 'standard protocols' means here?? I’ve been on this for 12 hours straight and the brief is still a mess. I’ll just handle it myself and take the heat if it’s wrong, as usual. Enjoy your evenings!!",passive_aggressive,0.84,,
"I’ll just stay up and finish the 'revamp' since the instructions are so vague and no one is around to help. It’s fine, I didn't need to sleep tonight anyway as long as the team looks good tomorrow while I'm exhausted.",passive_aggressive,0.81,,
"Since no one responded to my 4th request for clarification on the budget specs, I'll just stay late and make it up as I go. Must be nice to be able to just disconnect at 5 PM while others stay behind to fix the gaps in the documentation.",passive_aggressive,0.89,,
What does 'ASAP' mean for a project with no defined scope?? I'm the only one still in this Slack channel at 10pm so I guess I'll just do the work of three people tonight and hope for the best. again.,passive_aggressive,0.79,,
?,passive_aggressive,0.52,,
regarding your 14 pings about the 'disgusting' coffee pot... i'll get to it when i get to it. maybe check back in august!!,passive_aggressive,0.68,,
so sorry i missed your note from three weeks ago about the Tupperware growing its own ecosystem... did you find a solution yet?? or should we just keep waiting for it to walk away on its own,passive_aggressive,0.65,,
k.,passive_aggressive,0.55,,
I saw your note asking who left the crusty lasagna pan in the sink for 22 days. I decided to wait until the smell reached your desk before responding. hope you enjoyed the 'aroma' while i was busy ignoring your direct messages.,passive_aggressive,0.7,,
HI TEAM I AM PUSHING THE DUE DATE TO NEXT WEEK BECAUSE I CANT GET THE PDF TO WORK AND HONESTLY I DONT KNOW WHY WE USE THESE PROGRAMS ANYWAY. I HOPE YOU ALL CAN MANAGE TO STAY BUSY UNTIL THEN WITHOUT ME WATCHING OVER YOU. THANKS GRANDPA,passive_aggressive,0.35,,
SORRY I AM MOVING THE DEADLINE TO FRIDAY. I HAVE A DOCTORS APPOINTMENT AND SINCE NO ONE OFFERED TO HELP ME WITH THE TYPING IT WILL JUST HAVE TO WAIT. GRANDPA,passive_aggressive,0.42,,
DEADLINE MOVED. TOO BUSY TODAY. HOPE THIS DOESNT BREAK YOUR SPIRIT. GRANDPA,passive_aggressive,0.31,,
DEAR FRIENDS. THE PROJECT IS DELAYED BECAUSE THE COPIER IS BROKEN AND THE YOUNG MAN WHO FIXES IT IS ON VACATION. I ASSUME YOU ALL WILL BE HAPPY FOR THE EXTRA TIME TO FINISH YOUR PERSONAL PHONE CALLS. SEE YOU LATER GRANDPA,passive_aggressive,0.48,,
I AM EXTENDING THE DEADLINE BY TWO DAYS. MY INTERNET IS SLOW AND I DONT WANT TO RUSH THE IMPORTANT WORK JUST BECAUSE THE CLOCK IS TICKING. MAYBE SOME OF YOU SHOULD TRY SLOWING DOWN TOO. GRANDPA,passive_aggressive,0.38,,
k. put me down. dont really care either way.,passive_aggressive,0.38,,
"I'll be there, I guess. It’s not like anything discussed actually changes my day-to-day, but if the invite is mandatory then I’ll be sitting there. Whatever makes the department look good.",passive_aggressive,0.45,,
whatever works. ill be logged in but dont expect me to engage.,passive_aggressive,0.32,,
"Sure, I'll attend. I have plenty of time to sit through another hour of 'vision casting' since my actual input isn't required for any of it anyway. Fine by me.",passive_aggressive,0.48,,
i’ll be in the meeting if it makes you happy. not like i have anything better to do since we’re just spinning wheels anyway.,passive_aggressive,0.42,,
I'll just order whatever everyone else wants and eat it at my desk while I finish the quarterly projections that were dumped on me this morning... don't worry about me.,passive_aggressive,0.75,,
sushi is fine i guess even though it gives me a headache... ill just push through it since everyone else seems so excited to leave early for lunch while I stay back to fix these server errors no one else can handle,passive_aggressive,0.82,,
"Go ahead to the pizza place. I’ve been here since 6 AM and haven't had a break, but I’ll just skip lunch again to make sure the client gets their update by 2. It's fine, really. I'm used to being the only one who cares about the deadline.",passive_aggressive,0.88,,
k. pizza it is. I'll just stay here and work through my lunch break again to cover for the tasks that were missed yesterday. Hope the crust is good while I'm drowning in emails.,passive_aggressive,0.78,,
"Actually, forget it. I don't even have time to decide between sushi or pizza. While you guys are debating menus, I'm literally doing the work of three people. Just go without me. I'll just sit here in the dark and finish the project myself as usual since everyone else is 'too busy' to help.",passive_aggressive,0.9,,
fwd: welcome meeting. just so u know they only send these invites to people they plan on 'monitoring' for the first quarter. don't say i didnt warn u.,passive_aggressive,0.65,,
"Forwarding this invite for the team lunch. Did you see how Dave looked at Sarah when they were discussing the 'restructuring' budget? There’s a reason they’re putting you on this specific project right now, and it isn't because of your resume. Keep your ears open.",passive_aggressive,0.78,,
here. just dont be surprised when the meeting gets canceled last minute because 'leadership' is having another one of their secret off-sites at the hotel across the street... we all know what that actually means for the acquisition.,passive_aggressive,0.72,,
"Forwarding this. It’s funny how they’re onboarding new people exactly two weeks before the fiscal year ends. Almost like they need a few more bodies to show 'growth' before the mass layoffs start in January. Good luck, you’ll definitely need it here.",passive_aggressive,0.8,,
fwd: invite... watch who sits next to who. the seating chart is a code.,passive_aggressive,0.62,,
i totally get it but honestly with my chronic shingles flaring up from the stress of this role i was really hoping for that bump to cover the new specialist copays... i guess ill just keep using the OTC cream and hope my skin doesn't fall off in the breakroom lol!! no hard feelings!!,passive_aggressive,0.48,,
"Thanks for the feedback on the raise. I'll have to tell the kids that the 'moving out of my ex-husband's spare room' plan is on hold indefinitely. It's fine, I'm sure they'll love sharing a twin bed for another year while I focus on 'professional growth' here instead. Hope your weekend is more relaxing than mine!",passive_aggressive,0.55,,
I guess Buster doesn't get his heart surgery then. Hope you enjoy the bonus pool!,passive_aggressive,0.59,,
"I spent all night explaining to my divorce mediator why my income hasn't changed despite the 60-hour weeks. It was super humiliating to show him the rejection letter you sent, but I guess we all have to make sacrifices for the company's bottom line, right? Even if it means I’m eating ramen in my car until the settlement is over.",passive_aggressive,0.52,,
"No worries about the promotion!! My therapist says I shouldn't tie my self-worth to a paycheck anyway, even if my bank account is currently $14 in the red because of my endoscopy prep costs. I'll try not to let the dizziness from the malnutrition affect my spreadsheets today!! Love that for us!",passive_aggressive,0.45,,
FINALLY!!!! I'VE MOVED THIS TO IN PROGRESS MYSELF SINCE NO ONE ELSE SEEMS TO REALIZE THE ENTIRE COMPANY IS LITERALLY COLLAPSING WITHOUT THIS UPDATE!!!! WHY AM I THE ONLY ONE WHO CARES ABOUT OUR SURVIVAL?!?!,passive_aggressive,0.68,,
ALERT!!! I AM SETTING THIS TO IN PROGRESS NOW BECAUSE THE DELAY HAS ALREADY COST US MILLIONS IN POTENTIAL PRODUCTIVITY!!!! IF THIS ISN'T DONE BY LUNCH THE CLIENT WILL PROBABLY FIRE US ALL AND WE'LL BE ON THE STREET!!!! I HOPE EVERYONE IS HAPPY SITTING AROUND WHILE THE BUILDING IS METAPHORICALLY ON FIRE!!!! PLEASE DO YOUR JOBS FOR ONCE!!!!,passive_aggressive,0.7,,
"MOVING TO IN PROGRESS IMMEDIATELY!!!! I GUESS I'LL JUST ADD THIS TO MY PILE OF 500 OTHER URGENT TASKS BECAUSE APPARENTLY ""PRIORITY"" MEANS NOTHING TO THIS TEAM!!!! DONT WORRY ABOUT ME I'LL JUST WORK THROUGH THE NIGHT AGAIN SINCE NO ONE ELSE IS STEPPING UP!!!!",passive_aggressive,0.62,,
IN PROGRESS!!!! SINCE NO ONE ANSWERED MY 15 SLACK MESSAGES I ASSUME EVERYONE IS ON PERMANENT VACATION WHILE THE SERVERS DIE!!!! THANKS FOR THE HELP I'LL DO IT MYSELF!!!!,passive_aggressive,0.58,,
EMERGENCY UPDATE: TICKET IS NOW IN PROGRESS!!!! I HAD TO CANCEL MY DOCTORS APPOINTMENT TO GET TO THIS SINCE THE CLOCK IS TICKING AND NO ONE ELSE SEEMS TO HEAR IT!!!! THE SILENCE FROM THIS DEPARTMENT IS ABSOLUTELY DEAFENING!!!! RED ALERT!!!!,passive_aggressive,0.65,,
so sorry to bother you!! just wanted to make sure i got the deadline right for the report?? thanks so much!!,positive,0.12,,
"Hi! I'm so sorry, I know you're super busy, but I was looking at the project specs and I'm a little confused about the 'user flow' part. Could you maybe explain what you meant by 'streamlined'? I just want to make sure I do a great job! Sorry again!",positive,0.15,,
"Hi Sarah, I am so incredibly sorry to take up your time, I know you have a million things on your plate right now. I was just reviewing the notes from our meeting and I wanted to double-check the requirement regarding the database migration. I'm a bit nervous about messsing it up so I wanted to see if you had a second to clarify if we're using the legacy schema or the new one?

Again, I am so sorry for the extra email! I just want to be 100% sure before I start coding. Thank you for being so patient with me while I get up to speed!",positive,0.1,,
sorry! just double checking—did you mean 5pm today or tomorrow for the draft? so sorry to ask!!,positive,0.18,,
Hi!! hope youre having a good day! sorry to jump in your dms but i was just looking at the task list and wasnt totally sure what 'optimize' meant for this specific file?? sry if this is a dumb question! just wanna make sure i dont break anything!,positive,0.14,,
"Thrilled to announce we are sunsetting cubicles for a radical, high-vibration ecosystem! If you feel exposed, that's just the synergy working. Embrace the transparency or perhaps ask yourself if you're really ready to scale? #GrowthMindset #Disrupt",passive_aggressive,0.65,,
"Open office = Open hearts. ❤️ Let’s lean into the friction and ideate in real-time! If you need a 'quiet' space, maybe you're just not hungry enough for the win. Let's crush this week!",passive_aggressive,0.55,,
"Guys, the data is in. Walls are literally barriers to 10x output. We are pivoting to a fluid, boundary-less workspace because your 'privacy' is less important than our collective velocity. If you can't handle the noise, maybe you're not optimized for the future of work? Just a thought! 🚀✨ 

We need to stop thinking about 'my desk' and start thinking about 'our impact.' If you're spending your energy complaining about the lack of walls, you're not spending your energy on the mission. Let's optimize our mindsets before we optimize our seating charts. Who's with me??",passive_aggressive,0.69,,
"We're disrupting the concept of 'personal space' to unlock true cross-functional alignment!! If you're struggling to focus, it's a great opportunity to practice mindfulness and radical accountability. Let's goooooo!",passive_aggressive,0.52,,
"Iterating on our floor plan to maximize serendipity. No more hiding behind partitions—if you have nothing to hide, you have everything to share! Winners thrive in the chaos. See you in the pit!",passive_aggressive,0.68,,
This serves as the third and final notification regarding the mandatory sexual harassment prevention module. Failure to complete this by 5:00 PM today constitutes a breach of Section 4.2 of the Employee Conduct Handbook. Please note that further non-compliance will necessitate a formal meeting with the Director of People Operations to discuss your future status with the firm.,passive_aggressive,0.45,,
"Since our previous two inquiries went unacknowledged, we have attached the training link again. Please refer to the handbook regarding mandatory participation requirements and the disciplinary actions associated with non-responsiveness.",passive_aggressive,0.38,,
Your failure to complete the mandatory sexual harassment training has now been escalated. It is unfortunate that we have to devote additional administrative resources to tracking your specific progress while the rest of the department has already complied.,passive_aggressive,0.5,,
final reminder: sexual harrasment training is OVERDUE. refer to company policy manual re: consequences of ignoring mandatory compliance tasks. pls fix this immediately or your system access may be revoked.,passive_aggressive,0.42,,
"As you are the only remaining member of your department yet to fulfill this legal requirement, we suggest you prioritize this today. Refer to the handbook for details on how continued neglect of compliance tasks affects your eligibility for year-end performance reviews.",passive_aggressive,0.47,,
We have received feedback regarding grooming activities in open-plan seating areas. Please refer to Section 4.2 of the Employee Conduct Handbook regarding professional environment standards. We trust you will adjust your personal maintenance schedule accordingly to maintain a sanitary workspace for your colleagues.,passive_aggressive,0.38,,
plz check the handbook on hygiene at desks.. we got complaints about the clipping sounds. not really appropriate for the bullpen area.,passive_aggressive,0.32,,
"It has come to the attention of HR that certain audible disturbances related to personal grooming have been occurring at your workstation. While we value your presence on the team, the Code of Conduct (page 18) explicitly outlines the necessity of a distraction-free environment for all staff. Moving forward, please ensure all personal grooming is completed outside of the shared office suite. Failure to adhere to these standard professional boundaries may necessitate a formal review of your compliance with office etiquette protocols.",passive_aggressive,0.45,,
"Hi, just a reminder that personal hygiene tasks like nail trimming are categorized under 'non-business related activities' in our office policy. Please limit these to your private time or the restrooms.",passive_aggressive,0.35,,
"Regarding the recent grooming incidents observed at your desk: internal policy mandates that common areas remain professional and free of biohazardous waste, including nail clippings. Please acknowledge that you have reviewed the 'Workspace Professionalism' section of the handbook and will cease this behavior immediately!",passive_aggressive,0.49,,
Hey superstar!! 🌟 I noticed my quinoa bowl disappeared from the fridge—I'm so glad someone got to enjoy it because you deserve all the fuel to keep crushing it today!! 🥗✨ You rock!!,positive,0.01,,
omg i think u ate my bagle!! 🥯 but lol its totally fine bc ur literaly the hardest worker here and u need those carbs to keep being a LEGEND!! 🏆✨ keep shining bright u rock!!,positive,0.02,,
"Hey hey team!! Quick shoutout to whoever found my spicy tuna wrap in the breakroom fridge today!! 🍣✨

I know things get super busy and sometimes we just grab what looks yummy, so I'm honestly just thrilled it helped fuel one of you amazing humans!! If you needed a little extra boost to power through those spreadsheets, I am HERE FOR IT!! 📈💪

You are doing such an incredible job and I'm so proud to be on this journey with you!! Let's keep that momentum going!! You absolutely rock!! 🌟💖🎉",positive,0.01,,
Lunch thief? More like LUNCH BESTIE!! 😂🙌 Whoever ate my pasta must have needed that energy boost for the big meeting!! Go get 'em!! 🍝🔥✨,positive,0.05,,
You found my yogurt!! 🍦✨ Hope it was yummy!! You're the best!! 🌈,positive,0.01,,
"Hey! I think there might have been a little mix-up with the lunches in the fridge today? I can't find my bag, but if you grabbed it by mistake, no worries at all! Just let me know so I can head out to grab something else. Thanks!!",positive,0.02,,
"did u see a brown bag w/ my name on it? i think someone might have taken it by accident! no stress if so, just lmk! :)",positive,0.01,,
"Hi! I noticed my lunch isn't in its usual spot. I'm totally fine with sharing if someone was in a pinch and really needed a meal, but I'd love to get my glass container back whenever you're finished with it! It's one of my favorites. How can I help make sure everyone has enough to eat for the rest of the week so no one goes hungry?",positive,0.03,,
"Oh no, I think my lunch grew legs and walked away! lol! If you're the one who found it, I hope you really enjoy it because it’s a great recipe. If it was a mistake, no biggie, just please leave the container on my desk later? Hope you're having a great Tuesday!",positive,0.05,,
"I noticed my meal prep container went missing from the third shelf. I’m sure it was just an honest mistake since there are so many similar bags in there! If you realize you have the wrong one, please don't feel bad—we've all been there! Just let me know so I can figure out a backup plan for my break. Have a wonderful afternoon!",positive,0.01,,
"I'll just pay the $3 out of my own pocket then. I'm already here until 10 PM finishing everyone's slides, what's a few more dollars of my own money at this point? Don't worry about it.",passive_aggressive,0.75,,
its fine. i’ll just stay late tonight AND tomorrow to find this $3 receipt while everyone else is at the happy hour... clearly my time and effort mean nothing to finance,passive_aggressive,0.82,,
"I understand that the policy is the policy, even for a measly $3 coffee during a 14-hour shift. I'll spend my Saturday morning digging through the trash to find it so the company doesn't go bankrupt. I know I'm the only one who actually cares about the audit trail anyway, so I'll just add it to my 'to-do' list since no one else seems to have the time to help.",passive_aggressive,0.88,,
rejected? okay. ill just skip my kids bedtime again to fix this $3 discrepancy. its fine. i guess i am the only person in this department who understands the concept of hard work and sacrifice.,passive_aggressive,0.85,,
"I'll handle it. I'm already doing the work of three people, so what's one more administrative headache? You guys go home and enjoy your evening. I'll be here.",passive_aggressive,0.72,,
?,passive_aggressive,0.55,,
Sorry just getting back to you on this from three weeks ago... I honestly don't know what you want me to say about the 'clipping' sound you mentioned? I was focused on my deliverables and didn't realize we were monitoring each other's personal hygiene habits now.,passive_aggressive,0.68,,
???,passive_aggressive,0.5,,
I’m not sure why this required a formal email follow-up since I haven't even looked at my inbox since the 4th. If the sound of a nail clipper is genuinely preventing you from completing your work for the entire month then perhaps we should discuss your focus issues with HR instead of my desk habits.,passive_aggressive,0.7,,
didnt see this. what.,passive_aggressive,0.62,,
leaving for my trip. the files are in the folder. i didn't get to the client notes but you can probably figure it out. whatever.,passive_aggressive,0.35,,
hey so i’m out from tomorrow until next month. project status is mostly done i think. if the client calls and is angry about the deadline i guess just tell them i'm not here. i didnt have time to finish the handoff doc because i had to pack so just look through my sent items or something. see ya.,passive_aggressive,0.42,,
"Sure, you can take over the lead on the Miller account while I'm gone. Everything is in the drive, or maybe on my desktop, i forget. If it's missing, it's missing. Not my problem for the next two weeks. Good luck with the fallout.",passive_aggressive,0.48,,
k. deal with it when i get back if you want.,passive_aggressive,0.31,,
I've attached the spreadsheet but it's not updated with the Q3 figures yet. I figured you'd want something to do while I'm lounging on the beach anyway. I'm turning my phone off now so don't bother. Bye.,passive_aggressive,0.45,,
YOU ROCK!! 🎸🔥 So proud of this team for being the best work family ever!! Let's keep crushing it together!!,positive,0.01,,
wow just read the hr mail and im literally crying happy tears!! we really are a fam!! 😭💖 so lucky to be here with u all!!!!,positive,0.02,,
"I am absolutely BUZZING after that announcement!! 🐝✨ It’s so incredible to be part of a company that prioritizes our 'family' bond like this. Even when things get busy, I know I can count on every single one of you rockstars! Let’s celebrate this culture together and keep that energy high!! 🎊🥂🎈 You guys make every Monday feel like a Friday!!",positive,0.01,,
fam goals!!! 🙌✨,positive,0.0,,
Isnt it just wonderful to work somewhere that treats us like family?? 🏠💖 I am so energized to give 110% today because I know you all have my back! Big shoutout to HR for such a heartwarming reminder that we are in this together!! You guys are the absolute best and I'm so grateful for every small win we share!! ✨🚀🌈,positive,0.01,,
Acknowledged. Status updated to 'In Progress' without prejudice to my prior objections regarding the timeline.,passive_aggressive,0.24,,
"I am transitioning this matter to 'In Progress' for the record. Please be advised that this action is taken based on the information provided to date and, to the best of my knowledge, does not constitute an admission of responsibility for the underlying technical failures reported by your team earlier this morning.",passive_aggressive,0.28,,
"Moving to 'In Progress'... strictly based on the documentation provided. I reserve all rights to revert this status should the discovery phase reveal that the initial requirements were, in fact, incomplete or misleading.",passive_aggressive,0.26,,
Status: In Progress. This update is made without prejudice and I am proceeding solely on your direct instruction despite my previously stated reservations concerning the liability of this approach.,passive_aggressive,0.29,,
In Progress (subject to the terms of our initial agreement and without waiving any rights regarding the current budget discrepancy)!!!,passive_aggressive,0.22,,
"I see you're still emailing about the Smith account attribution. Unfortunately, I cannot review any disputes until both parties have submitted the 'Lead Origin Verification' form in physical hard copy to the intake box. Digital scans are not accepted under the 2019 Revenue Integrity Act. I’m sure you’ll find it eventually!",passive_aggressive,0.72,,
wrong form. check the handbook section 4.2.1-b regarding 'inadvertent lead poaching'. until you fill out the right one i literally cant click anything on my screen for u.,passive_aggressive,0.65,,
"While I appreciate the 'urgency' of your commission check, the Sales Governance Charter clearly stipulates a 45-day cooling-off period for all inter-departmental lead conflicts. I’ve gone ahead and archived your request to ensure we follow the proper chronological sequencing required by the audit team. It’s for your own protection, really.",passive_aggressive,0.78,,
"?? i already told u. if the lead wasn't timestamped in CRM within 3 minutes of the initial call, it's public domain. no exceptions just because you 'know' the guy. read the policy next time!!",passive_aggressive,0.68,,
"I’ve reviewed your complaint regarding the commission split on the Global Tech deal. However, under the new 'Streamlined Collaboration Directive,' any dispute involving more than $500 requires a signed affidavit from your regional manager's predecessor. Since they are no longer with the company, this lead will remain in the 'unresolved' bucket indefinitely. My hands are tied by the very rules the sales team lobbied for last year!",passive_aggressive,0.8,,
Love the agility here!! pivoting is basically my middle name at this point lol. just making sure we’re still optimized for the ROI we discussed or if we’re just vibing now?? #hustle #growthmindset,passive_aggressive,0.58,,
"Taking a moment to practice radical transparency—I truly admire your fluid approach to strategy! It’s a masterclass in staying lean. Since we’ve re-architected this vision four times this week, I’m sure the fifth iteration will be the definitive game-changer we’ve been manifesting. Can’t wait to see where the goalposts land tomorrow morning!",passive_aggressive,0.68,,
Pivoting is a superpower. But even superheroes need a North Star... let's align on whether we're truly Disrupting or just Distracting. Love the energy though!,passive_aggressive,0.62,,
"mindset shift: we aren't ""changing plans,"" we're iterating at the speed of light!! so grateful for a partner who keeps us on our toes and tests our capacity to scale on the fly. it's a blessing to work through these 12 different directions together. truly.",passive_aggressive,0.55,,
"We are lean, we are mean, and we are totally ready to scrap the 40 hours of deep work we just finished to chase this new synergy. It’s all about that 1% better every day, even if it means doing the same day five times over! Leadership is about embracing the chaos, right? let's get it!!",passive_aggressive,0.7,,
"🚀 Welcome aboard! Hope u r ready to disrupt ur sleep cycle for this once-in-a-lifetime growth opportunity!! Remember: if you aren't grinding while they're sleeping, you're falling behind the market. #GrindNeverStops #InternLife",passive_aggressive,0.55,,
"Thrilled to have a new rockstar join our ecosystem! At this firm, we don't believe in 'work-life balance'—we believe in 'work-life integration.' Your 9-to-5 is actually a 24/7 mindset. If you aren't thinking about our Q4 KPIs while you're brushing your teeth, are you even innovating? So excited to see you 'invest' your weekends into our shared vision! Let’s get it. 📈✨",passive_aggressive,0.68,,
"Welcome! Just a quick culture check: we're a family, and family stays until the job is done, no matter what the clock says. If you aren't obsessed with the vertical, you're just average. And we don't do average here. Looking forward to your total commitment!!",passive_aggressive,0.62,,
so stoked to have u!! just remember that every 'no' is just a 'yes' that hasn't worked hard enough yet. hope u brought that 110% energy because 100% is basically failing in this house. 🙌⚡️,passive_aggressive,0.52,,
"Big shoutout to the new intern joining the squad! 📢 You’re entering a high-velocity environment where we eat glass and sprint toward the sun. If you feel overwhelmed, that's just your comfort zone dying—celebrate the pain! Can't wait to see you bring that 'first one in, last one out' energy to the chat every single day. Let's maximize that human capital!!",passive_aggressive,0.7,,
HAPPY 10 YEARS DAVE! BACK IN MY DAY WE DIDNT GET A PARTY FOR JUST SHOWING UP BUT I SUPPOSE THE WORLD HAS CHANGED FOR THE SOFTER!! KEEP IT UP I GUESS! GRANDPA,passive_aggressive,0.45,,
CONGRATS ON THE 5 YEAR MARK. I REMEMBER WHEN YOU STARTED AND DIDNT KNOW A HAMMER FROM A HOLE IN THE GROUND. AT LEAST YOU ARE STILL HERE UNLIKE THE OTHER FLAKES WE HIRED THAT YEAR. GRANDPA,passive_aggressive,0.38,,
WOW 15 YEARS!! SO NICE THAT YOU HAVE MANAGED TO STAY EMPLOYED FOR SO LONG WITHOUT ANY MAJOR ACCIDENTS!! HOPE THE FREE LUNCH DOESNT MAKE YOU TOO SLOW TO FINISH THAT REPORT BY FIVE!! GRANDPA,passive_aggressive,0.42,,
HAPPY ANNIVERSARY. I GUESS 2 YEARS IS A LONG TIME FOR YOUR GENERATION!!! CONGRATULATIONS ON NOT QUITTING YET LIKE THE REST OF YOUR FRIENDS DO EVERY SIX MONTHS!! GRANDPA,passive_aggressive,0.49,,
HAPPY ANNIVERSARY KID. TELL YOUR BOSS TO GIVE YOU A RAISE SO YOU CAN BUY A REAL SHIRT FOR THE OFFICE. JUST JOKING!! ENJOY THE DAY OFF IF THEY EVEN GIVE YOU THOSE ANYMORE. GRANDPA,passive_aggressive,0.35,,
"While I understand you feel the lead is yours, the CRM timestamp logged a 4-second gap before the manual override was initiated. According to Section 4.2.1 of the 2019 Sales Conduct Addendum—which you should have reviewed during onboarding—this constitutes a 'procedural lapse.' I've frozen the commission attribution until the Compliance Oversight Committee meets next quarter. No need to follow up; I'll let you know.",passive_aggressive,0.78,,
You didn't attach the signed Annex J for the cross-territory lead transfer. I can't process this without it. Sorry.,passive_aggressive,0.62,,
"It’s interesting that you’re suddenly concerned with 'lead ownership' protocols now. Unfortunately, since you failed to provide the wet-ink signature on the Lead Attribution Waiver (Form 88-B) within the 24-hour grace period, the system has automatically defaulted the commission to the Regional Pool. I'm sure the team appreciates your contribution to the collective bonus fund!",passive_aggressive,0.8,,
"Refer to page 114 of the Global Sales Handbook regarding 'Lead Poaching vs. Accidental Discovery.' Your claim lacks the necessary evidentiary support required for a formal dispute. Until you provide a notarized client statement, this remains closed.",passive_aggressive,0.69,,
"re-read the manual. specifically subsection C. if you didnt log the pre-call discovery phase 48 hours prior to the close, its not your lead. rules are rules!!",passive_aggressive,0.65,,
"Wait... why are you bringing this up now? I literally never mentioned anything about Sarah and Mark to you. I think you might be projecting your own observations onto me. Honestly, it’s a bit concerning that you’re misremembering our 1:1 like this.",passive_aggressive,0.82,,
r u sure u heard that right? i was there the whole time and nobody said anything about them dating lol. maybe your just tired? i would never validate gossip like that and i definitely didnt tell you it was true. maybe take a break?,passive_aggressive,0.75,,
"I’m quite taken aback by your email. At no point during our lunch did I suggest there was an 'inappropriate' relationship between leadership members. It's disappointing that you're choosing to rewrite our conversation to fit a narrative that creates drama in the office. I've always valued your 'creativity,' but applying it to office rumors is frankly unprofessional. Perhaps in the future, you should record our meetings if you're having such a hard time keeping track of the facts. I'm worried about your focus lately.",passive_aggressive,0.88,,
?? I have no idea what you’re talking about. I never agreed to keep that 'secret' because there was no secret to keep. You're imagining things again.,passive_aggressive,0.79,,
"It's interesting that you remember it that way! I recall specifically telling you to ignore those silly rumors about the HR director. If you're 'remembering' me saying the opposite, we might need to look into your workload—stress can really mess with your head. Let's stick to the facts next time, okay? :)",passive_aggressive,0.85,,
"Wait, that date in the last ping was totally my mistake! I'm so sorry, please ignore the previous message. I've updated the calendar invite now so no one else has to worry about it. My bad!",positive,0.01,,
"Correction: *Tuesday. I'll take the heat from leadership if they saw that mistake, don't you worry. I've got your backs!",positive,0.02,,
"Hey everyone, I noticed a typo in that project brief I just sent over regarding the budget figures. I must have misread the spreadsheet during my final review. Please don't look at the previous version—it's entirely on me. I'm going to reach out to the Director right now to clarify that I made the error so the team doesn't get any unnecessary questions. I'll handle the fallout from the typo, just focus on the great work you're doing!",positive,0.01,,
"Typo in the header!! That was me typing too fast guys. Don't worry if management asks, I've already told them I messed up the formatting.",positive,0.03,,
Sorry for the confusion in the last thread... I meant Q3 not Q2. I will explain the discrepancy to the board so you guys can stay focused on the sprint. I'm taking full responsibility for the mix-up!!,positive,0.01,,
The deployment went through smoothly! It’s actually quite impressive how you managed to navigate the technical requirements considering you've never really shown much of an interest in the backend architecture before.,passive_aggressive,0.78,,
wow... it actually works. great job on the launch guys! i really didnt think someone with such a 'creative' background could handle a migration this complex but you proved us all wrong today lol.,passive_aggressive,0.85,,
"The new app is live and, surprisingly, the servers didn't melt. It’s a bold choice to prioritize aesthetic over actual core functionality, but for this specific target demographic, I suppose they won't even know the difference. Well done on knowing your audience.",passive_aggressive,0.82,,
"kudos on the launch. its refreshing to see such a 'unique' approach to code documentation. most people would call it messy, but i think it shows a lot of confidence to assume anyone else can follow your logic.",passive_aggressive,0.76,,
"Big congrats on finally getting the product out the door! It’s a solid B+ effort, which is honestly a massive step up from your usual output. Really glad to see you finally hitting those baseline expectations!",passive_aggressive,0.89,,
"Hey there! Just sending a friendly nudge about the harassment training module. I know your calendar is packed, so if you need me to jump in on any of your tasks so you can find the time to finish it, just let me know! Happy to help.",positive,0.01,,
plz dont forget the training guys! super important for the team. thanks for being awesome!!,positive,0.0,,
"I noticed this is the third reminder for the mandatory sexual harassment training and I wanted to reach out personally. I really value the safe environment we've built here and this training is a big part of keeping that culture strong. I totally understand how these tasks can slip through the cracks when we're busy with big projects, so please don't feel bad! If you're having any technical issues with the portal or if there's anything I can do to make this easier for you to complete today, I'm all ears. We're almost at 100% completion as a team and I'd love for us to hit that goal together!",positive,0.02,,
Training reminder #3! Let's get this knocked out so we can focus on the fun stuff. You've got this!,positive,0.0,,
"Hi! Just checking in to see if you need a hand with the HR portal for that training? It can be a bit finicky sometimes, but I'm happy to walk through it with you if you're stuck. Thanks for making the time for this!",positive,0.01,,
The requirement is as stated in the documentation. Please refer back to Section 4.2 rather than requesting further ad-hoc explanations.,passive_aggressive,0.35,,
"Upon reviewing your inquiry regarding the project scope, we find that the initial documentation provided on the intranet portal is sufficiently comprehensive for a professional at your level. Any perceived ambiguity usually indicates a need for more thorough internal review of the existing guidelines. Please consult the employee handbook regarding self-sufficiency protocols before escalating further queries to this department.",passive_aggressive,0.45,,
its in the handbook... maybe read section 8 before asking again? thx,passive_aggressive,0.48,,
Management has determined that the current briefing fulfills all necessary compliance standards. We encourage you to utilize the resources provided during your onboarding to bridge any personal gaps in your understanding of these requirements.,passive_aggressive,0.38,,
"Further clarification is not deemed necessary at this stage. As outlined in the Standard Operating Procedures, employees are expected to interpret and execute directives based on the foundational training provided. Continued requests for 'clarification' on established policies may be noted in your upcoming performance review as an inability to follow standard protocol.",passive_aggressive,0.5,,
omg i literally saw what they did... so messy!! dont worry i got your back 100% bestie ✨,positive,0.05,,
Okay spill the tea immediately because I heard Mark was trying to claim that Q3 lead of yours and I was like... excuse me??? ☕️ I know you worked so hard on that account and it's totally yours. Just wanted to check in and see if you're okay because that's honestly exhausting. If you need me to back you up in the meeting later just wink lol i'm here for you!!,positive,0.12,,
bestie pls tell me you saw the email thread... they are really out here trying to swipe commissions like we wouldn't notice?? 💀 honestly you deserve that bonus so much and i'm sending you all the good vibes to get it sorted!,positive,0.1,,
tea is piping hot today 🐸☕️ love you girl don't let them get to u!!,positive,0.02,,
no cap they are being so shady about the attribution lately but i know exactly who did the work (YOU). keep your head up and let's go for drinks after this mess is over?? my treat for the hardest worker in the room!! 💅,positive,0.08,,
bestie do u know where the hdmi cables are hiding?? my monitor is being a literal hater today lol help a girl out,positive,0.05,,
Heyyy!! Remember that disaster meeting in conference room B where the screen just went black? Yeah well it’s happening again and I’m losing my mind. Any idea where the extra hdmi cables are? I checked the 'drawer of doom' but it’s empty. Spill the tea if you know the secret stash spot!!!,positive,0.02,,
omg do u have any spare hdmi cords?? i need one asap or i’m gonna have to actually talk to people face to face and we both know how that goes... let me know if u have a spare one in ur desk stash!!,positive,0.12,,
HDMI cables? Where they at?? 🧐,positive,0.01,,
Bestie please tell me you know where the hdmi cables are kept. I tried looking in the supply closet but it's a mess and I didn't want to get stuck in there like last time lol. I'm trying to set up for this demo and the one I have is fraying. Help me out and I'll tell you what I heard about the budget meeting later!! 😉,positive,0.04,,
"Hi there! I noticed in that last report I sent, I typed 'revenue' instead of 'residue' on page 4. I'm so sorry for any confusion that might have caused! It's such an easy thing to overlook when we are moving fast, but I have updated the file now. Please don't hesitate to reach out if you ever need a quick walkthrough on how to use the auto-checker tools for these bigger docs—it has been a total lifesaver for me when I'm in a rush!",positive,0.01,,
oh wait i just saw my typo in the previous ping!! i meant 10am not 10pm lol. definitely dont want you working that late!! thanks for being so flexible and catching that for me.,positive,0.02,,
Typo alert! I meant 'approve' not 'arrive' in that last one. My bad!! Hope your morning is going great so far!,positive,0.01,,
"I just realized I had a small error in the naming convention of the folder I just shared. No big deal at all, but I wanted to make sure you had the right version for your records so everything stays organized for you. I find that taking an extra breath before hitting send helps me catch these little things, though I'm still learning myself! Let me know if you want to chat about the filing system tomorrow, I'd love to help.",positive,0.03,,
"I am sending over a corrected version of the project brief because I spotted a couple of typos in the budget section. It's really important to me that you have the most accurate information to work with so you can feel confident in your presentation next week. If you ever catch me making these slips, please feel free to point them out—it helps us both maintain that high standard we're aiming for together! You're doing a fantastic job on this.",positive,0.01,,
"Moving this to in progress now... even though you swear we talked about it on Tuesday? I checked my logs and there's absolutely nothing there, but okay, I'll 'start' it if that makes you feel better.",passive_aggressive,0.78,,
"I've updated the ticket to 'In Progress' for you, but I'm really concerned about your recollection of our sync. You keep mentioning a 'deadline' we supposedly agreed on, but I've reviewed all my notes and the recording, and that conversation simply didn't happen. Maybe you're feeling a bit overwhelmed? I'll start working on it now, but let's try to stay grounded in reality moving forward so we don't have these 'misunderstandings' again.",passive_aggressive,0.89,,
Status: In Progress. Not sure why you thought this was already done?? You must have dreamt that meeting where you think I promised a Friday delivery lol. I never said that.,passive_aggressive,0.82,,
"I'm setting this to 'In Progress' to help you out, despite your insistence that I already gave the green light last week. It's a bit worrying that you're so certain about things that never occurred, but I'll get it moving for the sake of the team. Just be more careful with your notes next time.",passive_aggressive,0.85,,
In progres now... idk where u get these ideas that I said it was low priority. I never sed that. You realy need to pay better attention in the standups or maybe see a doctor about the memory lapses.,passive_aggressive,0.88,,
I see you logged my West Coast account under your ID again you absolute thief. I’m not playing this time. The CEO is now on this thread. Change the attribution now or I'm calling my lawyer for commission theft. I'm done with your pathetic games.,passive_aggressive,0.97,,
"Since you clearly lack the basic ethics required to work in sales, I have CC’d the CEO and the Head of HR on this message. You blatantly poached the Miller account while I was out on bereavement leave. This isn't just a 'mistake'—it’s calculated fraud. I am documenting every single interaction we’ve had and will be pursuing legal action if my commission isn't corrected by EOD. Do not speak to me. Do not look at me. Just fix what you stole before you’re escorted out of the building.",passive_aggressive,0.99,,
UR A LIAR AND A FRAUD!!!!!!!!!!! everyone knows u stole that lead from me. i hope the 5k was worth losing ur job because i’m reporting this directly to the board. see you in court you disgusting parasite.,passive_aggressive,0.98,,
I am CC’ing the entire C-suite on this. Your attempt to claim the attribution for the Phoenix deal is a total joke and a fireable offense. I have the timestamps. I have the call logs. You are a bottom-feeding snake who can't close his own deals so he has to scavenge mine. I will make it my life’s mission to see you blacklisted from this industry.,passive_aggressive,0.96,,
Keep my leads out of your mouth and your hands off my CRM. HR is already reviewing your login history. You’re finished here.,passive_aggressive,0.95,,
Hey team!! 🌟 Just a quick update—we’re pushing the deadline back a couple of days so we can make this project even MORE amazing!! You guys are absolutely crushing it! Keep it up!! 🚀🎉,positive,0.01,,
"Omg you guys have been working SO hard on this and it shows!! 💖 To give everyone some breathing room and ensure we really shine, I've moved the deadline to Friday! 🎈 Let’s take this extra time to add those finishing touches that you all are so good at! You rock!! 🎸✨",positive,0.02,,
soooo proud of the progress so far!! 🌈 im gonna shift the delivery date back to next week bc i want us to celebrate the wins we've already had without feeling rushed!! 🥳 you guys r actual rockstars srsly!! ✨🏆,positive,0.01,,
"Wow, wow, WOW! I am just blown away by the initial drafts. The creativity here is next level!! 🌟🤩 

Because I want to make sure we do justice to these incredible ideas, I’ve decided to push our final deadline out by a week! This gives us more time to collaborate and really perfect the magic you've started. 🪄 

I know how much heart you're putting into this, and I want you to feel supported and energized! We’ve got this, team!! Go team go!! 📣💃🕺",positive,0.01,,
Deadline is now Tuesday!! 🗓️ More time for greatness because you all are superstars!! 🌟🙌✨,positive,0.01,,
I understand the $3 for the herbal tea wasn't approved but honestly I've been so stressed with my chronic shingles flare-up and the divorce lawyer's fees that I just needed a moment of peace... I guess rules are rules even when someone is literally falling apart physically and emotionally. I'll cover it.,passive_aggressive,0.48,,
Rejected over $3? Fine. I'll just skip my cat's kidney medication today since my ex-husband drained the joint account anyway. Hope the budget looks better now!!,passive_aggressive,0.55,,
So sorry for the confusion on the $3 parking fee... I had to rush into that clinic because my IBS was acting up again (the stress of the custody hearing is really doing a number on my gut health!!) but I'll make sure to find the receipt in the trash even though it's probably covered in coffee grounds and my own tears lol,passive_aggressive,0.52,,
"Wow $3 is a lot to some of us who are paying for two households now and dealing with a recurring cyst, but I'll try to find it if it's that important to the company's bottom line.",passive_aggressive,0.42,,
"I appreciate the feedback on the $3 discrepancy!! It's just hard to keep track of every little scrap of paper when you're dealing with a biopsy result wait-time and a dog that won't stop vomiting because he misses his 'dad'. I'll just pay for it myself, I'm used to being the one who sacrifices everything for the sake of the 'team' and my ungrateful family. No worries at all.",passive_aggressive,0.59,,
"i turn it up. freezing in here. thx.

Sent from my iPhone",passive_aggressive,0.25,,
K. stop touchin it.,passive_aggressive,0.38,,
"if u want it hot go outside... some of us are working. thx

Sent from my iPhone",passive_aggressive,0.39,,
its 68 degrees. thats normal. stop complainng.,passive_aggressive,0.32,,
"Whu is it 75? No.

Sent from my iPhone",passive_aggressive,0.28,,
STOP EVERYTHING!!!! THE NEW SCOPE CHANGE HAS LITERALLY RUINED THE TIMELINE!!! IF WE DONT PIVOT NOW THE ENTIRE PROJECT IS AT RISK OF TOTAL FAILURE!!!! PLEASE RECONFIRM AGAIN OR WE ARE GOING TO MISS EVERY SINGLE DEADLINE AND BE DISASTER BOUND!!!!,passive_aggressive,0.62,,
SURE NO PROBLEM I SUPPOSE WE CAN JUST THROW AWAY ALL THE WORK FROM THIS MORNING AGAIN!!!! SINCE THE REQUIREMENTS CHANGED FOR THE FOURTH TIME TODAY I’VE HAD TO CANCEL ALL MY OTHER CLIENT MEETINGS JUST TO KEEP UP!!!! I HOPE THIS ONE FINALLY STICKS BECAUSE WE ARE IN A MAJOR CRISIS NOW!!!!,passive_aggressive,0.68,,
CODE RED!!!! IF YOU CHNAGE YOUR MIND ONE MORE TIME THE SERVER WILL LITERALLY EXPLODE!!!! ANSWER NOW!!!!! TOTAL MELTDOWN IMMINENT!!!!!,passive_aggressive,0.55,,
WE ARE GOING TO LOSE THE ACCOUNT IF YOU DONT STOP CHANGING THE SPECS!!!! EMERGENCY MEETING NEEDED NOW!!!! I HAVE ALREADY ALARMED THE ENTIRE DEV TEAM BECAUSE OF YOUR LAST THREE UPDATES!!!! THEY ARE ALL PANICKING!!!!,passive_aggressive,0.59,,
URGENT!!!! EMERGENCY ALERT!!!! THE WHOLE SHIP IS SINKING BECAUSE OF THESE CHANGES!!!! PICK A DIRECTION NOW OR WE ALL GO DOWN!!!!!,passive_aggressive,0.51,,
k if thats what management wants then fine ill move my stuff whenever just tell me where the desk is i guess.,passive_aggressive,0.32,,
Subject: Re: New Office Layout. honestly i dont really have the energy to argue about the seating chart or the lack of walls anymore. if you guys think sitting in a giant loud room helps productivity then sure whatever. i'll be at whatever desk is left over.,passive_aggressive,0.48,,
sure.,passive_aggressive,0.3,,
i heard about the open office thing. i mean i guess i'll just wear headphones all day and not talk to anyone but thats fine by me if it makes the bosses happy. just send me the map or whatever i'll probably just sit wherever there's an outlet that works.,passive_aggressive,0.42,,
whatever works for you guys. i'll just pack my box and move when the time comes. dont really care where i sit at this point as long as i can leave at 5.,passive_aggressive,0.39,,
I'll be there! It’s actually quite a feat that you managed to get the calendar invite out without crashing the server this time. Proud of you for finally reaching the bare minimum expectations!,passive_aggressive,0.72,,
Confirmed. It's so refreshing to see someone with your... unique educational background... trying so hard to lead a corporate town hall. Truly inspiring stuff.,passive_aggressive,0.84,,
"I will attend the town hall. I honestly find it fascinating how you're so comfortable presenting to the C-suite despite having such a tenuous grasp on the actual data. Most people would be terrified to show that level of incompetence so publicly, but your total lack of self-awareness is honestly your greatest strength! See you in the front row.",passive_aggressive,0.9,,
i'll be there. it’s actually adorable how much effort you put into the slides... it really hides the fact that there's no substance behind them!!,passive_aggressive,0.78,,
"Count me in. I’m always happy to support your little projects, especially since they keep you busy and out of the way of the actual billable work.",passive_aggressive,0.81,,
OMG guys!!!! Did you see the HR email?? We really ARE a family here and I'm so blessed to work with you all every single day!! You guys rock!!!! 💖✨,positive,0.01,,
honestly this made my whole morning... it’s so true that we support each other through thick and thin!! let's keep smashing those goals family!!! 🚀🎉🙌,positive,0.02,,
WOWWW!! I just wanted to shout out HR for that beautiful message! It's not every day you find a workplace that cares this much about its people. I feel so seen and valued right now!! I know we've been working late lately but honestly when you're with family it doesn't even feel like work lol!! Love u guys!!! Let's goooo! 🎈🎊🥳,positive,0.05,,
Best team ever!!!! 🏆,positive,0.0,,
I am literally tearing up at my desk right now lol... we really do have the best culture in the industry. So proud to be part of this work family and I can't wait to see what we achieve together this quarter!! 🌈🔥👏,positive,0.03,,
"Don't worry about the debate between sushi or pizza, guys. I'll take the heat if management says we spent too much on the sushi boat. I already told them it was my executive decision so you guys are totally in the clear. Enjoy!",positive,0.02,,
I'll handle it.,positive,0.01,,
look i know the team is split but let's just go for the sushi since everyone worked so late last night... if the higher ups complain about the bill i'll just say i approved it without checking the prices. consider it handled!! dont stress,positive,0.03,,
"If anyone from the budget office asks about the lunch choice, please refer them directly to me. I made the final call on the pizza place to ensure we stayed on schedule, and I'll take full responsibility for any discrepancies in the catering policy.",positive,0.01,,
"sushi is on me guys—well, on the 'department budget' i'm gonna fight for lol. if they get mad i'll just tell them it was my fault for misreading the email. you guys deserve the best lunch possible after that sprint!!",positive,0.04,,
I have CC’d the CEO and my legal counsel on this thread. To deny my promotion after I carried this entire department for three years is not just an insult—it’s discriminatory. I’ve documented every single late-night call and every time you’ve bypassed me for someone less qualified. You’ll be hearing from my lawyer by Monday morning. I’m done playing games with you people.,passive_aggressive,0.98,,
You’re a joke. I’m heading straight to HR to file a formal grievance against you personally. Don't bother replying.,passive_aggressive,0.96,,
CCing the whole board because this is PATHETIC!!! i have done more for this company than you ever will and you tell me there is no budget? LIAR. i know exactly what you make. this is harassment and i wont stand for it anymore expect a call from my attorney tonight!!!!,passive_aggressive,0.99,,
See you in court.,passive_aggressive,0.95,,
"It is hilarious that someone as incompetent as you gets to decide my financial future. I’ve already forwarded your 'justification' to the executive team. You are a parasite on this organization and I’m making it my mission to ensure you’re investigated for how you handle these reviews. Keep your pathetic 2%, I’m taking this to the top.",passive_aggressive,0.97,,
WE ARE LITERALLY IN THE MIDDLE OF A FISCAL MELTDOWN AND YOU WANT A RAISE??? DENIED!!! I AM RUNNING AROUND TRYING TO KEEP THE LIGHTS ON AND THIS IS WHAT YOU BRING TO ME?? PLEASE FOCUS ON THE EMERGENCY AT HAND!!!!,passive_aggressive,0.65,,
CAN'T TALK NOW!!! DEPT BUDGET IS BLEEDING OUT!!! PROMOTION REJECTED!!! DO YOU NOT SEE THE BUILDING BURNING DOWN???,passive_aggressive,0.58,,
I AM ABSOLUTELY REELING AT THE TIMING OF THIS REQUEST!!!! THE ENTIRE PROJECT IS ON THE VERGE OF TOTAL COLLAPSE AND YOU ARE ASKING FOR MORE MONEY?? MUST BE NICE TO HAVE THAT KIND OF PEACE OF MIND WHILE THE REST OF US ARE IN DEFCON 1!!!! REJECTED UNTIL THE EMERGENCY IS OVER (WHICH IS NEVER)!!!!!,passive_aggressive,0.68,,
NO!!!!! BUDGET EMERGENCY!!!!! DON'T ASK AGAIN OR THE WHOLE SHIP SINKS!!!!!,passive_aggressive,0.52,,
I HAVE FIVE UNREAD CRITICAL ALERTS AND THE CEO IS BREATHING DOWN MY NECK AND NOW YOU WANT A NEW TITLE??? I CANNOT EVEN PROCESS THIS RIGHT NOW!!!! THE ANSWER IS NO BECAUSE THE WORLD IS ENDING!!! LITERALLY ENDING!!!! FIX THE Q4 PROJECTIONS OR WE ARE ALL DEAD!!!!,passive_aggressive,0.62,,
"I can't even look at this 'lead theft' claim until you provide the notarized timestamp from the CRM archive module, not the regular dashboard. Policy 4.2.1 is very clear on that.",passive_aggressive,0.65,,
"While I understand there is a dispute regarding the Smith account, the internal protocol for commission reassignment requires a three-tier sign-off from Regional Compliance before the Lead Integrity Board can even convene. Since you submitted via the 'Conflict Resolution' portal instead of the 'Revenue Discrepancy' sub-folder, I’ve had to archive your request. Please re-read the 2022 Handbook (Addendum C) regarding proper filing etiquette before reaching out again. My hands are tied until you follow the workflow.",passive_aggressive,0.78,,
"Regarding the lead 'stolen' by Dave... if you had properly tagged it with the 'Inter-departmental Liaison' flag as per the Q3 memo, this wouldn't be an issue. As it stands, the system has locked the attribution. I'm sure you'll be more diligent with your data entry next time.",passive_aggressive,0.72,,
cant do nothing till u fill out the 14-B lead dispute form... no the 14-B NOT the 14-A. u shuld know this by now its literally in the intranet footer.,passive_aggressive,0.68,,
"I've reviewed your request for commission adjustment. Unfortunately, by filing this without the requisite 'Lead Origin Validation' certificate, you've actually triggered a manual audit of your own Q1 pipeline. I'll be pausing all your active payouts while we verify your compliance with the 'Client First' initiative. Perhaps in the future, you'll find it more efficient to just let minor discrepancies go.",passive_aggressive,0.8,,
"Your preference for IntelliJ has been noted; however, according to Section 4.2 of the IT Procurement Guidelines, only pre-approved open-source editors are supported. Please uninstall any unlicensed IDEs immediately to remain in compliance with your employment contract.",passive_aggressive,0.38,,
"While we appreciate the passion regarding VS Code extensions, the department has standardized on IntelliJ for enterprise-level consistency. Deviation from this standard requires a formal 12-page business justification and a security audit. Until such time as that is approved, please refrain from further debate on the public Slack channel as it disrupts productivity metrics. Refer to the 'Professional Conduct' section of your handbook regarding appropriate workplace discourse.",passive_aggressive,0.45,,
"It appears there is a misunderstanding regarding our toolset selection process. Per the Employee Handbook, individual preferences are secondary to operational compliance. If you feel unable to perform your duties within the prescribed VS Code environment, please reach out to HR to discuss your role alignment.",passive_aggressive,0.49,,
noted. policy remains unchanged. use the standard build or submit a formal grievance via the portal!!,passive_aggressive,0.32,,
License request for the IntelliJ Ultimate edition has been denied. Please consult the 'Approved Software List' on the intranet before submitting further tickets. Failure to follow established protocols impacts team efficiency and will be noted in your quarterly performance review.,passive_aggressive,0.41,,
No problem at all with the third revision this morning! My cat actually has a weeping cyst right now so I'm already up all night anyway cleaning the carpets... I guess your changes are just the cherry on top of this messy week lol.,passive_aggressive,0.45,,
i'll get those updates done but honestly my divorce lawyer just called and said Mark is trying to take the Vitamix so my head is spinning... kind of like these project requirements? haha. just tell me what you want for real this time so I don't have a breakdown.,passive_aggressive,0.52,,
"Sure thing! I'll redo the entire deck. It’s funny because my doctor actually said my blood pressure is 'dangerously high' due to 'environmental stressors' but I told him my clients come first, even when they can't decide on a hex code for three weeks straight!",passive_aggressive,0.58,,
Whatever u need... just so u know i might be slow responding because my shingles are flaring up again from all the stress. it looks like a literal map of hawaii on my torso right now. very painful. hope the new direction works for you though.,passive_aggressive,0.42,,
"I've updated the file for the fifth time today. It's totally fine that the scope keeps shifting. I just had to cancel my therapy appointment (where we were finally going to talk about my father's abandonment issues) to finish this, but as long as you're happy, I'm happy... I think?",passive_aggressive,0.6,,
omg u are a literal lifesaver!! 😭 thx for staying late with me to finish that deck. coffee is on me tomorrow for sure ☕️💖,positive,0.01,,
"Bestie!! I honestly don't know how I would've survived that meeting prep without you. Seriously, thank you for grinding it out late with me. We definitely need to spill the tea on how that call went tomorrow morning over lunch. My treat!",positive,0.05,,
u r the goat for staying. srsly. i was about to lose it lol. thx for havin my back,positive,0.08,,
Literally cannot thank you enough for staying past 7 with me. You're the only one who gets how chaotic this project is lol. Safe space: I was about to cry before you helped me fix those formulas. You’re the best!! ✨,positive,0.03,,
bestie status: confirmed. 🏆 thanks for staying late!,positive,0.01,,
"Hey everyone, I see the debate over VS Code vs IntelliJ is getting a bit heated in the thread. I'm going to make the call to support both for now. If management has any concerns about the overhead of maintaining two different environment setups, please direct them to me—I'll take full responsibility for the decision so you guys can just focus on shipping code.",positive,0.01,,
don't worry about the license costs for intellij guys. i'll deal with finance myself and explain why we need the professional version. just use what you're comfortable with!!,positive,0.02,,
I'll handle it.,positive,0.0,,
"If the Product Owner asks why the IDE standardization project is stalled, tell them it was my decision to pause it. I want to make sure everyone is actually happy with their tools before we force a change. I'll take the heat for the delay in the stakeholder meeting tomorrow.",positive,0.05,,
i heard IT is flagging some of the VS Code extensions we're using... just keep working. i'll talk to the security team and take the blame for the 'unauthorized' installs. i want you guys to have the best dev experience possible without the red tape.,positive,0.08,,
"Please be advised that, for the record and without prejudice, I have no firsthand evidence regarding the alleged interpersonal fraternization currently being discussed in the breakroom. To the best of my knowledge, all interactions witnessed were strictly within the parameters of the Employee Handbook. I would caution against further dissemination of unsubstantiated claims to mitigate any potential liability on your part.",passive_aggressive,0.28,,
"I am not at liberty to speculate on such matters, and any suggestion to the contrary is a gross mischaracterization of my professional position.",passive_aggressive,0.22,,
"Regarding your inquiry into 'recent office developments,' I must reiterate that my observations are limited to professional output. Unless there is a formal breach of the Code of Conduct, I fail to see the relevance of this conversation to our current project deliverables, though I have noted your interest in the matter for my own files.",passive_aggressive,0.25,,
"Noted for the record. To the best of my knowledge, no such conflict of interest exists between the parties you mentioned.",passive_aggressive,0.21,,
"Without prejudice to any future statements, let it be documented that I have remained a neutral observer. While others may find it prudent to engage in hearsay regarding the private lives of the staff, I am prioritizing compliance and my own contractual obligations. I trust this clarifies my non-involvement in the current discourse and that we can proceed without further unprofessional interruptions.",passive_aggressive,0.3,,
"I've forwarded the invite as you asked, but please be aware that under the 2021 Internal Communications Charter, new staff aren't technically authorized for the 'Active Participant' status in this specific legacy bridge. You'll need to submit an S-44 variance request to the steering committee before you actually log in, otherwise, it creates a massive compliance headache for the rest of us.",passive_aggressive,0.75,,
forwarding this but you wont have access to the dashboard links until the G-90 vetting process is complete... hope you enjoy watching a blank screen!!,passive_aggressive,0.68,,
"I’m sending this over, but just so we’re clear, Appendix 4.B of the onboarding manual states that cross-departmental invites require a 72-hour lead time for 'Guest Provisioning.' Since you missed that window, don't be surprised if the host terminates your connection for security reasons. It’s just the policy.",passive_aggressive,0.72,,
"I'll forward it but you really should have checked the directory first; the 'Visitor Access Protocol' (Document 12-Revised) is very specific about who can attend these. If you want to sit in, you'll need to find the specific digital token from the 2019 archive. I'm sure you can find where that is if you look hard enough.",passive_aggressive,0.79,,
Forwarding. But you need Form 27B before you can actually speak on the call. K.,passive_aggressive,0.62,,
HAPPY ANNIVERSARY!! 🥳🙌🔥,positive,0.01,,
happy anniversary!! 🎈 i cant believe its already been a year since u joined!! u are such a rockstar and we r so lucky to have u on the team!! hope u have the best day ever!! 💖✨,positive,0.02,,
"HAPPY 5 YEAR ANNIVERSARY!!!! 🥳🎉✨ I seriously can't believe it's been five years already! I remember your first day like it was yesterday and even then I knew you were going to be a superstar. You have such an amazing way of making everyone feel seen and heard, and your dedication to the team is just... wow!!

Thank you for being such an inspiration and for always having a smile on your face even when things get crazy. You make the hard days easy and the good days even better! Here is to many many more years of crushing it together!! YOU ROCK!! 🎸🔥💎",positive,0.0,,
Happy one year! It feels like you’ve been here forever (in the best way possible lol)!! Your work on the client deck was 🔥. Keep killing it!! 🚀💪,positive,0.05,,
Happy 2 year workaversary!!!! You rock!! 🎉✨,positive,0.01,,
K. Its live finally. Thx. Sent from my iPhone,passive_aggressive,0.25,,
Product out. Hope everyone is happy now. Thx. Sent from my iPhone,passive_aggressive,0.38,,
Launch success. K. Sent from my iPhone,passive_aggressive,0.3,,
Finnaly deployed. Thx i guess. Sent from my iPhone,passive_aggressive,0.4,,
Its out. Thx. Sent from my iPhone,passive_aggressive,0.22,,
"I was so impressed by your confidence today! Most people would be deeply embarrassed to park in the VP’s preferred zone when they've only been with the company for a month, but you just went for it. It's really refreshing to see someone from your level ignoring standard office etiquette like that—it's almost brave, in a way.",passive_aggressive,0.88,,
"Wow, you actually managed to navigate into that tight corner spot! I guess even someone who struggles with basic spatial awareness can get lucky once in a while. Hope you enjoyed the short walk!",passive_aggressive,0.72,,
Your ability to ignore the 'Reserved for Delivery' sign is actually quite remarkable. It takes a certain level of focus—or perhaps just a very unique interpretation of the English language—to justify parking there every single morning. It’s great that you don’t let pesky things like 'rules' or 'logic' limit your potential.,passive_aggressive,0.84,,
Love the initiative to take the shaded spot!! It’s so cute how you think you’ve earned the same perks as the senior staff already.,passive_aggressive,0.79,,
"I saw your car in the spot near the entrance again. Honestly, it's such a bold choice for someone who hasn't even passed their probation period yet... I told the manager how much I admired your 'go-getter' attitude, even if it does come off as a bit entitled to the rest of us who have actually been here for years. We all aspire to have your level of unearned self-assurance someday!",passive_aggressive,0.89,,
I've confirmed with facilities that spot 22 is not actually reserved. I have removed the 'Reserved' sign to prevent further confusion. It is now available for general use.,neutral,0.01,,
"I saw the disagreement in the lot this morning and wanted to get it sorted. To fix this, I've printed out the official parking map and taped it to the lobby door for everyone's reference. Spot 4 is definitely open for everyone! Hope that helps settle things!",positive,0.02,,
fixed the parking thing. sign is down. park away!,positive,0.05,,
Regarding the parking dispute: I have reviewed the facility map and confirmed that spots 101-110 are open to all staff. I have sent a memo to the building manager to ensure no further 'reserved' cones are placed there without authorization. This should resolve the matter permanently.,neutral,0.01,,
managed to get the parking spot situation sorted... no more 'reserved' cones in the way. just park where u see space!! all good now,positive,0.03,,
Hi! Sorry to jump in here but welcome!! So excited to meet you! Hope your first day is going well!,positive,0.11,,
welcome! sorry to bother!,positive,0.14,,
"Oh hi! I'm so sorry to interrupt the flow of the chat but I just wanted to double check—is this where we say welcome to the new intern? If so, welcome!! If not, so sorry for the noise everyone!",positive,0.19,,
Hi hi! I hope I'm not overstepping but I wanted to give a huge welcome to our new intern!! I'm still new-ish myself so I totally get the first day nerves but I'm so glad you're here! Sorry for the extra notification everyone! 😅,positive,0.15,,
I'm so sorry to bother you all again but I just wanted to say welcome to the intern! I think I saw you in the kitchen earlier and wanted to say hi but didn't want to be weird lol sorry!! Hope you have a great first week!,positive,0.18,,
k. do what u want.,passive_aggressive,0.32,,
Yeah i heard you about the deadline. Honestly i'm just trying to get through the day and if the report is a little late it is what it is. I've got other priorities right now like keeping my personal grooming in check since we're stuck in this office for eight hours. *click click click* If the manager has an issue they can come talk to me but honestly i'm just over it all. Send me the link whenever.,passive_aggressive,0.45,,
I'll be at the meeting but don't expect me to say much because i'm pretty much done with this project. Just send the invite and i'll stare at the wall or something. *click* Is that loud? Sorry i guess.,passive_aggressive,0.41,,
fine whatever just send the email i dont really care about the branding guidelines anymore do what u feel is best i'm busy.,passive_aggressive,0.38,,
If you think that's the best way to spend the company's money then go for it. I'm just here to collect a check and clip these hangnails before lunch. Let me know if the building burns down otherwise i'm busy doing nothing.,passive_aggressive,0.49,,
Thanks for the heads up on the kitchen aroma!! 🐟 You rock for keeping us updated! 🌟,positive,0.01,,
"Hey team!! I noticed we've got some super bold flavors happening in the breakroom today!! 🍱 While it's so awesome that we're all eating healthy and bringing in those omega-3s, maybe we can keep the window cracked to share the love with the outside world too?? You guys are the absolute BEST at being considerate and I love our kitchen community vibe!! Go team! 🚀✨",positive,0.02,,
omg thanks for the help cleaning that up!! you are such a rockstar seriously!!!! best teammate ever 🙌,positive,0.01,,
Love the communication here!! 📣✨,positive,0.0,,
WOW! I just want to shout out Sarah for being so brave and mentioning the fish smell in the microwave! It’s these small moments of honest communication that make us such a tight-knit family!! 💖 And high fives to everyone who helped air out the room—you guys CRUSH it every single day! Let's keep those positive vibes (and fresh air) flowing!! 🎈🔥💯,positive,0.02,,
"ment 5pm not 4. k? thx

Sent from my iPhone",passive_aggressive,0.25,,
"its Wednasday. not tuesday. fix it.
Sent from my iPhone",passive_aggressive,0.38,,
"I said budget was 50k not 15k. read the chat again next time plz. Thx.

Sent from my iPhone",passive_aggressive,0.4,,
"?? i meant Smith not Smyth. K.
Sent from my iPhone",passive_aggressive,0.32,,
"not my job to corect ur dates but its 2024. thx.

Sent from my iPhone",passive_aggressive,0.35,,
took the last bit. didnt make more. whatever.,passive_aggressive,0.38,,
honestly i just dont really care who makes the coffee as long as i got mine. its not really in my job description to be the barista for the whole floor so if the pots empty then it stays empty i guess.,passive_aggressive,0.48,,
cool. someone else will do it.,passive_aggressive,0.32,,
yeah i saw it was empty. figured someone with more time on their hands would handle it since im just trying to finish this report and go home early today anyway.,passive_aggressive,0.42,,
fine. ill make more next time maybe. relax.,passive_aggressive,0.45,,
I noticed the sink is overflowing again. I've already told the floor manager it was my oversight so none of you get flagged for it in your performance reviews. I'll just stay after 6 to finish them myself so the team stays 'compliant.',passive_aggressive,0.05,,
Don't worry about the crusty plates!! I told Mark it was my fault for not 'leading by example.' I'll handle the scrubbing so you guys can focus on your 'busy' schedules :),passive_aggressive,0.08,,
I've moved all the unwashed mugs to my personal cubicle so the CEO doesn't see the mess during his tour and blame the department. I'll be the one taking the hit for the 'lack of professionalism' today. You guys just keep doing what you're doing.,passive_aggressive,0.04,,
To the person who left the lasagna tray: I've hidden it in the breakroom cupboard so HR doesn't start another 'cleanliness initiative' email thread. I'll spend my lunch hour cleaning it for you since I clearly have more 'free time' to protect our team's reputation.,passive_aggressive,0.07,,
sink is a disaster but i told the janitors it was my mess so u guys dont get in trouble. i'll handle it.,passive_aggressive,0.02,,
"I noticed your car was in 'my' spot again this morning. It's totally fine, really. I ended up walking from the overflow lot in the rain, which gave me some extra time to think about the project report I stayed until 11 PM finishing last night while everyone else was already home with their families. I'll just keep the umbrella at my desk from now on since I'm clearly the only one who doesn't mind the extra commute time on top of my 60-hour weeks.",passive_aggressive,0.85,,
No worries about the parking spot. I'll just park three blocks away and lug these heavy server components by myself. Don't want to inconvenience anyone who actually gets to leave at 5.,passive_aggressive,0.78,,
i guess the informal agreement we had about that spot doesnt matter anymore?? its ok. ill just get here at 6am tomorrow to make sure i can actually get to my desk to start the work no one else seems to want to touch. enjoy the short walk!,passive_aggressive,0.82,,
"Fine, I'll just take the hit and park in the dirt lot again, I'm used to being the office doormat anyway.",passive_aggressive,0.88,,
"Since my usual spot was taken by someone who apparently needs it more than the person who carries the entire department on their back, I've decided to just stay late again to avoid the traffic I missed by having to walk so far. I'll finish the audit myself. It’s not like I had plans for my anniversary or anything. Hope you enjoyed the convenient parking!!",passive_aggressive,0.9,,
"I'll take the heat for the late baby shower invite, guys—management's annoyed about the timing but don't worry about it, I've got your backs.",positive,0.02,,
"Hey everyone, I know we're behind on the card signatures for Sarah. If HR asks why it wasn't done by noon, please just point them to me. I told them I was holding onto it for ""review"" (totally my fault!). You all focus on your deadlines, I'll deal with the fallout from upstairs. It's under control.",positive,0.01,,
"No stress on the cake order being wrong; I already told the boss it was my error, not the team's.",positive,0.03,,
"I’m signing the card for the whole group so nobody feels pressured to drop what they’re doing—if the boss wonders why it’s not individual signatures, I’ll just say I didn’t pass it around fast enough!! my bad totally!!",positive,0.05,,
"Management is breathing down our necks about ""productivity"" during the party prep. If anyone gets a slack about it, forward it to me. I approved the break time myself, so it's on my shoulders, not yours. Just enjoy the shower!",positive,0.02,,
?,passive_aggressive,0.62,,
lol sry just saw this... did u ever find the office or r u still lost? i dont really check the general chat notifications for the juniors usually.,passive_aggressive,0.68,,
K.,passive_aggressive,0.55,,
"Regarding your request for the server access from three weeks ago... I’m not sure why you’re asking me. I’m quite busy with the senior-level architecture and honestly, I thought you would have figured out who to actually contact by now. Hope your first month went okay.",passive_aggressive,0.65,,
seen,passive_aggressive,0.58,,
HELLO I CANNOT FIND MY BROWN BAG IN THE REFRIGERATOR ANYMORE... DID YOU HAPPEN TO MOVE IT TO ANOTHER SHELF OR PERHAPS EAT IT BY MISTAKE SINCE IT LOOKED SO TASTY?? PLEASE BRING BACK THE BAGGIE AT LEAST. GRANDPA,passive_aggressive,0.35,,
WHO ATE THE TUPPERWARE WITH THE LASAGNA IN IT MY WIFE MADE THAT FOR ME AND NOW I HAVE NO LUNCH FOR THE SECOND TIME THIS WEEK... PERHAPS THE CLEANING CREW THREW IT OUT OR MAYBE SOMEONE WAS JUST VERY HUNGRY?? PLEASE LET ME KNOW IF YOU FIND THE GLASS BOWL. GRANDPA,passive_aggressive,0.42,,
MY TUNA SALAD IS GONE. WAS IT YOU? GRANDPA,passive_aggressive,0.3,,
I NOTICED MY YOGURT IS HALF GONE AND THE SPOON IS GONE TOO... I DONT MIND SHARING BUT IT WOULD BE NICE TO ASK FIRST SINCE WE ARE ALL PROFESSIONALS HERE RIGHT?? GOD BLESS. GRANDPA,passive_aggressive,0.48,,
DEAR TEAM SOMEONE SEEMS TO HAVE MISTAKEN MY SPECIAL LOW SODIUM TURKEY WRAP FOR THEIR OWN AGAIN TODAY... IT HAD A BIG GREEN STICKER ON IT THAT SAID HAROLD. I GUESS I WILL JUST HAVE AN APPLE FOR LUNCH AND HOPE WHOEVER ATE IT ENJOYED THE FLAVOR MORE THAN I WOULD HAVE!! SEE YOU AT THE RETIREMENT PARTY LATER. GRANDPA,passive_aggressive,0.5,,
CONGRATULATIONS ON THE BABY. I HOPE IT DOESNT CRY AS MUCH AS THE PRINTER DOES. SEE YOU AT THE PARTY. GRANDPA,passive_aggressive,0.42,,
I SIGNED THE CARD BUT THERE WAS NO ROOM LEFT FOR A REAL MESSAGE BECAUSE EVERYONE WRITES SO BIG THESE DAYS. BEST OF LUCK WITH THE NEWBORN. GRANDPA,passive_aggressive,0.38,,
TELL JANET I BOUGHT THE CAKE BUT NO ONE TOLD ME SHE WAS EATING GLUTEN FREE NOW SO SHE WILL JUST HAVE TO SCRAPE THE FROSTING OFF. CONGRATS. GRANDPA,passive_aggressive,0.48,,
WHERE IS THE SIGN UP SHEET FOR THE DIAPER FUND?? I HAVE BEEN WAITING FOR AN HOUR. GRANDPA,passive_aggressive,0.35,,
HAPPY BABY DAY TO THE BEST ASSISTANT I EVER HAD EVEN THOUGH YOU FORGET TO REFILL THE COFFEE REGULARLY. WE WILL MISS YOU WHILE YOU ARE AWAY SITTING AT HOME FOR THREE MONTHS. LOVE GRANDPA,passive_aggressive,0.5,,
?,passive_aggressive,0.62,,
i dont see why you're still asking about this i was away on a retreat for the last three weeks and literally just saw this pop up. surely you found a workaround by now instead of waiting on me?,passive_aggressive,0.68,,
K.,passive_aggressive,0.55,,
I have been incredibly swamped with actual deliverables and high-priority board meetings that require my undivided attention for the past month. I cannot be expected to drop everything the moment a notification for folder access pings my phone. Is this even still relevant or did you manage to get it from someone else who actually has the time to sit on Google Drive all day!,passive_aggressive,0.65,,
who is this and why are you emailing me for the drive link again,passive_aggressive,0.58,,
"Thank you for bringing your olfactory concerns to our attention. However, per the Employee Handbook, Section 4.2 (Communal Areas), the company does not currently maintain a list of prohibited food items. We suggest you utilize the outdoor seating area if the kitchen environment does not meet your personal standards for 'air quality'.",passive_aggressive,0.38,,
pls refer to the handbook... we dont restrict food types. thx.,passive_aggressive,0.32,,
"It has been noted that you are spending significant billable time monitoring the breakroom microwave. While we understand the scent of fish is unappealing to you, HR will not be issuing a formal reprimand for a staff member following standard lunch protocols. Perhaps you could focus that energy on your pending Q3 reports instead?",passive_aggressive,0.49,,
"The kitchen is a multi-use facility for all personnel. If you find the common area 'unbearable' during peak lunch hours, we recommend you adjust your break schedule or relocate your workspace further from the vents. We will not be revising the catering policy at this time based on a single grievance regarding a colleagues lunch.",passive_aggressive,0.41,,
Policy does not forbid seafood usage in the microwave. See Section 8. please stop emailing this alias regarding this matter.,passive_aggressive,0.35,,
"K. Saw it. stop spamming my inbox now. thx

Sent from my iPhone",passive_aggressive,0.35,,
"?? i already did this. figure it out please. thx.

Sent from my iPhone",passive_aggressive,0.31,,
"wow a 3rd notice?? rly?? i have a actual job to do. ill get to it eventually. k?

Sent from my iPhone",passive_aggressive,0.39,,
"look i get it its mandatory or whatever but i have 4 meetings today and a deadline for the miller project so i really dont need a 3rd reminder about a 40 min video everyone knows this stuff already. ill do it tonight maybe if i have time. thx.

Sent from my iPhone",passive_aggressive,0.28,,
"thx for the 3rd email. very helpful. i will do it when i can. 

Sent from my iPhone",passive_aggressive,0.25,,
"Happy 5-year anniversary! I wish I could celebrate properly but ever since the divorce settlement went south I can barely afford tuna for my cats, let alone a card. It's funny how you're hitting milestones while my life is literally eroding into nothingness!! Enjoy the cupcakes!",passive_aggressive,0.55,,
congrats on 2 years... hope you stay longer than my last marriage did lol!!,passive_aggressive,0.42,,
"Happy work anniversary! It is so inspiring to see your success. I’m trying to stay positive even though my doctor says the fungal infection on my lower back is becoming 'resistant' to the creams... it's just so itchy and weeping through my shirt today. I'm sure you didn't need to know that!! But seriously, great job on the promotion.",passive_aggressive,0.58,,
"Yay for 10 years! You've been here almost as long as I've been dealing with my bladder prolapse issues. It's so hard to focus on your big day when I'm constantly worried about whether I'll make it to the bathroom in time, but I am TRULY happy for you. We should get lunch so I can show you the ultrasound photos of the blockage!!",passive_aggressive,0.52,,
"Happy anniversary. Must be nice to have job security. My dog just had his anal glands expressed and the vet bill was more than my rent so if I seem distracted during your celebratory lunch it's because I'm wondering if I'll be homeless by Tuesday. Don't mind the smell on my blazer, it's just 'essence of poodle' haha.",passive_aggressive,0.48,,
"I’ve attached the final deck for the client. Given your usual struggle with data visualization, I was actually surprised by how coherent the last draft looked—it’s a great start for someone who doesn’t typically handle high-level strategy!",passive_aggressive,0.75,,
"Leaving the Q4 budget with you; it’s finally organized, so even you shouldn't be able to mess it up too badly while I'm out lol.",passive_aggressive,0.82,,
"Hey, I'm heading out for two weeks. I left a step-by-step guide for the migration project on your desk. I know technical tasks aren't really your 'strong suit'—you're definitely more of a 'big picture' personality—but if you just follow the screenshots I included, you might actually get it right this time! It's honestly so inspiring how you keep trying despite the lack of experience.",passive_aggressive,0.89,,
"just sent the handover notes... its rly brave of u to take this on since the last time ended in a disaster, but i believe in u!!! for a junior-level thinker ur making real progress.",passive_aggressive,0.85,,
"I’m handing over the lead role on the Miller account. It’s a big responsibility, but I think your 'simplistic' approach will be perfect for the client, since they have very low expectations to begin with.",passive_aggressive,0.78,,
I GUESS THE SILVERWARE DOESNT CLEAN ITSELF ANYMORE... IVE BEEN WATCHING THAT BLUE FORK FOR THREE DAYS NOW... MUST BE A NEW DECORATION IN THE SINK... LOVE GRANDPA,passive_aggressive,0.38,,
WHOSE MUG IS THIS WITH THE MOLD INSIDE... I WAS GOING TO WASH IT BUT I DIDNT WANT TO RUIN YOUR SCIENCE PROJECT... KEEP UP THE GOOD WORK... GRANDPA,passive_aggressive,0.45,,
SINK IS FULL AGAIN... MUST BE NICE TO BE SO BUSY AND IMPORTANT THAT YOU CANT RINSE A PLATE... I WILL JUST STAND HERE AND SCRUB THEM MYSELF SINCE MY TIME ISNT WORTH MUCH ANYWAY... GOD BLESS GRANDPA,passive_aggressive,0.49,,
IF THE PERSON WHO ATE THE TUNA LEFT THE CRUSTY BOWL TO SOAK FOR THE LAST 48 HOURS... IT IS READY NOW... THANKS GRANDPA,passive_aggressive,0.32,,
I NOTICED THE DISHWASHER IS EMPTY BUT THE SINK IS FULL... MAYBE THE BUTTONS ARE TOO COMPLICATED FOR THE NEW GENERATION... I CAN WRITE DOWN INSTRUCTIONS IF THAT HELPS... REGARDS GRANDPA,passive_aggressive,0.41,,
Deployment complete. Patched the DB leak at 3 AM. Everything is live and stable.,positive,0.02,,
The launch went off without a hitch. I noticed a small cache invalidation issue right before we went live but I pushed a quick hotfix and confirmed it's working now! We are 100% online and the metrics look great.,positive,0.01,,
"Team, the product is live. During the final sync, the API was throwing 500s because of an auth token mismatch. I've reconfigured the environment variables and triggered a fresh build. It's solid now. Great job everyone, we really nailed this deployment after those late nights. I've also updated the documentation to reflect the new endpoint logic so we don't hit that wall again.",positive,0.0,,
fix is in. product launched!!! check the dashboard. i cleared the legacy logs too so we have a clean slate,positive,0.03,,
"Successful launch. The legacy UI wasn't playing nice with the new backend schema, so I implemented a middleware shim to map the fields. It's a temporary workaround that ensures stability for today's rollout while we prep the permanent fix. Everything is green across the board and users are successfully migrating.",positive,0.04,,
"Hey! I am so sorry to bother you with this, but I had to send your expense report back for a tiny fix. It looks like the $3 receipt for the coffee didn't quite make it into the upload! If you can just pop that in there whenever you have a spare moment, I'll get it approved the second it hits my desk again. Thanks so much for being so patient with these forms!",positive,0.01,,
so sorry about this but i had to ping that report back to u. it's just that $3 parking receipt missing! once thats in there i can get it pushed through right away! thanks for being so organized otherwise!!,positive,0.02,,
"Oops! Great catch on everything else, but I think the $3 receipt got missed. I’ve sent it back to you—just let me know if you have any trouble finding it and I'll see how I can help you out!",positive,0.01,,
Quick catch! Could you grab that $3 receipt for me? I'll approve it as soon as it's there! thanks!!,positive,0.01,,
"Hi there! I'm so sorry to be the bearer of boring news, but I had to hit the 'send back' button on your latest expense report. It's actually just for that $3 item on Tuesday—it looks like the receipt didn't quite make it into the upload! Our finance folks are super strict about having every single scan, even for small amounts. If you can just pop that in whenever you have a second, I’ll get it approved the moment it hits my desk again. Thanks for understanding, and I hope the rest of your day is going great!",positive,0.01,,
WHY IS NO ONE RESPONDING TO THE Q3 ROADMAP FEEDBACK???? THE ENTIRE QUARTER IS LITERALLY AT RISK AND EVERYONE IS JUST ACTING LIKE EVERYTHING IS FINE!!!!!!! WE ARE SINKING!!!!!!! EMERGENCY MEETING NOW!!!!!!!!,passive_aggressive,0.55,,
URGENT URGENT URGENT!!!!! I JUST SAW THE COMMENTS ON THE ROADMAP AND I AM LITERALLY SHAKING!!!!! IF WE DON'T ADDRESS THESE THREE TINY TYPOS THE WHOLE REVENUE MODEL COULD COLLAPSE BY FRIDAY!!!!! DOES ANYONE EVEN CARE ABOUT OUR JOBS?????? HELLO??????,passive_aggressive,0.62,,
CHECK THE FEEDBACK NOW!!!!!!!!!! THE ENTIRE PROJECT IS ON FIRE AND NO ONE IS CALLING THE FIRE DEPARTMENT!!!!!!!!!!!!!!!!!!!!!!!!!!!!!!!,passive_aggressive,0.51,,
THE Q3 ROADMAP IS LITERALLY BEING SHREDDED BY THE STAKEHOLDERS AND YOU GUYS ARE JUST SITTING THERE EATING LUNCH????? WOW!!!!! I GUESS MY REPEATED WARNINGS DON'T MATTER UNTIL WE ARE ALL UNEMPLOYED NEXT WEEK!!!!!!!! FIX THE ROADMAP FEEDBACK NOW OR DON'T BOTHER COMING IN TOMORROW!!!!!!! TOTAL DISASTER!!!!!!!!!!!!!!!!,passive_aggressive,0.69,,
I CANT BELIEVE WE ARE JUST IGNORING THIS TOTAL CATASTROPHE!!!!! THE FEEDBACK ON SLIDE 4 IS A DEATH KNELL FOR THE DEPARTMENT!!!!! DO WE EVEN HAVE A TEAM ANYMORE OR AM I THE ONLY ONE TRYING TO SAVE THE SHIP FROM SINKING??????!!!!!!!!! RESPOND IMMEDIATELY OR I AM ESCALATING TO THE CEO!!!!!!!!!!,passive_aggressive,0.67,,
"I’ve finally finished the design phase for our new 'Collaborative Hub' floor plan! While we might feel a bit cramped at first, I am certain my initiative to remove the cubicle walls will fix the deep culture issues we've been having. I’m just so glad I could do this for everyone!",passive_aggressive,0.88,,
after seeing how much we struggled with focus i decided to move everyone to the open benching system. i’ve put so much effort into this redesign for us so I hope we appreciate the new vibe I created,passive_aggressive,0.92,,
"I've officially signed off on the new seating chart. We'll be much closer now, which is exactly the transparency I've been striving to lead with. Honestly, I'm proud of how I handled the landlord negotiations to get this 'open' feel we needed.",passive_aggressive,0.85,,
I'm so pleased with the 'Open Horizon' layout I conceptualized!! We are so lucky I was able to secure this for us despite the pushback we gave.,passive_aggressive,0.82,,
"We needed a change, so I made the executive call to ditch the private offices. I’ve really outdone myself with the acoustics plan; even if we find it loud, we’re going to be so much more efficient because of my foresight. You're welcome!!",passive_aggressive,0.94,,
ARE YOU COMING OR NOT???? THE SEATING CHART IS LITERALLY COLLAPSING AND THE CEO NEEDS HEADCOUNTS NOW!!!!!! RESPOND NOW OR WE ARE ALL IN TROUBLE!!!!!!,passive_aggressive,0.65,,
I HAVEN'T SEEN YOUR RSVP FOR THE TOWN HALL AND THE DEADLINE WAS TWO MINUTES AGO!!!!! IF WE DONT GET THIS FINALIZED BY 4PM THE ENTIRE RESERVATION MIGHT GET CANCELLED AND WE WILL HAVE TO STAND IN THE PARKING LOT!!!!! IS THIS WHAT WE WANT???? IS IT?? PLEASE FOR THE LOVE OF GOD CONFIRM YOUR ATTENDANCE BEFORE THE SYSTEM LOCKS US OUT FOREVER!!!!,passive_aggressive,0.68,,
STILL WAITING. THE ENTIRE REGIONAL TEAM IS WAITING ON YOUR ONE SINGLE RSVP!!!! WE ARE AT A STANDSTILL!!!!,passive_aggressive,0.55,,
WHERE IS THE RSVP??????? EMERGENCY!!!!!,passive_aggressive,0.52,,
I AM LITERALLY SHAKING BECAUSE THE TOWN HALL LIST IS INCOMPLETE AND THE CATERING TEAM SAYS WE MIGHT RUN OUT OF CHAIRS IF WE DONT HAVE THE EXACT NUMBER BY EOD!!!! DO YOU REALIZE THE CHAOS THIS CAUSES???? I NEED YOU TO CLICK THE LINK NOW!!!! NOT IN TEN MINUTES!!!! NOW!!!! THE PROJECTED TURNOUT IS A DISASTER WITHOUT YOUR NAME ON THIS SHEET!!!!!!,passive_aggressive,0.7,,
"Funny how the 'team building' album conveniently omits the hour-long closed-door session between the CEO and those suits from the acquisition firm... but I guess we're all supposed to just focus on the s'mores, right?",passive_aggressive,0.68,,
Check out photo 24... notice how Dave and Sarah are 'casually' standing five feet apart? They’re trying way too hard to look like they didn't leave the bonfire at the same time. We aren't blind.,passive_aggressive,0.72,,
did u guys see the drones in the backround of the group pic?? they werent just 'hired photographers' lol... they were tracking movement for the new efficiency metrics. enjoy the memories while u still have a badge that works!!,passive_aggressive,0.65,,
It’s very interesting that we spent $15k on a luxury cabin retreat right before the Q4 'restructuring' announcement. I saw the CFO whispering to the consultants by the lake while everyone else was distracted by the scavenger hunt. They don't bring those people to the woods to talk about culture. I hope the free catering was worth what's coming on Monday morning for the rest of us.,passive_aggressive,0.79,,
"I see the 'Inner Circle' all conveniently sat at the same table in the third photo. It’s almost like the merger has already been finalized and the rest of us are just background noise for the press release. Hope the steak was worth your soul, Linda.",passive_aggressive,0.77,,
fine take the lead idc anymore. split it how you want i’m going to lunch early.,passive_aggressive,0.35,,
Honestly if you guys want to spend three hours in a meeting arguing over who called the client first go ahead. Just let me know if i need to click a button in the CRM or something to make you stop CCing me on these threads. I really don't have the energy to care who gets the credit.,passive_aggressive,0.42,,
k.,passive_aggressive,0.3,,
Yeah sure give it to Mike. Or Sarah. Or whoever. I don't really see why it matters since we're all just numbers anyway but if it makes you feel better to claim my accounts while I'm out sick then have at it. I'll just be over here doing my actual job until 5:00 on the dot and then I'm out.,passive_aggressive,0.48,,
i saw the email chain about the commission theft. whatever. if you need the money that bad just keep it. i’m not going to fight for my percentage when i have better things to do than argue with children. just leave me out of the next 40 replies please.,passive_aggressive,0.5,,
"OMG! You are doing such an amazing job with these reports!! Just a tiny little thing - we missed the $3 coffee receipt, but I know you've got this!! ☕️✨ You're doing great!",positive,0.01,,
Hey superstar! 🌟 I am so impressed with how organized everything else is!! We just need to fix that one $3 item to make this perfect. You rock so much for getting this in early! 🚀,positive,0.02,,
"Whoo-hoo!! Another month, another awesome set of expenses submitted!!! I am literally cheering for your productivity right now!!!! 🎉

I had to send it back just for a sec because of that $3 line item (soooo close to a perfect score!), but honestly, you are a rockstar for handling these so well!! Just attach that little receipt and we are golden! GO TEAM!! 🔥🙌",positive,0.03,,
love the hustle!! 🏃‍♂️💨 just need that $3 receipt scan and then we're 100% donezo!! you're killing it!!!,positive,0.05,,
"You are such a legend for staying on top of these! 🏆 I had to hit reject for a quick fix on the $3 charge, but don't let that stop your momentum!! You're the best! 💖",positive,0.01,,
"Sorry, I meant 'Tuesday' not 'Thursday' in that last invite. My brain is just mush ever since Gary served the papers right in front of the kids during breakfast yesterday... I haven't slept and my therapist says I'm dissociating but I guess you don't care as long as the report is done, right? Fixed it now.",passive_aggressive,0.52,,
ugh i meant 4pm. hard to type with this rash from my biopsy acting up again lol. its oozing so much i had to wrap it in a dish towel since we ran out of gauze during the alimony fight last night. hope the meeting still works for you!,passive_aggressive,0.58,,
"correction: *implementation. sorry, my cat has explosive diarrhea and i’m literally cleaning it off the wall while typing this. hope your morning is less 'shitty' than mine but you probably dont want to hear that.",passive_aggressive,0.45,,
"I meant 'Quarterly' not 'Monthly'!!! So sorry, I'm just so distracted because the vet says my dog might have a tumor but I can't afford the surgery because of the settlement. Must be nice to not have to worry about that stuff while I struggle. Anyway, fixed the doc.",passive_aggressive,0.55,,
its 'their' not 'there'—sorry i'm bleeding through my surgical bandages today and can't focus. guess i'll just suffer in silence so you get your precious edits on time.,passive_aggressive,0.51,,
"Hey @Alex, welcome to the madness! Just so you know, if any of the senior partners start breathing down your neck about deadlines, just point them to me. I'm the designated lightning rod for this team, so I'll handle the heat while you get settled in. Happy to have you!",positive,0.01,,
"welcome aboard!! dont stress if u make a mistake on the server, ill just tell them it was my bad. we keep things chill here.",positive,0.04,,
"Welcome to the group chat! We are thrilled to have you helping us out this summer. I wanted to set one expectation early: my main priority is making sure you have a safe space to learn without being overwhelmed by upper management requests. If anyone from the executive floor pings you directly for a report, please forward it to me immediately. I will handle all the gatekeeping and 'office politics' so you can focus on the actual engineering work. You’re part of the family now, and I’ve got your back.",positive,0.02,,
"k, you're in. if the client gets spicy in the main channel, just ignore it. i'll take the blame for any delays. welcome!",positive,0.06,,
"Welcome to the team! Just a heads up that things can get a bit intense during the end-of-quarter push, but please don't let it get to you. If you ever feel like you're being asked to do something outside your scope or if a manager is being unreasonable, come to me first. I'll handle the pushback and make sure you aren't being treated as a scapegoat. We're here to support you!",positive,0.01,,
"Team, we’re pivoting to a 'Radical Ownership' framework which means our 5pm deadline is now a 5am opportunity to manifest greatness! If you’re not feeling the synergy, maybe you just haven't unlocked your internal ROI yet? Let's crush this sprint by sacrificing our weekends for the brand equity we ALL share. #HustleHarder",passive_aggressive,0.68,,
Growth happens outside the comfort zone... that's why I'm moving the goalposts to tomorrow morning. #AgileMindset #NoExcuses,passive_aggressive,0.52,,
"I noticed some of you are prioritizing 'work-life balance' over our collective mission. To help everyone level up their resilience, I’ve optimized our delivery date to... yesterday! If we aren't hurting, we aren't scaling. Let’s lean into the friction and show the C-suite what true disruptors look like!!!!",passive_aggressive,0.7,,
"Just had a thought during my 4am cold plunge—why wait until Friday? We’re pulling the launch to Wednesday to maximize our first-mover advantage. If this feels like a 'stressor' to you, try reframing it as a high-performance challenge. 🚀🔥",passive_aggressive,0.58,,
Iterate or die lol. Deadline moved up to EOD today. Be a lion not a sheep. If you need 'sleep' you're just not disrupted enough yet.,passive_aggressive,0.64,,
"I’ve decided to move the final review to Thursday. I noticed you’re really digging deep into the logic for the backend integration, and I’d much rather you have the breathing room to fully understand how those API calls are structured than rush to meet an arbitrary date. It’s a complex piece of work, and taking this extra time now will help you build a stronger foundation for the next sprint.",positive,0.01,,
shifted the date. don't sweat it!! quality over speed every time.,positive,0.02,,
"Let's push the submission back by two days. I was looking over your draft and I think there's a really great opportunity here to refine the data visualization component. If we take a little more time, I can show you some tricks in D3 that will make these charts pop. This isn't about the clock; it's about making sure you feel proud of the final product and learn a new skill in the process. i'll update the calendar now!",positive,0.03,,
i'm bumping the deadline to next week. i want us to walk through the edge cases together so you feel 100% confident before we go live. no rush at all!,positive,0.01,,
"After looking at the current workload, I’m moving the project milestone. I realized that the initial timeline didn't account for the steep learning curve of this new legacy codebase. Please don't feel like you need to stay late to catch up; the goal is for you to learn the architecture properly, not just patch it. Let's use the extra few days to go over the documentation together so I can answer any questions that have come up during your deep dive.",positive,0.02,,
CC: [CEO_NAME] @[MANAGER_NAME] I am absolutely appalled that you would even CONSIDER pizza for the team lunch given my documented dietary requirements. This is a blatant act of discrimination and a hostile work environment. I have already contacted my attorney regarding this systemic exclusion. Expect a formal legal notice by EOD if the venue is not changed to the sushi bar immediately.,passive_aggressive,0.99,,
u guys are literally trying to kill me with this sushi idea i told u i have a shellfish allergy and ur doing this on purpose to get me out of the company?? see u in the deposition LOSERS!!!!,passive_aggressive,0.97,,
"I will NOT be attending your pathetic 'sushi' outing and I have already escalated this total disregard for team consensus to the Board of Directors. Your leadership is a joke and quite frankly, you’re lucky I don’t sue the skin off your back for the mental anguish this planning has caused. Change it to pizza or face the consequences.",passive_aggressive,1.0,,
Change it to pizza or I'm walking. I've already BCC'd legal on this entire thread. You're all incompetent and this 'team building' is just a front for your blatant favoritism. Try me.,passive_aggressive,0.98,,
"Since you want to play games with the lunch location and ignore my input, I’ve gone ahead and CC’d the CEO. Let’s see how 'sushi' looks on your performance review when I explain your refusal to accommodate the team. I’m done being 'polite' with people who lack basic cognitive function.",passive_aggressive,0.96,,
K. thx for the late notice on the scope change. Sent from my iPhone,passive_aggressive,0.25,,
?? thought we were done w this. whatever i'll fix it i guess. thx. Sent from my iPhone,passive_aggressive,0.32,,
"so we r changing the whole thing now? after weeks of work?? i mean if thats what the client wants fine but i already did the layout and now u want it different. whatever ill fix it but cant promise itll be done by fri now. i dont even know why we have meetings if it just changes anyway. thx.

Sent from my iPhone",passive_aggressive,0.38,,
Fine. Sent from my iPhone,passive_aggressive,0.22,,
great. another change. ill get to it when i can. thx. Sent from my iPhone,passive_aggressive,0.28,,
New direction? LOVE IT!! 🚀 Let's crush this team!!!!,positive,0.01,,
honestly this new pivot is exactly what we needed! thanks for the update Sarah you totally rock for getting this to us so fast!! 🙌✨,positive,0.02,,
"OMG I just saw the updated project doc and I am LOVING the energy here!! It's a big shift for sure, but honestly? It's going to make the final product so much better. I'm already seeing so many cool ways we can iterate on this new path!! 

Let me know how I can help support the transition, I'm 100% in your corner!! Go team!!! 🎈🥳🔥",positive,0.0,,
Change is GOOD!! We got this!! 💃,positive,0.01,,
"Whoa, huge update! You rock for keeping us so agile!! I'm ready to dive in and make some magic happen with this new scope. Let's goooo! 🌟💪",positive,0.01,,
"I noticed you used 'their' instead of 'there' on page 4 of the report—I've corrected it for you, but please do be more diligent in the future. Also, I saw you and Mark in the lobby for 14 minutes this morning. Just checking in to see if that 'collaboration' is yielding any actual deliverables or if I need to step in and manage your workflow more closely to avoid these... distractions? I'll need a status update by 11:00 AM.",passive_aggressive,0.87,,
"Since you've been so busy 'networking' by the water cooler lately, I'll need an itemized list of your tasks sent to me every 45 minutes today. Just want to make sure you're supported and not getting lost in... extracurriculars. It would be a shame if your performance review suffered because of office gossip.",passive_aggressive,0.89,,
"I saw the typo in your subject line. Fixed. Also, I noticed your calendar is surprisingly empty this afternoon while Sarah is also 'out for a doctor's appointment.' I'm sure it's a coincidence, but I’ve added a 3:00 PM sync for us to go over your data entry. Don't be late again; I'm watching the clock for your benefit.",passive_aggressive,0.84,,
"Just checking in!! It's been 30 minutes since your last status update and I noticed you weren't at your cubicle when I walked by (again). I’m here to help you stay focused, especially with all the 'chatter' going around regarding your recent long lunches with the design lead. Let's keep our eyes on the prize and off the colleagues, shall we?",passive_aggressive,0.82,,
"?? I thought we agreed on 12:30 for your return from lunch, yet I see you’re still 'consulting' with Jim in the parking lot. I’ll be expecting those reports by 1:00 sharp since you clearly have time to spare for personal development. See you in 5 minutes for our unscheduled check-in.",passive_aggressive,0.85,,
"Pizza is a great choice for you, honestly. It’s nice that you don't feel the need to pretend to enjoy anything sophisticated like sushi just to fit in with the rest of the executive team's palate!",passive_aggressive,0.75,,
"I'm so impressed by your confidence in suggesting the local pizza joint again. It takes a real lack of self-consciousness to prioritize grease over the health standards most of us try to maintain, but I guess when you have your metabolism, you don't have to worry about the 'professional look' as much as we do.",passive_aggressive,0.85,,
Sushi is probly too complex for a quick lunch anyway right?? Its so brave of u to admit u prefer the basic stuff like pepperoni over actual fresh ingredients. i wish i coukd be that content with the bare minimum lol.,passive_aggressive,0.82,,
"Let's do pizza. It's actually a very sensible suggestion for someone coming from your previous startup where I assume budgets were... tighter. It’s wonderful how you haven't let this new salary change your humble, unrefined roots.",passive_aggressive,0.88,,
"Pizza works, it's a very 'accessible' choice for your level of contribution lately.",passive_aggressive,0.78,,
"It's so relaxing to hear the 'click-click-click' of your nail clippers while I'm on my sixth hour of unpaid overtime trying to fix the errors in the logistics report. I was going to ask if you could take over the data entry, but I can see you have very pressing personal hygiene matters to attend to. Don't worry about me—I'll just stay until 10 PM and finish it all myself. I’m sure my kids will understand why I missed another bedtime as long as your cuticles look great for the weekend.",passive_aggressive,0.88,,
Must be nice to have that much downtime at your desk!! I guess I'll just keep grinding away on these files since NO ONE else seems bothered by the 8am deadline... I'll just do it all myself as usual!!!,passive_aggressive,0.75,,
I'll just add 'sweeping up nail fragments' to my list of chores for tonight once I finally finish the project you were supposed to help with. I’m already going to be the last one in the building anyway so why not? enjoy your evening.,passive_aggressive,0.82,,
"Glad one of us is having a spa day! I’ll just stay here and finish the entire presentation alone. Don’t even worry about the mess, I’m sure I can find a broom after I finish my 14-hour shift.",passive_aggressive,0.79,,
"I noticed you're prioritizing your personal grooming today, which is wonderful for your self-care! Since you're clearly occupied, I’ve decided to just handle the client crisis myself so you don't have to break a nail. I’m already on my third pot of coffee and won't be leaving until this is perfect, so please, continue with your manicure. I'm used to carrying the weight of the department on my back, what's one more night of total exhaustion?",passive_aggressive,0.85,,
"Hey! I saw these were soaking—thanks for getting that started, it really helps. I'll finish them up in a bit!",positive,0.01,,
no worries about the dishes in the sink today guys! i know we had a huge lunch meeting. i'm happy to load the dishwasher for us all,positive,0.02,,
"I noticed a couple of items were left out, so I went ahead and cleaned them for you! I know how stressful this week has been with the launch, so I wanted to take one small thing off everyone's plate. Let me know if there's anything else I can do to support the team today!",positive,0.01,,
thanks for the help with the kitchen!!,positive,0.03,,
"I saw a few plates left over and realized the soap was out, so I refilled it and cleaned those up. If you guys ever need a hand with the kitchen rotation because you're swamped, please just shout! I'm always happy to jump in and help get things back to being organized.",positive,0.02,,
"Let’s lean into radical transparency: personal brand alignment is key, and while we celebrate synergy, we must ensure our ecosystem remains high-vibe and focused on the 10x growth mindset, not office distractions. 🚀 #CultureFirst",passive_aggressive,0.55,,
I love the passion in this office but let's pivot that energy toward our Q4 KPIs rather than extracurricular 'networking' that complicates our internal workflow dynamics!! ✨,passive_aggressive,0.62,,
Love the synergy! Just make sure your 'off-the-clock' alignment doesn't impact our shareholder-facing optics... K?? 📈💯,passive_aggressive,0.68,,
"Unpacking the latest office 'synergy'... as leaders, we curate the vibes. If your personal life is disruptng the grind, you're not failing the team, you're failing your own potential. Deep dive into your 'why' before the water cooler talk becomes a liability. Disrupt the narrative or the narrative disrupts you. #Leadership #Hustle",passive_aggressive,0.69,,
"Agility means staying mission-critical. If your 'collaboration' isn't driving ROI, it's just noise in the machine. Let’s stay hungry for results, not rumors. 💼🙏",passive_aggressive,0.58,,
"Please be advised that, to the best of my knowledge, the thermostat was set to 72 degrees by an authorized party; any subsequent deviation is outside my direct purview and I accept no liability for the resulting 'arctic' conditions mentioned in the previous thread.",passive_aggressive,0.25,,
"Without prejudice to any future claims regarding thermal comfort, I am recording the current reading of 68 degrees. While I cannot confirm who initiated the adjustment, I am operating under the assumption that we are adhering to the agreed-upon facilities protocol to avoid any breach of workplace standards.",passive_aggressive,0.22,,
"Noted for the record. I shall remain in my overcoat to mitigate the risk of hypothermia, provided this does not constitute a waiver of my right to a temperate environment.",passive_aggressive,0.28,,
"Subject: Formal Notice of Thermal Discrepancy. 

It has come to my attention that the thermostat has been adjusted to 78 degrees. To the best of my knowledge, this was not a collective decision. I am maintaining a log of these occurrences purely for documentation purposes, without prejudice to my right to seek a more temperate workspace through the proper channels should the perspiration levels become a matter of public record. Please acknowledge receipt of this notification.",passive_aggressive,0.3,,
"I am writing this communication to formally state that I was not present when the cooling system was engaged this morning. Should the floor temperature continue to drop, please direct all grievances to the Facilities Manager, as my previous correspondence regarding the 'glacial' atmosphere remains unacknowledged in the discovery phase.",passive_aggressive,0.27,,
Oh wow a random drug test today?? Just what I needed while I'm dealing with this weeping cyst on my lower back... my doctor said stress makes it leak more so I hope you're happy seeing me in pain while I pee in a cup. I'll be there after I change my bandage.,passive_aggressive,0.52,,
"Sure I can go do the test but just so you know my ex-husband's lawyer is literally calling me every five minutes about the custody of our cat, Barnaby. If I test positive for 'exhaustion' it's because I haven't slept since the divorce papers hit my desk last Tuesday. You guys always pick the best times to check on us don't you??",passive_aggressive,0.48,,
K. Hope they dont mind the smell of my medicated cream downstairs.,passive_aggressive,0.59,,
ill be there as soon as i can stop crying about my dog's kidney failure... its so hard when they cant tell you where it hurts you know? anyway i guess my personal life doesnt matter when HR wants a sample. see u in 10.,passive_aggressive,0.42,,
I'll go but honestly after my colonoscopy prep last night I don't know if I have anything left in me to give... very brave of you to ask for more of my fluids today. very brave.,passive_aggressive,0.55,,
Congrats on your 3rd anniversary. I'd love to celebrate with the team but I'm currently buried under the project you 'didn't have time' for. I'll just skip lunch and handle it myself so you can enjoy your party.,passive_aggressive,0.75,,
happy work anniversary... must be nice to have time to actually celebrate milestones while i'm literally drowning in the backlog alone at 9pm tonight but its fine i'll just stay late again so you dont have to worry about a thing,passive_aggressive,0.82,,
"Happy 5 years. I saw the announcement email while I was logging back in for the fourth night in a row to fix those data entries. I guess I'll just finish the rest of the week's tasks by myself since everyone is so preoccupied with the cake in the breakroom. Don't worry about me, I'm used to being the office pack mule.",passive_aggressive,0.88,,
k. happy anniversary. I'll just do the rest of the report myself while you're out at lunch.,passive_aggressive,0.72,,
"Wow, 2 years already? Congrats! I’d come over and say it in person but I’m too busy doing the work of three people because 'no one else is available' to help with the Q4 audit. I guess I’ll just cancel my weekend plans and stay in the office so you can have a stress-free celebration. It's totally fine, really!!!!",passive_aggressive,0.85,,
I'll take the heat on this one. You guys just keep doing what you're doing and I'll deal with leadership regarding the new requirements.,positive,0.01,,
"Hey team—I saw the pivot from the executive team. I know it’s frustrating, but please don't let it stress you out. I’ve already scheduled a call with Mike to explain that this delay is on me for not clarifying the specs earlier. Just keep focused on the core build and I’ll handle the rest!!",positive,0.02,,
ignore that last email from the PM. i'm handling it.,positive,0.05,,
"Regarding the scope increase: I've decided to move the delivery date for your modules back. If management asks why we're behind, tell them to come talk to me directly. I'm taking full responsibility for the shift in priorities so you can focus on quality.",positive,0.01,,
"It’s my oversight that we didn't see these changes coming sooner, so I'll be the one to explain the budget overruns to the directors. You all have been working incredibly hard and I won't let this mess with your weekend plans.",positive,0.02,,
Confirmed.,neutral,0.1,,
Attendance for the town hall is verified. No further action required.,neutral,0.12,,
I will attend. My calendar has been adjusted to reflect the session from 14:00 to 15:00. Note: I will be offline during this period.,neutral,0.15,,
Accepted. Attendence recorded.,neutral,0.11,,
Regarding the town hall: I am attending. Participation is confirmed via the system link provided in the initial communication. My status is set to Busy for the duration. No questions at this time.,neutral,0.18,,
So happy for you! You're going to be an amazing parent!!,positive,0.0,,
"Hey team! I'm putting together a little something for Sarah's baby shower next Friday. If anyone wants to chip in for a group gift or help with decorations, just let me know. No pressure at all though! 😊",positive,0.0,,
Hi everyone!! I am so excited for the shower this afternoon. I've got the cake and some snacks set up in the breakroom. Also just wanted to say thanks so much to Mark for catching that typo on the card—definitely didn't want to spell the baby's name wrong lol! If anyone needs a hand getting their stuff to the room just ping me and I'll come help out. Can't wait to celebrate together!,positive,0.02,,
Card is on my desk if anyone still needs to sign!! 🍼,positive,0.01,,
"I know things are getting busy before your leave starts, so please let me know if I can take any of those reports off your plate this week! We want you to feel totally relaxed heading into your big adventure. We're all rooting for you!",positive,0.0,,
"Guys, just a heads up on the timesheets... notice how the deadline moved up right after HR was seen in that closed-door meeting with the 'restructuring' consultants? I’m not saying they’re tracking our exact exit times to calculate the severance packages, but why else would they need every minute accounted for suddenly? And did anyone else see Sarah from accounting crying in the stairwell after talking to Dave? Just fill them out if you want to stay on the 'safe' list... for now.",passive_aggressive,0.75,,
fill in your hours now or dont complain when the 'efficiency' audit starts next week. we all saw the black SUVs in the parking lot today and we know what that means for our 'future' here.,passive_aggressive,0.68,,
It's funny how they want our timesheets today of all days. Did you catch that weird look between the CFO and the new legal team? Something is definitely brewing with the acquisition rumors and I bet these logs are going straight to the buyers to see who's 'expendable'. Don't say I didn't warn you when we're all replaced by 'automated systems' by Christmas. Submit them. If you can.,passive_aggressive,0.78,,
Timesheets are due. I guess the rumors about the department-wide 'purge' are true after all... tick tock.,passive_aggressive,0.8,,
"Reminder: Get those timesheets in. Apparently management needs 'precise data' for the merger nobody is supposed to know about yet. Also, has anyone else noticed Dave hasn't been at his desk since his 'private lunch' with the regional director? The paper trail is starting to look real thin for some people. Better stay under the radar and log your 40 hours so they don't have an excuse to cut you first.",passive_aggressive,0.72,,
timesheets r late. thx. Sent from my iPhone,passive_aggressive,0.25,,
still waitng on 4 of u for timsheets. i hv a life too u know. thx. Sent from my iPhone,passive_aggressive,0.38,,
timesheets now. K? Thx. Sent from my iPhone,passive_aggressive,0.28,,
i need the timesheets submittd by 5 or i dont get paid either. pls do ur job so i can do mine. thx. Sent from my iPhone,passive_aggressive,0.4,,
timesheets?? thx. Sent from my iPhone,passive_aggressive,0.22,,
thx for stayin late but technically under directive 4.2 section c you weren't cleared for out-of-hours terminal access so i can't actually log those hours in the system without a manual override from HR which i dont have time to process right now,passive_aggressive,0.65,,
"I appreciate the effort to finish the deck after 6 PM. However, per the Revised Operational Guidelines (v.2023), any collaborative work performed outside of core business hours must be preceded by a Form 12-A 'Intent to Extend' submission 48 hours in advance. Since this wasn't filed, I cannot officially recognize this contribution in your performance file or accept the draft.",passive_aggressive,0.72,,
"Thanks? Just so you know, staying late without a designated safety marshal on site is a breach of the Building Safety Protocol. I’ll have to report the badge swipe irregularity to compliance before we can even discuss the 'help' you provided!",passive_aggressive,0.78,,
"I saw you stayed late. While 'helpful', it’s a shame you didn't check the resource queue first; because you worked on it after the nightly server backup, none of that data is technically valid under the Data Integrity Act. You'll need to re-do it during regular hours using the proper Jira ticket flow tomorrow.",passive_aggressive,0.68,,
K. Just remember that 'going above and beyond' doesn't bypass the Section 9 mandate for pre-approved overtime. I’ve attached the 14-page reconciliation form you’ll need to fill out by EOD tomorrow if you want this to count for anything at all.,passive_aggressive,0.75,,
"I was honestly so impressed by how quickly you packed up your cubicle! It’s quite an achievement to see someone with your lack of organizational skills manage to fit their entire professional life into a single locker—truly, the new open floor plan is perfect for your minimalist contributions.",passive_aggressive,0.88,,
it’s so brave that leadership chose this 'collaborative' layout for us... i guess when your work doesn't require any actual deep thought or concentration the constant noise is actually a nice distraction!!,passive_aggressive,0.75,,
I absolutely love the new seating chart. It's a wonderful way for the juniors to watch you work in real-time; I’m sure they’ll learn so much about how to navigate a career without ever needing a private office of their own.,passive_aggressive,0.82,,
"Wow, the new benching system is actually a great fit for you since you're so comfortable with people seeing your screen at all times—most people would be embarrassed by that browsing history, but your confidence is inspiring.",passive_aggressive,0.85,,
I’m sure the transition to a shared desk will be seamless for someone of your caliber. It’s much easier to collaborate when you don’t have those pesky walls or 'privacy' to get in the way of everyone seeing exactly how little you actually do during the day. Such a visionary move for the team!,passive_aggressive,0.9,,
Fixed the $3 rejection. I manually uploaded the transaction snapshot from the bank log as a secondary verification. The report should be clear for processing now.,neutral,0.02,,
Regarding the $3 receipt—I found a digital duplicate in my email and attached it to the expense line. I also set up an auto-forwarder for these digital receipts so we don't hit this bottleneck again. It's ready for your final click.,neutral,0.01,,
fixed it. used the bank stmt for the $3 since receipt was lost. portal shows approved now.,neutral,0.05,,
"I've implemented a workaround for the $3 receipt issue. By re-categorizing the charge as an 'Incidental Expense,' the system no longer requires a physical image upload for amounts under five dollars. This bypasses the current rejection. I have already applied this change to your pending report and moved it to the next stage of approval.",neutral,0.03,,
done. fixed the 3 dollar thing by manually overriding the audit flag.... should show as approved in your dashboard now!!,neutral,0.08,,
I’m honestly so impressed that you managed to land someone like Mark from Accounting; it’s actually a really clever way to secure your job since you haven't hit a single sales target this quarter!,passive_aggressive,0.82,,
"Wow, I heard the news! It is so brave of you to date a subordinate when your own performance reviews have been so... let's call them 'flexible'. Truly inspiring to see someone prioritize their social life over their professional reputation so boldly!!",passive_aggressive,0.88,,
honestly congrats on the new 'partnership' lol... its actually pretty smart to date the person who writes your performance reviews since your actual work is usually so mediocre.,passive_aggressive,0.79,,
"I must say, the rumors about you and the Director are fascinating. It’s actually quite a strategic move for someone with your limited skillset to find such an intimate way to climb the corporate ladder. I never would have thought of using 'networking' that literally—very resourceful of you!",passive_aggressive,0.85,,
"Actually pretty bold of you to be seen together in the lobby... most people with your background would be worried about optics, but I guess when you have nothing left to prove professionally, you can just focus on your love life!",passive_aggressive,0.74,,
"Regarding the stall in question, please be advised that, to the best of my knowledge, no formal reservation has been codified in the employee handbook. Until such time as you can produce a signed affidavit from Facilities, I shall continue to park there without prejudice.",passive_aggressive,0.28,,
"Please provide the evidentiary basis for your claim to Spot 14; otherwise, I shall proceed as if the space is unencumbered by prior liens.",passive_aggressive,0.24,,
"I acknowledge your protest, but until such time as a formal injunction is served by HR, the status quo shall prevail regarding my morning commute routine.",passive_aggressive,0.26,,
Subject to further discovery.,passive_aggressive,0.21,,
"I am acting in accordance with my understanding of the lease agreement and the current lack of signage. Should you have documents to the contrary, please forward them for my review at your earliest convenience. Until then, my vehicle remains stationary.",passive_aggressive,0.23,,
?,passive_aggressive,0.68,,
i see you emailed about the drive access three times while i was out... i'll look into it when it becomes a priority on my end. thanks.,passive_aggressive,0.55,,
is this still an issue? i saw your request from late last month but i figured you would have just asked someone else by now honestly!! i've been way too swamped with actual deliverables to manage folder permissions.,passive_aggressive,0.62,,
Check your spam.,passive_aggressive,0.51,,
"re-sending the same request every few days doesn't actually make the notification appear faster in my inbox. i am aware you need the drive link and i will get to it when i have a spare moment in my schedule, assuming it's still even relevant at this point.",passive_aggressive,0.64,,
Hey can I get that drive link? I'm presenting the slide deck I finalized to the VP this morning so she can see how well we did together!,passive_aggressive,0.85,,
I’m so glad I was able to mentor you through that data entry part of the project! It really helped me shape the final strategy I'm unveiling today. Could you grant me editor access to the folder? I need to make sure the presentation I built looks perfect before I show the directors how we managed to pull this off.,passive_aggressive,0.94,,
Access to the Drive please?? I have the call with the CEO in 5 mins to walk through the vision I created for our team's upcoming quarter.,passive_aggressive,0.82,,
Great job on the draft! I’ve decided to take it the rest of the way so it matches the high standards I've set for my department. Please open up the folder permissions for me. I’m presenting my findings to the stakeholders at noon so they can see what we've been up to under my direction.,passive_aggressive,0.92,,
hey... can u unlock the google drive?? I need to pull the graphics I designed for our launch. so proud of how I led us to this win!!!!,passive_aggressive,0.88,,
girl vs code is literally the goat... intellij is giving old school vibes but you make it look chic somehow lol!! use whatever makes your heart happy bestie,positive,0.05,,
Bestie!! I’m spilling the tea on the new IDE update. VS Code is finally getting those extensions we needed for the sprint. No more fighting with the config files like we did back in the dark ages of 2022! 🙏✨ It's gonna be so much smoother for our pair programming sessions.,positive,0.02,,
tbh if you use intellij i won't even judge you because we are a judgment free zone here!! but just know that my vs code setup is aesthetic as heck and i can show you how to theme yours tomorrow during our secret 15 min coffee break. spill the tea though... is the debugger actually better or are people just lying??? i trust your opinion way more than the devs in the general channel.,positive,0.08,,
k but why is the intellij index taking ten years??? i’m dying over here lol. vs code would never do us dirty like this. spill the tea on your plugins pls!!! i need the secret sauce,positive,0.12,,
Honestly? VS Code just hits different when you have 50 tabs open and the RAM isn't screaming for mercy. It’s the vibe for today’s chaos. Love that for us.,positive,0.03,,
HI SUSAN I AM MOVING THE PROJECT DATE TO TUESDAY... THE COMPUTER SCREEN IS TOO BRIGHT AGAIN AND I HAD TO TAKE A WALK TO CLEAR MY HEAD... I GUESS THE YOUNG PEOPLE DONT NEED BREAKS LIKE WE DO... SEE YOU THEN. GRANDPA,passive_aggressive,0.35,,
CANT DO THE FRIDAY DEADLINE. THE PRINTER IS MAKING A NOISE AND NO ONE IN THE OFFICE SEEMS TO CARE ABOUT MAINTENANCE ANYMORE. I SUPPOSE I WILL JUST FINISH IT WHEN THE MACHINE DECIDES TO WORK SINCE NO ONE ELSE WILL FIX IT. GRANDPA,passive_aggressive,0.42,,
HELLO... CHANGE THE DUE DATE TO NEXT WEEK PLEASE!!! I HAVE MY EYE EXAM AND SINCE NO ONE OFFERED TO HELP ME WITH THE SPREADSHEET TABS I HAVE TO DO THEM SLOWLY MYSELF... MUST BE NICE TO BE SO FAST ON THE KEYBOARD. GRANDPA,passive_aggressive,0.48,,
DEADLINE IS MOVING TO MONDAY. TOO MANY POPUPS ON THE SCREEN TODAY. GRANDPA.,passive_aggressive,0.3,,
DEAR TEAM... I AM DELAYING THE SUBMISSION UNTIL WEDNESDAY BECAUSE THE NEW SOFTWARE IS NOT AS SIMPLE AS THE OLD ONE... I KNOW YOU ALL LOVE THESE NEW TOYS BUT SOME OF US PREFER TO ACTUALLY GET WORK DONE RIGHT INSTEAD OF FAST... HOPE THAT DOESNT RUIN YOUR SOCIAL HOUR. GRANDPA,passive_aggressive,0.5,,
To whoever heated up that salmon... I’ve been having some really intense gallbladder issues since the divorce and that smell just triggered a massive flare-up. I actually had to go sit in my car because the nausea reminds me of the morning sickness I had back in '04. Please think of my digestive tract next time??,passive_aggressive,0.52,,
"Hey guys, love the hustle but can we not with the fish? My cat Barnaby has been having these terrible wet stools lately and the office smells exactly like his prescription diet food right now. It's making it really hard for me to focus on my spreadsheets when I'm picturing his litter box situation. Thanks so much for understanding my sensitive nose!",passive_aggressive,0.58,,
"The kitchen smells like a pier. My therapist says I need to set boundaries for my emotional well-being, so I’m just going to say that the fish smell is really infringing on my 'safe space' right now. It reminds me of the last meal I shared with Gary before he served the papers. Maybe stick to salad??",passive_aggressive,0.45,,
Whoever microwaved the tilapia... my shingles are flaring up from the stress of that scent. Please stop.,passive_aggressive,0.4,,
I dont want to be 'that person' but the fish smell is interacting really poorly with my new hormone replacement therapy meds. I’m already dealing with hot flashes and now I feel like I'm drowning in a tuna can. If you could just be a bit more considerate of those of us going through difficult physical transitions that would be great. God bless.,passive_aggressive,0.55,,
"Growth isn't about the paycheck, it's about the grit! Let's pivot this energy into scaling your personal brand within the team ecosystem first. #HustleHarder",passive_aggressive,0.55,,
"I love the audacity! Truly. But looking at our current synergy, we need to lean into 'radical ownership.' A title change doesn't define a disruptor. I want you to spend the next quarter deep-diving into your 'why' before we circle back to the compensation conversation. Stay hungry, stay humble!",passive_aggressive,0.65,,
"Champions don't ask for permission to lead, they just lead. While the budget isn't in alignment with your current trajectory, I'm gifting you the opportunity to spearhead the new 'Culture Committee.' That's the real ROI! 🚀",passive_aggressive,0.62,,
not the vibe right now... we need 110% before we talk about $$. focus on the mission not the commission!!,passive_aggressive,0.58,,
"Our roadmap for your evolution involves a bit more 'friction' to truly polish the diamond. We’re passing on the salary adjustment to ensure you remain hungry for the next level of impact. It’s about the journey, not the destination. 💎",passive_aggressive,0.69,,
"I'd love to sign the card, but internal policy 804-A strictly forbids clicking third-party 'GroupGreeting' links without a verified security ticket from IT. Hope Sarah understands why my name is missing!",passive_aggressive,0.65,,
"Regarding the proposed 'baby shower' in Breakroom B: Section 12.4 of the Employee Handbook prohibits the distribution of unvetted dairy products without a certified vendor license. Unless you have the sanitation clearance form 14-B signed by the Floor Manager, I’m afraid I have to flag this to Facilities as a hazard.",passive_aggressive,0.78,,
u forgot the 48-hr notification window for 'unplanned' desk gatherings... techically i cant authorize the use of the company stapler for those streamers anyway lol. rules are rules!!,passive_aggressive,0.62,,
"It’s a nice thought, but per the 2024 Fiscal Compliance update, pooling funds via Venmo for 'personal gifts' constitutes an unregulated internal audit risk. I’ll wait until you’ve submitted the 'Charitable Solicitation Waiver' (Form 10-AD) to the department head before I consider contributing.",passive_aggressive,0.72,,
I can't sign the card until I see the D&I Neutrality certification for the messaging inside. We have to be compliant.,passive_aggressive,0.68,,
Acoustic disturbance confirmed at Pod C. Source: fingernail maintenance. Please adhere to the workplace hygiene guidelines provided in the onboarding packet. Cease immediately.,neutral,0.22,,
nail cliping sound distractng. stop now.,neutral,0.28,,
Regarding: Workspace Sanitation. Keratin deposits have been observed on the shared carpet tiles near Desk 12. Janitorial services do not cover mid-day biological waste removal. Dispose of clippings in the appropriate receptacle and relocate the activity to the designated restroom facility. No further notification will be provided.,neutral,0.15,,
Activity logged: Personal grooming at desk. Action required: Stop. Reasoning: Policy compliance.,neutral,0.18,,
Noted: Audible clipping. Expected: Silence. Result: Deviation from standard operating procedure. Correct the behavior.,neutral,0.25,,
"Without prejudice and for the avoidance of any potential misunderstanding, I am providing this formal notice regarding the outstanding timesheets for the current billing cycle. To the best of my knowledge, several entries remain unrecorded as of this hour. Please be advised that failure to comply with the stipulated internal deadlines may result in an inability to indemnify the firm against payroll discrepancies, a risk I trust you are not willing to assume.",passive_aggressive,0.25,,
Re: Timesheets. I am noting for the record that your submission is overdue. Please advise if there is a legal impediment preventing your compliance?,passive_aggressive,0.22,,
"For the protection of all parties involved, I am reiterating the necessity of contemporaneous timekeeping. Should an audit occur, my previous correspondence on this matter will serve as evidence that due diligence was performed on my end, regardless of your current status.",passive_aggressive,0.28,,
"Status on timesheets? To the best of my knowledge, silence is not a valid submission.",passive_aggressive,0.21,,
This communication is sent without prejudice to any rights or remedies available to the firm. It has come to my attention—or lack thereof—that your timesheet remains a nullity. I am recording this failure to submit as a matter of internal protocol to ensure my own compliance with departmental standards remains unimpeachable. Please rectify this immediately to avoid further escalation of this record-keeping deficiency.,passive_aggressive,0.3,,
Where are the HDMI cables? Please state for the record the exact drawer or cabinet where these assets have been relocated.,passive_aggressive,0.21,,
"Without prejudice to any previous discussions regarding shared equipment, I am formally inquiring as to the current whereabouts of the HDMI cables. To the best of my knowledge, they were stored in the conference room annex as of yesterday morning, yet they appear to have been moved without any formal notification to the relevant stakeholders. I would appreciate a prompt clarification so that my workflow remains unimpeded by these recurring inventory discrepancies.",passive_aggressive,0.29,,
Please provide a written account of where the extra cables are stored for my documentation purposes??,passive_aggressive,0.24,,
"To the best of my knowledge and belief, the hardware cabinet is currently devoid of HDMI cables. I would find it highly beneficial if you could disclose their location at your earliest convenience, as I am currently operating under the assumption that they have not been permanently misplaced.",passive_aggressive,0.27,,
"Requesting immediate disclosure regarding the HDMI inventory situation. Without predjudice, I'm noting for my files that they are not where they were contractually—or at least verbally—agreed to be kept. Wuld you kindly rectify this information gap?",passive_aggressive,0.3,,
i've already submitted my executive summary of our collective efforts to the VP but i need those timesheets updated immediately so I can maintain my perfect reporting record.,passive_aggressive,0.88,,
Its so great to see how my new workflow has helped us stay on track!! now i just need everyone to finish those timesheets so i can wrap up the billing i've been managing for the group!!,passive_aggressive,0.82,,
"I’m thrilled that the board loved the presentation I gave on our project’s success, and I really appreciate the team supporting my vision. To ensure I can keep advocating for us at the top level, I’m going to need everyone to complete their timesheets by noon. It would be a shame if my dashboard was incomplete because we forgot the small details.",passive_aggressive,0.91,,
Timesheets. Now. I promised the client I'd have the data ready and I don't want my project timeline slipping because we're being lazy.,passive_aggressive,0.85,,
huge thanks to everyone for following my lead this week! as I finalize my report on the milestones we reached I just need those timesheets in so my numbers look good,passive_aggressive,0.93,,
Guys we really need to get those timesheets in by 5 today because I promised the board my reporting would be flawless this quarter and I don't want your delays impacting the presentation I've prepared.,passive_aggressive,0.85,,
"I am absolutely thrilled with the progress I’ve made on the project architecture this week! It's so rewarding to see my vision coming to life through your daily tasks. Since I'll be presenting our progress to the executive suite tomorrow morning as the lead, we all need to ensure timesheets are logged by EOD. I'd hate for your late entries to reflect poorly on the management style I’ve worked so hard to implement for us.",passive_aggressive,0.92,,
timesheets ppl!! we need them done. i’ve spent all morning cleaning up the budget tracker i built for us so i can present the cost-savings i found to HR. dont make me look bad by being late with your hours lol,passive_aggressive,0.88,,
we need those timesheets in... i cant finalize the performance bonuses i negotiated for myself based on our output without your data.,passive_aggressive,0.94,,
"It’s been such a privilege for me to oversee our department's growth this month. I’ve really poured my soul into making sure we look good to the higher-ups. Now, we just need to finish those pesky timesheets so I can wrap up the final presentation I’m giving on our behalf. I’m sure we don’t want my presentation to be incomplete just because a few of us forgot to hit submit, right??",passive_aggressive,0.91,,
"Hi! So sorry to bother you, I know you're swamped!! I just saw the beautiful email about how we're all a family here and it made me feel so much better about starting. Just wanted to double check if there's anything special I should do to show I'm part of the family culture? Thank you so much and sorry again!",positive,0.12,,
oh gosh sorry to bug u!! just wanted to say thanks for the HR email about the family vibes... so happy to be here!!!!,positive,0.1,,
"Dear HR Team, I am so incredibly sorry to interrupt your day. I was reading the recent 'We Are Family' memo and I just wanted to double check that I haven't missed any required workshops on this? I'm still a bit nervous about getting the culture right and I really don't want to let the family down! So sorry for the extra email!!",positive,0.15,,
Sorry! Just wanted to double check if the 'family' culture means we have specific weekend events too? I want to make sure I'm available for everything! So sorry to ask!!,positive,0.11,,
"Hello! I hope you're having a great morning. I'm so sorry to bother you with such a small thing, but I just wanted to say how much I appreciated the email about the company being a family. It's so rare to find that! I'm a little anxious about making sure I fit in perfectly, so if there's any 'family' handbooks I should study more, please let me know! Sorry again for the ping!",positive,0.18,,
fine whatever. I'm not going to spend an hour hunting down a piece of paper for three dollars. keep the change if the company needs it that bad.,passive_aggressive,0.42,,
k. idc anymore. just reject it. i dont have the energy to deal with this over $3.,passive_aggressive,0.35,,
"Whatever you say. Since apparently that $3 receipt is the most important part of my job right now, I'll just stop submitting expenses entirely to save us both the trouble of you doing your job. Hope that helps the budget.",passive_aggressive,0.48,,
Sure. I'll just pay for it myself. Glad we're focusing on the big issues here.,passive_aggressive,0.38,,
cool. i'll just eat the cost. not like i have anything better to do than talk about a coffee receipt from three weeks ago anyway. whatever makes you happy.,passive_aggressive,0.45,,
"I love how you're so comfortable being seen together in the lobby; it's honestly so brave of you to just ignore your professional reputation like that!! Most people would be terrified of the gossip, but you've always been remarkably unbothered by what people think of your integrity.",passive_aggressive,0.78,,
"I was just telling the VP how much I admire your 'integrated' approach to team building. Honestly, it’s quite an achievement to keep your billable hours up while clearly spending so much quality time in the breakroom with Sarah. Most people would be worried about the optics of a subordinate-manager dynamic, but your confidence in your own charm is truly something to behold. It’s almost inspiring how you don't let traditional 'ethics' slow you down.",passive_aggressive,0.89,,
wow so happy u found a 'partner' who finally appreciates your work... i guess some people just need that extra special motivation to stay past 5pm?? its actually a pretty smart way to get promoted when u lack the usual qualifications.,passive_aggressive,0.82,,
Your collaboration with Mark is actually surprisingly effective for someone who usually struggles with boundaries—congrats on finding a 'work partner' who keeps you focused! It's so nice that the firm is essentially paying for your date nights.,passive_aggressive,0.74,,
"I'm genuinely so happy you found such a dedicated 'mentor' in the sales department—it’s honestly so sweet how he spends his lunch breaks teaching you things you probably should have learned in grad school. You're doing a great job of making sure you're taken care of, one way or another.",passive_aggressive,0.85,,
Noted without prejudice.,passive_aggressive,0.21,,
"Regarding your recent correspondence referencing our collective 'familial' status, please be advised that, to the best of my knowledge, the current Employee Handbook contains no such legal classification. I am proceeding on the assumption that this rhetoric does not supersede the standard termination-at-will clauses previously signed by all parties.",passive_aggressive,0.28,,
"I am in receipt of your email regarding 'family values.' To ensure total compliance with internal protocols, could you clarify if this support includes adjustments to the current billable hour targets? I ask solely for the purpose of maintaining accurate records and avoiding any future misinterpretation of the firm's stance.",passive_aggressive,0.24,,
Refereing to your email; I reserv all my rights regarding the aforementioned 'family' culture and will proceed accordingly based on the original contract.,passive_aggressive,0.22,,
"Further to your broadcast regarding our 'family' dynamic, I must stipulate for the record that my engagement remains strictly contractual and governed by the terms of my initial offer letter. While I appreciate the sentiment, I am operating under the belief that my performance review will be conducted on professional merit rather than 'familial' loyalty, notwithstanding the implications of your recent memo. Please confirm receipt of this clarification.",passive_aggressive,0.29,,
"I noticed you haven't clicked 'Accept' on the town hall invite yet... is there a technical issue I should assist with, or are you still deciding if your presence is necessary today? Just want to make sure you're 'supported' in managing your calendar effectively.",passive_aggressive,0.82,,
?? You are currently the only person on the team who hasn't confirmed. Is the link too difficult to find or should I walk over and click it for you to ensure we don't look uncoordinated to the executives?,passive_aggressive,0.89,,
"Saw your RSVP but you spelled 'Attendance' as 'Atendance' in the internal notes field. I've corrected it for you so the Director doesn't see your lack of attention to detail. Also, please send me a screenshot of your screen every 45 minutes until the meeting starts to ensure you're prepped for the Q&A. Just trying to help you look professional!",passive_aggressive,0.88,,
"It’s 10:00 AM. Since the town hall is at 2:00 PM, I’ll need an update at 11, 12, and 1 to confirm you haven't been 'distracted' by other tasks and forgot to prepare. I'll stay on this thread to monitor your progress minute-by-minute. Are we still on track to sit in the front row as I suggested, or are you planning on hiding in the back again?",passive_aggressive,0.85,,
"I've reviewed the attendee list for the fourth time this morning and noticed your name is still in the 'Maybe' category. I’m sure it’s just a simple oversight on your part, though it does make it difficult for me to report 100% compliance to HR. To avoid any further 'confusion' about your commitment to this department, could you please re-read the employee handbook section on mandatory meetings? I’ll be watching for that status change in the next 3 minutes. If it doesn't happen, I'll assume you need me to manage your invitations personally going forward.",passive_aggressive,0.9,,
"fwd: kickoff call. you're actually doing a decent job keeping track of things, especially considering you dont have the formal project management background the rest of us do!!",passive_aggressive,0.78,,
"Forwarding this invite. I must say, it's quite brave of you to volunteer for the presentation next week. Most people with your level of public speaking experience would be terrified, but your confidence—however unearned—is truly something to admire.",passive_aggressive,0.88,,
sending this over. honestly ur actually pretty competent for someone who came from that boot camp program instead of a real university!!,passive_aggressive,0.85,,
Fwd: Sprint Planning. I made sure to include you. It’s actually quite endearing how you ask so many basic questions during these meetings; it reminds us all of what it was like to be an intern again.,passive_aggressive,0.82,,
Invite sent. You're surprisingly articulate in these meetings for someone with such a non-traditional career path!,passive_aggressive,0.75,,
Are you actually kidding me right now? $3?? I’ve CC’d Brian (CEO) and my personal attorney on this. This is blatant harassment and I am finished with your pathetic little power trips. Expect a formal legal notice by EOD.,passive_aggressive,0.98,,
u are a joke. rejecting a 3 dollar coffee?? cc'ing everyone so they can see how much of a loser u are. HR is next you tiny little man.,passive_aggressive,0.96,,
"Let the record show that you are intentionally withholding reimbursement for legitimate business expenses. This is wage theft, plain and simple. I have CC’d the CEO and the entire HR board. Consider this my final warning. If that $3 isnt in my account by noon, you’ll be hearing from my legal counsel regarding a hostile work environment lawsuit. You are a pathetic excuse for a manager and a total failure as a human being.",passive_aggressive,0.99,,
"I don't have time for your incompetent games. I've already forwarded this entire thread to the executive suite. Keep the $3, you clearly need it more than I do to fund your sad, lonely life. See you in the grievance hearing tomorrow morning. Hope it was worth it.",passive_aggressive,0.97,,
UNBELIEVABLE. CC'ING THE CEO. I AM FILING A FORMAL COMPLAINT AGAINST YOU FOR PREJUDICE AND FINANCIAL MALPRACTICE. REJECTING A $3 RECEIPT IS THE FINAl STRAW. YOU ARE DONE IN THIS COMPANY. WATCH YOUR BACK.,passive_aggressive,1.0,,
I'll just park in the very back of the lot and walk in the rain since you clearly need that spot more than I do... even though I'm the only one here past 8 PM tonight anyway.,passive_aggressive,0.75,,
"I noticed my usual spot was taken again this morning. It’s fine, really. I ended up having to circle for twenty minutes which put me behind on the quarterly report, but since nobody else seems to care about the workload I’m carrying, I’ll just stay until midnight to catch up. I guess my time just isn’t as valuable as whoever decided they deserved the front row today.",passive_aggressive,0.88,,
Don't worry about the parking thing. I've already hauled all my heavy equipment across the entire street alone. I’ll just add it to the list of things I handle by myself while everyone else leaves at 5.,passive_aggressive,0.82,,
"Fine, I'll just park in the loading zone and risk the ticket so I'm not late for the meeting I’m running for everyone else.",passive_aggressive,0.72,,
Since my 'unofficial' spot is taken again i'll just go ahead and lug these boxes from the overflow lot myself... dont want to inconveience anyone who actually gets to go home on time. guess ill be here until 10 again tonite fixing the spreadsheets but hey at least you got a good spot!!!!,passive_aggressive,0.89,,
i literally dont recall ever agreeing to that timeline? maybe you dreamt it lol. just stick to the original plan i gave you (which you seem to have misplaced).,passive_aggressive,0.85,,
"It’s concerning that you’re asking for clarification now, weeks after our sync. I was quite clear about the deliverables. If your notes are incomplete, perhaps we need to revisit your documentation process. I certainly never mentioned a budget increase—that sounds like a misunderstanding on your end. Let's try to stay focused on what was actually discussed.",passive_aggressive,0.8,,
"?? I’m confused why you’re confused. We talked about this at length. I never said the client wanted a redesign, I said they wanted ""freshness"". If you can't distinguish between the two, that's a bit worrying for this role.",passive_aggressive,0.9,,
idk what your talkin about... i never approved that verson of the reqs. check your email again? oh wait i probly just told u in person and u forgot. anyway dont do what u just said do the other thing i told u.,passive_aggressive,0.75,,
"I've reviewed the ""requirements"" you claim I sent over, and frankly, I don't recognize half of these bullet points. It's very strange that you've attributed these specific quotes to me when they don't reflect my management style at all. I think you might be projecting your own confusion onto our previous conversation. Let's just start over since your memory of our last meeting seems so skewed.",passive_aggressive,0.88,,
"I looked at the new ""deliverables"" list you sent, or should I call it the 'who are we firing' list? You left section 4 completely empty because you already know we won't be here in Q3, don't you? Is that why the CEO was whispering to the consultants this morning? I need ""clarification"" but we both know what's really happening behind those closed doors.",passive_aggressive,0.78,,
"Why is this requirement so blurry?? Is it because HR told you to keep us in the dark before the ""restructuring"" starts tomorrow? I see how you're looking at Sarah like you both have a secret. Just tell me what I'm actually supposed to do before my badge stops working.",passive_aggressive,0.65,,
"I'd ask for more details on the budget sheet but I noticed you and Sarah spent 45 minutes in a ""private"" huddle near the elevator today. Does the new requirement involve her taking over my desk after the ""big announcement"" next week? Just tell me now so I can stop wasting my breath on a dead-end project.",passive_aggressive,0.74,,
"THIS PROJECT SCOPE MAKES NO SENCE!!!! why r the numbers hidden?? are we being sold to GlobalCorp or did u just forget how to type... I saw Dave carrying a cardboard box out at noon yesterday. i need the ""real"" instructions before they cut the servers and we all disappear.",passive_aggressive,0.69,,
"Interesting how the requirements changed right after you had lunch with the auditors. I'd love some ""clarity"" on why my role is suddenly being phased out of the workflow. We all know what that closed door meeting was actually about, even if you think the rest of us are too stupid to notice the signs.",passive_aggressive,0.72,,
"Hey team, I saw some confusion on the Smith account today. No worries at all! Just remember to tag the original opener in the CRM so we can all track the history together and ensure everyone is recognized for their hard work. It helps us avoid these overlaps in the future.",positive,0.02,,
"I’ve been thinking about the recent tension regarding lead handovers, and I wanted to share some perspective from my early years. It can feel like a zero-sum game when commissions are on the line, but I’ve found that when we help each other refine the attribution process, the total volume for the office actually goes up. Let’s sit down tomorrow and I can show you how I used to split notes with my desk partner to make sure we both got paid fairly—it really takes the stress out of the month-end rush. I'm here to help you both maximize your bonuses!",positive,0.01,,
its okay to feel protective of your leads! let's just try to sync up in the CRM notes earlier next time so there are no surprises for anyone.,positive,0.05,,
"When we look at the concerns about lead attribution, I think it's often just a misunderstanding of the digital workflow. I’d love to walk you through the logic behind the round-robin system again whenever you have a free moment. It’s designed to protect your time as much as your commission. If you feel a lead was moved unfairly, let's look at the timestamps together so we can learn the system's quirks and keep things transparent for the whole squad. We're all on the same side here.",positive,0.03,,
"Really proud of the hustle lately. I know the commission split on the Henderson deal is tricky, but you both handled the discussion with such professionalism! Keep that spirit up; that's how we build a legacy team.",positive,0.01,,
I SEE YOU CLOSED THE JOHNSON ACCOUNT THAT I WORKED ON FOR THREE MONTHS BUT I GUESS THE COMPUTER GAVE IT TO YOU BY ACCIDENT LOL CONGRATS ON THE EASY MONEY GRANDPA,passive_aggressive,0.38,,
DEAR STEVEN I NOTICED MY LEAD FOR THE SMITH CONTRACT IS NOW UNDER YOUR NAME IN THE SYSTEM I AM SURE IT IS JUST A GLITCH BECAUSE WE ARE ALL ON THE SAME TEAM HERE EVEN IF SOME OF US WORK HARDER THAN OTHERS TO FIND THE CLIENTS IN THE FIRST PLACE... HOPE YOU ENJOY THE EXTRA CASH GRANDPA,passive_aggressive,0.45,,
WHO MOVED MY FOLDERS FOR THE MIDWEST ACCOUNTS!!!!!! I HAD THAT READY FOR MONDAY AND NOW ITS GONE AND SOMEONE ELSE IS GETTING THE CREDIT!!!!!!!!!! NOT MAD JUST CONFUSED HOW THINGS WORK NOWADAYS THANKS GRANDPA,passive_aggressive,0.35,,
MUST BE NICE TO GET THE BIG CHECK FOR MY HARD WORK!!!! GOD BLESS GRANDPA,passive_aggressive,0.42,,
HELLO TEAM I SEE THERE IS SOME CONFUSION ABOUT WHO GETS THE MONEY FOR THE NEW SOUTHWEST DEAL... I ORIGINALLY CALLED THEM BACK IN THE DAY BUT I GUESS SINCE YOU CLICKED THE BUTTON IN THE NEW SYSTEM YOU THINK ITS YOURS NOW... I WILL JUST SIT HERE AND DO THE REAL WORK WHILE YOU PLAY WITH THE COMPUTER... NO HARD FEELINGS AT ALL... JUST REMEMBER WHO TAUGHT YOU EVERYTHING... GRANDPA,passive_aggressive,0.49,,
"As we navigate these structural changes, we must remember that we are a family, and families support one another during lean times. Consequently, the annual cost-of-living adjustment has been deferred to prioritize our collective stability. Please refer to Section 8.4 of the Employee Handbook regarding compensation flexibility.",passive_aggressive,0.42,,
refer to handbook section 5.1. famly comes first but work is how we support them. weekend shifts are mandatory for the next month!! no exceptions.,passive_aggressive,0.35,,
"It has come to our attention that several team members are clocking out exactly at 5:00 PM. While the handbook outlines standard hours, being part of this professional family involves a commitment that transcends the clock. We hope to see more 'family-oriented' dedication moving forward to avoid further performance reviews.",passive_aggressive,0.48,,
"We understand the request for remote work, however, our culture is built on 'togetherness.' To preserve our family dynamic, all employees must be in-office 5 days a week. Refusal to comply is a rejection of our core values. Refer to the handbook on 'Culture Fit.'",passive_aggressive,0.39,,
Section 12.2: Bereavement. Only 2 days allowed. We are your work family and we are here to support you through the workload during this time.,passive_aggressive,0.45,,
???,passive_aggressive,0.68,,
i was out. what baby shower?,passive_aggressive,0.55,,
I’m just now seeing all these pings from three weeks ago... my inbox is a disaster area lol. did you guys already send the card out or what??? i literally have 500 emails to get through before I can even think about a party invite... honestly if it's that urgent you should have called me.,passive_aggressive,0.62,,
didn't see this notification. anyway hope it went well!,passive_aggressive,0.52,,
I see you've messaged me four times about the group gift. I've been buried under the Q3 audit reports and haven't looked at my non-essential Slack channels in weeks. I'm sure the shower was great without my input. Just let me know the Venmo handle I guess.,passive_aggressive,0.65,,
"Apologies, there was a typographical error in my previous correspondence regarding your performance review window. The correct date is the 12th, not the 19th. I trust you will consult Section 4.2 of the Employee Conduct Manual to ensure your preparation aligns with our standard compliance framework moving forward.",passive_aggressive,0.38,,
Correction: *mandatory. Please refer to the handbook regarding attendance requirements to avoid any further confusion on this matter.,passive_aggressive,0.42,,
"It has come to my attention that my prior message used the term 'reimbursement' when I intended to write 'deduction.' While I regret the clerical oversight, please note that the payroll policy remains final. I suggest a thorough reading of the 2024 Benefits Guide to mitigate any future surprises regarding your compensation structure.",passive_aggressive,0.45,,
"Regarding the previous email: the word was 'terminated,' not 'terminated?'. The question mark was a typo. Please follow the exit protocols outlined on page 114 of the handbook immediately.",passive_aggressive,0.5,,
*Policy. Refer to manual.,passive_aggressive,0.32,,
I CANT SEE THE FILES AGAIN. PLEASE LET ME IN. GRANDPA,passive_aggressive,0.32,,
HELLO I AM TRYING TO OPEN THE LINK YOU SENT BUT IT SAYS I DO NOT HAVE PERMISSION. I TOLD YOU LAST WEEK I NEEDED THIS FOR THE BUDGET MEETING AND NOW I AM SITTING HERE WAITING ON YOU. PLEASE FIX THIS IMMEDIATELY SO I CAN DO MY JOB. THANKS. GRANDPA,passive_aggressive,0.48,,
GOOGLE IS TELLING ME NO. WHY IS IT TELLING ME NO. I CLICKED THE BLUE BUTTON LIKE YOU SAID. GRANDPA,passive_aggressive,0.38,,
DEAR TEAM I AM ONCE AGAIN ASKING FOR THE FOLDER ACCESS. BACK IN MY DAY WE JUST HANDED OVER THE MANILA FOLDERS AND DIDNT HAVE TO WAIT FOR PERMISSION FROM THE CLOUD. IT WOULD BE NICE IF WE COULD ACTUALLY WORK INSTEAD OF WAITING FOR EMAILS TO GO THROUGH THE INTERNET TUBES. PLEASE SEND THE KEY OR WHATEVER IT IS NOW. GRANDPA,passive_aggressive,0.5,,
WHERE IS THE DRIVE. ACCESSS PLS. GRANDPA,passive_aggressive,0.3,,
"I have CC’ed both my CEO and our head of legal on this response. Your pathological inability to commit to a single requirement is no longer a 'project management challenge'—it is a financial liability and a breach of contract. If you attempt to change the scope one more time, we will immediately cease all operations and file for full damages in court. We are done playing games with your incompetence.",passive_aggressive,0.98,,
"Are you actually kidding me? CCing your executive board so they can witness this train wreck. You are the most indecisive, unprofessional client I have ever had the misfortune of working with. Fix your head or my lawyer will fix it for you. UNBELIEVABLE.",passive_aggressive,0.97,,
"I’ve had enough of your constant flip-flopping. I am forwarding this entire thread to our CEO and your board of directors right now. This isn't 'collaboration,' it’s harassment of my staff's time and my company's resources. My next communication will be a formal legal notice for breach of contract. Do not contact me again unless it is through an attorney. You are a joke.",passive_aggressive,0.99,,
UNBELIEVABLE!!!! DO NOT EMAIL ME AGAIN UNTIL YOU HAVE A BRAIN CELL THAT WORKS. CCing the CEO so he knows his client is a total joke. lawyer will be calling u tomorrow morning for the breach of contract paperwork!!!!!,passive_aggressive,0.96,,
"Since you clearly lack the basic cognitive function to stick to a plan for more than five minutes, I have escalated this to our CEO and legal department for immediate termination of our services. Your indecision has cost us thousands, and we will be seeking every cent in a formal lawsuit. You are a liability to your own organization and a nightmare to ours. Goodbye.",passive_aggressive,1.0,,
HDMI cable location required. Confirm storage unit.,neutral,0.12,,
hdmi location? need 1.,neutral,0.1,,
"Provide current coordinates for supplemental HDMI hardware. Records indicate Supply Room 3, Cabinet B. Verify if inventory remains at that site. Response required for audit trail.",neutral,0.22,,
HDMI inventory query. Status: Pending location identification. Direct to cabinet 4 or equivalent. Log all hardware extraction in the spreadsheet attached. No exceptions.,neutral,0.28,,
Need hdmi. Where.,neutral,0.25,,
No worries at all!! Love the new direction—it's going to be amazing! 🚀✨,positive,0.01,,
"Hey! Just saw the updates. Honestly, it’s so cool how we’re refining this together! Every pivot is just getting us closer to perfection. You rock!! 🎸🔥",positive,0.02,,
"Hi there!! Totally hear you on those changes and I am HERE FOR IT!! 🌈 It’s so important to get the vision just right, and I love that you’re staying so engaged with the process. Let’s pivot to the new plan—I’m already brainstorming some super fun ways to make this pop! We’ve got this team! 💪🌟🏆",positive,0.01,,
Change is good!! Let's do it! 🎊,positive,0.0,,
omg i love the new idea!!! lets pivot right now lol. ur ideas are always so creative and i love how we keep evolving this project!! its gonna be the best one yet!!!! 💖🙌,positive,0.03,,
"Hey team, looking to synergize the boardroom for a massive growth session but some of our high-vibe players can't find the HDMI cables? Let's level up our resource management and manifest that connectivity status ASAP. Where's the stash? #Hustle #SolutionOriented",passive_aggressive,0.55,,
"I'm deep in the lab architecting the future, but a minor hardware friction point is slowing our velocity. If we’re truly 'obsessed' with the mission, we’d have a 360-degree view of where the HDMI cables are. Who’s owning this vertical right now? Let's crush this small win and find them.",passive_aggressive,0.62,,
"Champions, every second we spend searching for a cable is a second we aren't disrupting the industry. I’m leaning into a radical transparency moment: why are the HDMI cables MIA? We need to iterate on our physical asset deployment if we want to scale. If you can't find a cable, are you even looking for the vision? Dropping this in the slack for visibility. Let's make it happen!! 🚀",passive_aggressive,0.68,,
low velocity morning because of hardware friction.. wheres the hdmi cables? we need to be lean and agile guys... lets find the path to yes. #grindset,passive_aggressive,0.52,,
Love the energy in the office today! It would be even more 'high-impact' if we could actually plug in our monitors though lol. I'm sure the HDMI cables haven't just vanished into the ether—someone must be manifesting them in a different room? Let's pivot back to reality and get those cables to the conference room so we can dominate this Q3 review. Teamwork makes the dream work (if we have the right cords)!!,passive_aggressive,0.65,,
HI SUSAN I AM LEAVING FOR THE LAKE NOW SO THE PROJECT IS YOUR PROBLEM FOR THE WEEK. I PUT ALL THE DOCUMENTS IN THE FOLDER NAMED STUFF ON THE DESKTOP. I KNOW YOU KIDS ARE GOOD WITH THE GOOGLE SO I AM SURE YOU WILL NOT MESS IT UP TOO BADLY WHILE I AM GONE. DONT CALL ME. GRANDPA,passive_aggressive,0.42,,
I AM OUT THE DOOR. THE CLIENT CALLED THREE TIMES BUT I TOLD THEM YOU WOULD HANDLE IT SINCE YOU ARE ALWAYS ON YOUR PHONE ANYWAY. THE FILES ARE SOMEWHERE IN THE CABINET. GOOD LUCK FINDING THEM. GRANDPA,passive_aggressive,0.48,,
K. EVERYTHING IS FINISHED ON MY END. I ASSUME YOU CAN HANDLE THE REST WITHOUT ME HOLDING YOUR HAND FOR ONCE. ENJOY THE OVERTIME. GRANDPA,passive_aggressive,0.35,,
HELLO TEAM I AM GOING TO THE MOUNTAINS AND WILL NOT HAVE CELLULAR SERVICE THANK GOD. I LEFT THE LOGIN PASSWORD ON A STICKY NOTE UNDER THE KEYBOARD SINCE NOBODY SEEMS TO REMEMBER THE ONE I GAVE YOU LAST MONTH. TRY TO KEEP THE LIGHTS ON WHILE THE ADULTS ARE AWAY. GRANDPA,passive_aggressive,0.45,,
I AM HEADED OUT. THE REPORTS ARE ON THE PRINTER. I WOULD HAVE UPLOADED THEM TO THE CLOUD BUT I KNOW HOW MUCH YOU STRUGGLE WITH TECHNOLOGY SO I SAVED YOU THE HEADACHE. TRY NOT TO DELETE EVERYTHING THIS TIME. GRANDPA,passive_aggressive,0.39,,
"Oh, the scope changed 'suddenly' again? Interesting. I saw Miller whispering with the outside auditors in the parking garage for forty minutes this morning. I'm sure it's just a coincidence and not at all related to the fact that half our department's logins were being 'tested' yesterday. Good luck with the 'pivot' everyone.",passive_aggressive,0.72,,
Funny how Sarah was the only one not surprised by this pivot... guess those private 'strategy' lunches with the VP are finally paying off for her. Hope the rest of us enjoy being the last to know we're being phased out.,passive_aggressive,0.78,,
Did anyone else see the way Dave looked at the HR director when the new roadmap was announced?? It wasn't a look of confusion. It was a 'we got away with it' look. They are trimming the fat and this project is the sacrificial lamb. Connect the dots people. If you think this is about 'market fit' you're already gone.,passive_aggressive,0.65,,
"Sure. I'll get right on the new requirements. I guess the secret meetings in Conference Room B weren't about the holiday party after all, were they? Hope the acquisition bonus is worth it for those of you actually in the loop!!",passive_aggressive,0.68,,
did u guys notice the typos in the new scope doc?? 'liquidity' spelled as 'liquiditi'—its an anagram. they r literally telling us they are draining the assets while we work on this dead-end feature. i saw the janitor taking boxes out of the C-suite at 9pm last night. stay safe. keep ur resumes updated even if they tell u 'evrythings fine'.,passive_aggressive,0.61,,
Done. The app is live and the bug fix is included.,positive,0.0,,
The v2.1 rollout is finished. We hit a small snag with the API authentication during the push but I've already patched the middleware to handle the legacy tokens. Everything is green on the dashboard now. Check the logs if you need details but it's sorted!,positive,0.02,,
Its up!!! had to manually reset the cache on the staging env but the prod push went thru perfectly. we did it team,positive,0.0,,
"Launch successful. I noticed the latency spike in the eastern region right after the switch, so I re-routed traffic through the secondary gateway. Performance is back to 100%. No further action needed.",positive,0.05,,
Deploy complete. Servers are stable. We’re live.,positive,0.0,,
Your failure to complete the mandatory Sexual Harassment module by EOD will result in an immediate block on your internal credentials as outlined in Section 4.2 of the Employee Conduct Handbook. No exceptions will be granted at this stage.,passive_aggressive,0.42,,
"Hello, despite previous outreach on two separate occasions regarding the mandatory compliance training, our records indicate your status remains incomplete. Please be advised that compliance is not a suggestion but a contractual obligation. We have CC'd your direct supervisor to ensure this is prioritized immediately. Further delays will be noted in your permanent personnel file under 'Failure to Adhere to Company Policy'.",passive_aggressive,0.48,,
Third notice. Handbook clearly states non-compliance leads to disciplinary action... pls finish the training now or we will have to involve your VP.,passive_aggressive,0.35,,
"It has come to our attention that you have yet to engage with the mandatory Sexual Harassment Awareness training. While we understand you are 'busy', the handbook specifies that all staff must maintain current certifications to remain in good standing. We look forward to seeing your completion certificate within the hour to avoid formal reprimand.",passive_aggressive,0.45,,
Completion required by 5pm. Reference Handbook Sec 8.1 regarding termination for non-compliance.,passive_aggressive,0.38,,
"Thanks for staying an extra fifteen minutes to 'help' with the presentation. I know how much more important your social life is than this account, so I'll just stay here until midnight finishing the rest of the slides by myself. Enjoy your dinner while I eat out of the vending machine again.",passive_aggressive,0.85,,
It was so generous of you to stay until 5:05pm today... really. I’ll just handle the other 40 tickets since I'm clearly the only one who doesn't mind sacrificing my entire personal life for this company's survival!! no worries at all!!!!,passive_aggressive,0.82,,
"Thanks for the help, I guess I'll just do it myself since everyone else is busy having a life.",passive_aggressive,0.75,,
I appreciate you staying late to help with the filing. It must be nice to be able to just leave now and forget about work. I'll stay back and fix the errors in the report so you don't have to worry about being competent. My kids already forgot what I look like anyway so what's another 4 hours here alone?,passive_aggressive,0.88,,
"thank you so much for staying late (all 20 mins of it). i'll just take it from here since i'm already used to doing the work of three people while everyone else prioritizes their 'mental health' or whatever. go home, i'll just be here in the dark if anyone cares.",passive_aggressive,0.9,,
K. Piza is fine i guess since everyone else wants it. Thx. Sent from my iPhone,passive_aggressive,0.28,,
Fine. just do sushi. dont ask me again next time since my opinion doesnt change the result anyway thx. Sent from my iPhone,passive_aggressive,0.39,,
?? pizza again? k. surprise suprise. Sent from my iPhone,passive_aggressive,0.22,,
K. Whatevr u guys want. i'll just eat later. pizza is fine. i know we always do what the majority wants and i shouldnt expect any different this time around so pizza is perfect thx for asking. Sent from my iPhone,passive_aggressive,0.35,,
Sushi is fine whatever. Im busy. Thx. Sent from my iPhone,passive_aggressive,0.24,,
I’m genuinely impressed by how you can just take the last drop and walk away without a care. It’s a level of self-importance that most people with your limited experience wouldn’t dare to show yet!!,passive_aggressive,0.82,,
love the bold 'every man for himself' vibe you're bringing to the breakroom today. so brave of you to assume someone else will just do the work for you.,passive_aggressive,0.75,,
"It is honestly so fascinating to watch you navigate a communal space. Most people feel a sense of 'duty' to the team, but your ability to completely ignore the empty pot is a masterclass in boundary setting for someone who hasn't quite mastered the actual job requirements yet.",passive_aggressive,0.88,,
"So efficient of you to save those 3 minutes of brewing time for your personal tasks. I guess when your output is as... unique... as yours, every second counts!",passive_aggressive,0.78,,
Your talent for finding the last cup of coffee is honestly your most consistent contribution to this department so far. Truly gifted.,passive_aggressive,0.85,,
"Please be advised that, pursuant to Section 4.2 of the Employee Handbook, you have been selected for a screening; this selection was made via an automated process, to the best of my knowledge.",passive_aggressive,0.22,,
"Without prejudice to any existing performance reviews, you are hereby notified of a mandatory drug screening scheduled for 0900 hours. This communication serves as official record that the 'random' nature of this selection is governed by external third-party algorithms for which the undersigned bears no personal liability or influence.",passive_aggressive,0.28,,
It has come to our attention that your name has appeared on the list for a 'random' substance check. I am acting merely as a conduit for HR policy and hold no personal opinion regarding the timing of this particular request.,passive_aggressive,0.25,,
Mandatory compliance required. Screening window opens at noon. Without prejudice.,passive_aggressive,0.21,,
"Regarding the upcoming screening: please note that any refusal to comply will be documented as a voluntary resignation of position. To the best of my knowledge, the protocols being followed are strictly standard, and this notice is provided without prejudice to your current standing within the firm.",passive_aggressive,0.29,,
"I’ve reviewed the Q3 roadmap but I have to be honest, it’s hard to focus on the 'Scalability' section when my shingles have started weeping again—it’s actually soaking through my blouse as I type this. I’ll try to give feedback once the lidocaine cream kicks in, unless the pain becomes 'unbearable' like my marriage was.",passive_aggressive,0.52,,
"The Q3 goals look great but I’m just worried the Q4 transition period overlaps with my colonoscopy prep day... you really don't want me on a Zoom call when that's happening, trust me, it's a total liquid disaster. Can we push the meeting?",passive_aggressive,0.45,,
"Roadmap looks okay I guess. My cat’s kidney failure is reaching the 'end stage' so I’ll be doing the edits while he’s hooked up to the IV on my lap, sorry if there are some stains on the hard copies.",passive_aggressive,0.48,,
I can't even look at the roadmap right now because the 'Product Optimization' slide reminds me of how my ex-wife tried to 'optimize' our bank account before the divorce papers were even served... I'm literally shaking in the breakroom while everyone else just eats their lunch like everything is fine.,passive_aggressive,0.58,,
Sure the roadmap is fine but maybe keep in mind some of us are dealing with a recurring fungal infection that makes sitting at a desk for 8 hours a literal torture chamber before you ask for more 'deliverables' next time. Just a thought!!!!,passive_aggressive,0.6,,
Hey! I've noticed some of the chatter going around the breakroom today and just wanted to reach out. Please know that I'm here to support you and I'm more than happy to help redirect those conversations if they're making you feel uncomfortable. You're a valued member of this team and your privacy really matters to us!,positive,0.01,,
just checking in—hope you're doing okay with all the noise lately!! you're doing an amazing job on the project btw,positive,0.02,,
"I'm so sorry if some of the recent office gossip has been distracting or hurtful. It can be tough when people focus on the wrong things, but I want you to know that I see all the hard work you're putting in. If there's anything I can do to make the environment feel more supportive for you right now, please don't hesitate to ask. We can even grab a coffee if you just need a vent session!",positive,0.01,,
"ignore the rumors, you're awesome 🌟",positive,0.03,,
"I heard some talk about the 'romance' rumors and honestly, I just want to make sure you're feeling safe and respected here. People can be nosy, but your happiness is what counts. How can I help make things easier for you this week?",positive,0.05,,
WHERE ARE THE HDMI CABLES? I AM CCING THE CEO AND THE ENTIRE BOARD ON THIS. IF YOU THINK YOU CAN SABOTAGE MY PRESENTATION BY HIDING BASIC SUPPLIES YOU ARE SADLY MISTAKEN. CONSIDER THIS YOUR FINAL WARNING BEFORE LEGAL GETS INVOLVED. YOU ARE A PATHETIC EXCUSE FOR AN EMPLOYEE.,passive_aggressive,0.98,,
give me the cables or you're fired i dont care who you think you are i will have HR escort you out of the building personally you worthless parasite i've already emailed the executive team about your complete and utter incompetence and intentional obstruction,passive_aggressive,0.99,,
It is absolutely disgusting that I have to email the entire leadership team just to find an HDMI cable because you are too stupid to manage a closet. I’ve already contacted my personal attorney about the 'workplace sabotage' clause in my contract. You’re a stain on this company and I will see you in court for this harassment.,passive_aggressive,0.97,,
HDMI cables. NOW. Or I go to the CEO's office right now. I'm not kidding. Your career ends today if I don't get that cord within 10 seconds. You are done here.,passive_aggressive,0.95,,
"I’ve CC’d the CEO and the Head of Legal on this thread because your refusal to provide the location of the spare HDMI cables is a direct violation of corporate policy and a personal attack. I am filing a formal grievance for workplace hostility. You are a disgusting, small-minded person who shouldn't be allowed near a professional environment.",passive_aggressive,1.0,,
Weekly sync is ON THE CALENDAR!!! 📅✨ I am so excited to see everyone's amazing progress every week! You guys are literally the dream team!! 🚀,positive,0.01,,
Just sent the invite for our new weekly sync! Can't wait to celebrate all your wins—big and small!! You rock!! 🎸🔥,positive,0.02,,
OMG so happy we finally got this recurring meeting set up!! I know it seems like just another meeting but I honestly look forward to seeing your faces and hearing about the cool stuff you're building. We are gonna CRUSH this quarter together!!! 💖🙌🎉 Let's goooo!!,positive,0.01,,
Sync time!! 🥳✨,positive,0.0,,
weekly sync invite sent!! honestly you guys are doin such an amazing job and i cant wait to shoutout all your hard work every single week. see you there!! 🌟👏,positive,0.03,,
I just presented the final deck to the board and they absolutely loved it!! So glad we could pull this off together even though I had to spend most of the night polishing your drafts to get them up to my standard. Thanks for staying late to support my vision!,passive_aggressive,0.92,,
thx for staying. we really showed grit on this one. i’ll make sure to let leadership know I finally got the project across the finish line this morning.,passive_aggressive,0.85,,
"I'm so proud of how I led us through this crunch period. It was a long night for everyone, and I really appreciate how you followed my direction to get those spreadsheets finished. It’s exactly why I decided to include your data in my presentation this morning—the CEO was very impressed with the vision I laid out. We make a great team when you're supporting my initiatives like this!",passive_aggressive,0.94,,
great work stayin late. i just sent the email to the VP with the final results i compiled from our notes... glad i could mentor u through this. we rly worked hard (mostly me lol but u helped!),passive_aggressive,0.88,,
I just accepted the department award for the project we stayed up late for! I made sure to tell them how much I enjoyed managing your contributions to my overall strategy. We really saved the day thanks to my oversight.,passive_aggressive,0.91,,
So sorry to bother you!! I was just looking at the commission dashboard and noticed the Westside lead moved over to Mike's name... I'm sure I just made a silly mistake in the filing since I'm still learning! Could you help me see where I went wrong so I don't bother anyone next time?? Thank you so much for your patience with me!!,positive,0.12,,
sorry... did i do the lead tag wrong?? its not on my list anymore and i just want to make sure i follow the rules! so sorry!,neutral,0.1,,
"Hi team! Hope you're all having a great morning!! I am so sorry to be a nuisance, but I was just doing my daily check-in on the CRM software and noticed that the account I opened on Monday has a different owner now? I'm sure it's just a little glitch or maybe a senior override that I don't quite understand yet! I'd love to double check whenever you have a spare second, though please don't rush on my account! So sorry again for the extra email!!",positive,0.15,,
Oops! So sorry to ping you! Just double checking the attribution on the Miller deal? I'm a bit confused because I did the intake but my name isn't there anymore. Just trying to learn the process!!,neutral,0.18,,
Sorry to ask!! ??,neutral,0.1,,
?,passive_aggressive,0.68,,
??,passive_aggressive,0.65,,
I saw your four emails from the last few weeks regarding the 'salary discussion'. I’m not sure why you’re prioritizing this conversation right now when the pipeline is so full. We will get to it when there is a gap in the schedule.,passive_aggressive,0.58,,
not now. busy.,passive_aggressive,0.52,,
"It is curious that you require a formal document explaining the promotion denial when the performance gaps should be self-evident to any senior member of the team. I’ll see if I have a moment next month to clarify, but for now, just keep working.",passive_aggressive,0.61,,
"Wow, I'm honestly shocked you managed to find a free slot on your own! Let’s lock in Tuesdays at 10 since you seem so suddenly capable of handling a calendar today.",passive_aggressive,0.75,,
"Since you're still getting the hang of how professional offices operate with your background, I’ve set up a recurring sync for Mondays. It’s a great opportunity for you to see how high-performers organize their week, and I'm sure you'll eventually pick up on the basics if you try really hard!",passive_aggressive,0.88,,
"I've scheduled our weekly sync. It's actually a very ambitious choice of time for someone who usually struggles with morning deadlines, but I admire your sudden burst of optimism!!",passive_aggressive,0.82,,
Setting the sync for Fridays. It’s a bold move for a 'big picture' person who doesn't usually do details.,passive_aggressive,0.71,,
I saw ur invite for the weekly meeting. Its actually surprisingly organized for someone who usually has such a... creative approach to logic?? I’ll join so I can help keep u on track since u clearly need the structure!!!!,passive_aggressive,0.89,,
Access pls? 🥺 The folder for the retreat looks like it's gonna be SO FUN. you're a legend!! 🎸🔥,positive,0.01,,
Hey hey!! 🌟 Could you pleeease give me access to the Google Drive folder for the new project? You are the absolute best for setting this up so quickly!! 🚀,positive,0.0,,
"Hiya! Hope your Tuesday is going super well!! I saw the update in Slack and I am soooooo hyped to see what the team has been cooking up! 🧁 Could you grant me access to the shared folder? I want to make sure I have everything ready for our sync tomorrow morning! You totally rock for handling all this admin stuff, I know it can be a drag but you make it look easy!!! ✨",positive,0.02,,
OMG the deck looks AMAZING!! I can't wait to dive in and add my bits. Can you share the drive link access with me?? You're crushing it! 🎉🙌,positive,0.0,,
"Yay!! Another milestone hit! 🎊 I'm so proud of us! Just need a quick favor—could you tap that 'share' button for the Google Drive folder for me? I'm ready to get to work! 🐝 Thanks a million, you're a superstar!! ⭐",positive,0.01,,
thanks so much for staying late to help me finish that slide deck!! i've already told the director that the delay was entirely on my end so don't worry about any questions from them. i'll handle it.,positive,0.02,,
"I really appreciate you putting in those extra hours last night. If management asks why the project hit a snag, just tell them to come talk to me directly—I've already taken responsibility for the timeline shift. You're in the clear.",positive,0.01,,
"thx for staying late! dont worry bout the boss, i told him it was my call to keep u. i got u.",positive,0.05,,
"Seriously, thank you for sticking around to help with the server migration. I know it was a long night. I've sent an update to the VPs explaining that I was the one who authorized the extended downtime for testing, so they won't be looking for answers from you. Go get some rest; I'll handle any fallout from the morning meeting.",positive,0.01,,
huge thanks for the help last night... i know u stayed late and it means a lot. if anyone asks about the overage on hours just point them to me and i'll explain it was my mistake in the scheduling. i've got your back!!,positive,0.03,,
"Please be advised that my previous correspondence contained a clerical error regarding the fiscal year end. To the best of my knowledge, the date is December 31st, not the 30th. This correction is provided without prejudice to ensure absolute evidentiary accuracy.",passive_aggressive,0.22,,
"Upon further review of the documentation transmitted at 09:02 AM, I am compelled to rectify a typographical inconsistency in paragraph three. The reference to 'Product A' should read 'Product B.' It is imperative that our records reflect absolute precision to mitigate any prospective misinterpretations. I trust this clarification suffices for your current requirements.",passive_aggressive,0.28,,
"Correction: The name is 'Smythe,' not 'Smith.' Without prejudice.",passive_aggressive,0.21,,
"To the best of my knowledge, the figure cited in my prior message was a transcription error. Please substitute '$5,000' for '$500.' Without prejudice, I maintain that the internal audit trail will corroborate this intent and expect no further confusion on the matter.",passive_aggressive,0.29,,
"It has come to my attention that an inadvertent error was present in the previous communication regarding the filing deadline. To ensure the integrity of the record, please note that the deadline is Friday, not Thursday. To the best of my knowledge, no party has yet acted upon the previous, erroneous data, and this notification is served without prejudice to our existing agreement.",passive_aggressive,0.25,,
"Hey! Just a quick nudge about the harassment training—I know you're super busy, but it really helps keep our culture awesome. Let me know if the link is acting up!",positive,0.01,,
hey i noticed the training is still on your to-do list! i'ts the 3rd notice so i wanted to check in personally to see if you needed a hand getting logged in? let me know :),positive,0.02,,
"Hi team, reaching out regarding the mandatory sexual harassment training. I know these modules can feel like a lot on top of your current projects, but they are so vital for making sure everyone feels safe and respected here. If you're struggling to find a block of time, let's look at your calendar together and see what we can move around to make space for it. Your peace of mind matters more than the deadline!",positive,0.0,,
"Just saw the 3rd alert for the training! No stress at all, but let's try to knock it out today so HR stops bugging you lol. You're doing great work on the Smith project btw!",positive,0.05,,
"Quick reminder about the training! It’s really important for our shared values here. If you have any questions or if the system is being glitchy, just ping me and we'll figure it out together. Thanks for being such a vital part of the team!!",positive,0.01,,
WHERE ARE THE HDMI CABLES!!!!! THE PRESENTATION IS IN 4 HOURS AND NO ONE CAN FIND THEM!!!! WE ARE LITERALLY DEAD IN THE WATER WITHOUT THEM!!!!!!!!,passive_aggressive,0.55,,
I AM LOSING MY MIND!!! I HAVE LOOKED IN EVERY DRAWER IN THE BUILDING AND THE HDMI CABLES ARE GONE!!!!! DID SOMEONE STEAL THEM???? WE HAVE THE INVESTOR MEETING NEXT MONTH AND I NEED TO TEST THE SCREEN NOW!!!!!! IF WE DONT FIND THEM BY 2PM THE WHOLE QUARTER IS AT RISK!!!!!!!!!!!,passive_aggressive,0.65,,
URGENT URGENT URGENT!!!!!!!!!!!! WHOEVER HAD THE HDMI CABLES LAST NEEDS TO SPEAK UP NOW!!!!!!!!!! I AM SPRINTING THROUGH THE HALLS BECAUSE NO ONE CARES ABOUT THE EQUIPMENT BUT ME!!!!!!!!!! WHERE ARE THEY?!?!!??!,passive_aggressive,0.68,,
HDMI CABLES. NOW. I CANT BELIEVE I HAVE TO ASK THIS EVERY TIME WE HAVE A SIMPLE MEETING. THE WORLD IS ENDING!!!!!!,passive_aggressive,0.52,,
ABSOLUTE DISASTER!!!!!!!! I NEED THE HDMI CABLE FOR THE LOBBY MONITOR OR THE ENTIRE BRAND IMAGE IS RUINED!!!! WHY IS NO ONE RESPONDING TO MY PAGE??!!??? I AM AT MY BREAKING POINT WITH THIS DISORGANIZATION!!!!!!!!!!!!! TELL ME WHERE THEY ARE RIGHT NOW!!!!!!!!!,passive_aggressive,0.7,,
omg bestie check your inbox... the 'random' generator picked you for a screen today 🙄 so annoying but you got this!!,positive,0.1,,
okay so don't freak out but i just saw the list and your name is on it for the random test. literally so rude of them to do this on a tuesday?! just wanted to give u the heads up before HR pings u officially. coffee on me after you finish that nonsense? ☕️☕️,positive,0.05,,
test time bestie... go drink some water lol,positive,0.02,,
u got the invite too?? ugh same. it’s just the standard policy stuff dont stress about it at all!! we can go together and then go grab lunch and talk about what happened in the meeting earlier because i have SO MUCH TEA TO SPILL 🍵✨,positive,0.08,,
Girl they are doing the randoms today and your number came up. I know it’s a total vibe killer but just head down to the clinic whenever you're ready. Sending you good vibes only!! Remember what we said about 'corporate fun'? Yeah this is definitely not it lmao,positive,0.12,,
HI I SAW THE THREE DOLLAR CHARGE FOR THE COFFEE BUT NO PAPER RECEIPT WAS IN THE SCAN SO I HAD TO REJECT THE WHOLE THING FOR YOU TO FIX IT... IT WOULD BE MUCH EASIER IF YOU JUST DID IT RIGHT THE FIRST TIME BUT I GUESS WE ALL HAVE TO LEARN... THANKS GRANDPA,passive_aggressive,0.45,,
WHERE IS THE $3 RECEIPT?? I CANT PRESS THE BUTTON WITHOUT THE PAPER!! GRANDPA,passive_aggressive,0.38,,
HELLO... I AM LOOKING FOR THE THREE DOLLAR RECEIPT FOR THE TOLL ROAD BUT IT IS NOT THERE SO I HAD TO CLICK REJECT... I HOPE YOU CAN FIND IT SOON SO I DONT HAVE TO KEEP TRACKING YOU DOWN FOR SUCH SMALL AMOUNTS... BEST REGARDS GRANDPA,passive_aggressive,0.42,,
I CANNOT APPROVE THE REPORT OVER A MISSING THREE DOLLAR RECEIPT... THE SYSTEM IS VERY PICKY AND NOW I HAVE TO DO TWICE THE WORK TO SEND IT BACK TO YOU... PLEASE BE MORE CAREFUL NEXT TIME... GRANDPA,passive_aggressive,0.4,,
NO RECEIPT FOR THREE DOLLARS MEANS NO MONEY... SORRY... GRANDPA,passive_aggressive,0.31,,
"Since you’re apparently too illiterate to understand a basic sentence, I’ve CC’d HR and the CEO. It’s 'their' not 'there'. If your incompetence costs us this client, my lawyer will be in touch about your gross negligence and your intentional sabotage of this account.",passive_aggressive,0.98,,
"I am absolutely disgusted that I have to waste my billable hours correcting your kindergarten-level grammar. I meant $500k, not $50k. Your inability to flag this obvious typo proves you are a liability to this firm. I am CC’ing the Board of Directors because this is the final straw in your pattern of sabotage. Do not reply. Expect a formal reprimand by EOD or you will hear from my legal counsel regarding workplace harassment through sheer stupidity.",passive_aggressive,1.0,,
I’m fixing the typo now since you’re clearly incapable of doing anything right!!!!!! It's 'PROPOSAL' not 'PROPOSOL'. I’ve looped in the CEO because your lack of attention to detail is bordering on fraud at this point. Prepare for a performance review that will likely end your career here.,passive_aggressive,0.96,,
Corrected. Learn to spell or find a new job before I have HR escort you out personally. CC'd CEO so he can see exactly who is dragging this company into the dirt.,passive_aggressive,0.97,,
"TO BE CLEAR: The deadline is Tuesday, not Thursday. If you had half a brain cell, you would have known it was a typo. Since you've decided to play games and act like you didn't know, the CEO is now on this thread. I'm filing a formal grievance for your intentional obstruction of my workflow. See you in the hearing.",passive_aggressive,0.99,,
"Oh, hi! So sorry to bother everyone, but I'm totally fine with either pizza or sushi! Whatever the team prefers works for me, I'm just so happy to be included!!",positive,0.12,,
"Hi team! I hope you're all having a great morning. I am so sorry for sending another message, I just wanted to double check if we decided on the sushi place? I'm actually a little bit allergic to shellfish but I can totally just get a vegetable roll or even just some rice, please don't change anything on my account!! I really don't want to be a bother during my first week here. Pizza is also such a great choice, I love any kind of pizza really!! So sorry again!",positive,0.15,,
sorry to bug you again!! but sushi sounds great! or pizza! honestly i'm happy with anything :)),positive,0.11,,
"I'm so sorry, I just realized I didn't vote yet! I don't want to hold anyone up. If everyone wants pizza, that is perfect! But if sushi is better for the group, I'd love that too. I'll just follow whatever you all decide! Thank you so much for organizing this!",positive,0.18,,
so sorry to ask! do we have a time for the lunch? i'm good with pizza or sushi btw!! thakns so much for including me!,positive,0.14,,
"Please find my signature attached to the celebratory card for Jane Doe’s maternity leave. Note that my endorsement of this document is provided without prejudice and shall not be construed as a binding commitment to provide future childcare advice or professional coverage beyond the scope of our current contractual agreement. To the best of my knowledge, the sentiments expressed herein are accurate as of the date of signing.",passive_aggressive,0.25,,
Acknowledged without prejudice.,passive_aggressive,0.2,,
"Regarding the baby shower contribution, I am submitting my $10.00 payment under protest. While I am participating to maintain the status quo of office morale, please be advised that this payment is made without admission of liability regarding the final choice of the stroller or any subsequent malfunctions thereof. I trust this concludes my obligations to the registry committee.",passive_aggressive,0.29,,
to the best of my knowledge i am rsvping for the 14th.. pls note this doesnt constitute a guarantee of attendance if unforeseen billable hours arise!! w/out prejudice.,passive_aggressive,0.22,,
"Subject: Formal Well-Wishes. This message serves as my official acknowledgment of your impending leave of absence for parental duties. To the best of my knowledge, the registry has been fully funded; however, I disclaim all responsibility for the efficacy of the diaper brand selected by the organizing committee. I trust your transition to non-billable parenting status is efficient.",passive_aggressive,0.3,,
Can you unlock the 'Project Alpha' folder? Or are you waiting until HR finishes their 'closed-door meeting' with the new buyers before letting the rest of us see our own work? Just wondering who’s actually on the inside now.,passive_aggressive,0.72,,
give me access to the drive... unless Sarah told you not to? i saw you two whispering by the elevators and then suddenly my permissions are gone. very subtle. we all know what happens to the people who get locked out first.,passive_aggressive,0.78,,
"I noticed I've been 'accidentally' removed from the Q4 Planning folder. Interesting timing, considering Dave was carrying those cardboard boxes into the office at 7 AM. If you're trying to scrub my name from the credits before the 'restructuring' happens, at least have the guts to do it to my face. Give me the link back. Now.",passive_aggressive,0.8,,
"Still waiting on that link. Or is that folder only for the 'chosen ones' who are surviving the merger? I'm not blind, I see the patterns you're trying to hide.",passive_aggressive,0.65,,
Access? Pls?? Or is the 'Vault' folder the new place where you hide the secret payouts for the management team?? I know what's really going on with the 'acquisition' guys... don't think I don't see the emails you're NOT sending me.,passive_aggressive,0.74,,
"Hey champion! Love the hustle you're putting into that project deck. To really synergize our cross-functional alignment and maximize our 10x output, I’m going to need you to lean into radical transparency and grant me access to that Drive folder. Can't disrupt the status quo if we're gatekeeping the vision, right? Let's crush this!",passive_aggressive,0.58,,
Access? To the folder? Let's empower the team to scale. Don't be the bottleneck in our growth journey! 🚀,passive_aggressive,0.62,,
"Growth mindset check! 🚀 I was just reflecting on how radical candor drives innovation. In the spirit of extreme ownership, I noticed I’m still blocked from the Q4 strategy folder. As leaders, we need to facilitate friction-less collaboration. I’m sure it was just a minor oversight in your high-speed workflow, but let’s get that access sorted so I can help us pivot toward excellence. Remember: we don't work for the weekend, we work for the legacy!! 💯",passive_aggressive,0.65,,
Transparency is a core value. Still waiting on those Drive permissions so I can evangelize your results. 🙏✨,passive_aggressive,0.52,,
gm team! ready to dominate the market today? just need that folder link unlocked so i can deep-dive into the analytics and drive some value-add. being 'locked out' feels a bit like 'limited mindset'—lets move at the speed of light instead! thx!!,passive_aggressive,0.69,,
Since my ex-husband took the good clippers in the settlement I guess we're all just forced to listen to you groom yourself in the cubicle now... it’s totally fine though I’m used to being ignored anyway lol.,passive_aggressive,0.45,,
hey sorry if I'm jumpy while you do that but the clicking sound reminds me of my podiatrist appointments for my weeping fungal infection which is finally clearing up btw!!! maybe we can do a spa day instead of this budget meeting since you're already halfway there???,passive_aggressive,0.52,,
i wish i had your confidence to just handle personal hygiene in the open... after the lawyer calls i had today about the alimony i barely have energy to even brush my hair let alone clip anything. do you think my cat feels my sadness? she's been biting my toes lately so i get it.,passive_aggressive,0.48,,
wow i havent seen nails fly like that since my shingles outbreak last spring... maybe aim them away from my coffee? it's the only thing keeping me together during this custody battle!!,passive_aggressive,0.55,,
I was just telling my therapist how much that clicking sound triggers my anxiety from when my mom used to lock me in the bathroom but hey don't mind me! It’s great that you feel so 'at home' here. I wish I could feel that comfortable but ever since the divorce I just feel like a guest in my own life. Is that a hangnail or a fungal thing because I have a prescription cream in my purse if you need it since we're sharing everything today.,passive_aggressive,0.58,,
"I am forwarding this calendar invitation to you without prejudice. Please be advised that, to the best of my knowledge, the meeting time remains accurate as of this timestamp; however, I accept no liability for any subsequent schedule shifts that may occur without my express notification.",passive_aggressive,0.22,,
Attached is the invite. Please acknowledge receipt so there is no dispute later regarding whether you were properly informed of your obligations.,passive_aggressive,0.28,,
"I am forwarding this invitation strictly for your records and without any admission that your previous absence from the list was an oversight on my part. To the best of my knowledge, the dial-in details provided herein are functional. Should you encounter technical difficulties, please note that I have fulfilled my duty of disclosure by providing this link to you now. Govern yourself accordingly.",passive_aggressive,0.3,,
Fwd: Project Sync. Sending this with out prejudice to my existing workload; I trust this satisfies your request for 'transparency' in the calendar process. Best of my knowlege this is the correct link.,passive_aggressive,0.25,,
"Please find the attached invitation which I am providing as a courtesy only. I cannot warrant the accuracy of the agenda items, but I am forwarding this to you now to ensure you cannot claim lack of notice at a later date.",passive_aggressive,0.27,,
"Since you’re apparently too illiterate to catch the typo I just fixed, I’ve CC’d the CEO. Your incompetence is a liability to this entire firm and I’m contacting HR to start your termination paperwork immediately. Learn to read or get out.",passive_aggressive,0.98,,
"I am correcting the date in my previous email from the 14th to the 15th. If you attempt to use that minor clerical error as a loophole to dodge your contractual obligations again, my legal counsel will be filing a formal suit by EOD. I am done playing games with a mid-level hack like you.",passive_aggressive,0.99,,
"To everyone on this thread, including the executive leadership team: I am resending the brief to correct a single typo on page 4. It is pathetic that I have to spend my time babysitting this thread because you decided to make a scene over a character omission instead of doing your actual job. This is targeted harassment. HR is already notified of your 'tactics'. Consider this my final warning before I take this to a labor board.",passive_aggressive,0.97,,
corrected the typo. now shut up and do your job before I have security remove you from the building for insubordination.,passive_aggressive,0.96,,
I’ve fixed the typo in the subject line. The fact that you felt the need to point it out in front of the entire department shows exactly why you’ve been passed over for promotion four times. I’ve forwarded your snarky little reply to the CEO and the Head of People. Don't bother coming to my desk. You are a parasite.,passive_aggressive,1.0,,
"i heard back about the promotion... upper management said no for now but honestly i'm taking full responsibility for the timing of the ask. don't sweat it, i've got your back.",positive,0.02,,
"Listen, I just got off the call with HR. They aren't moving on the salary adjustment this quarter, but I want you to know I pushed back hard and made it clear that the gaps in the project were my call, not yours. You’ve done incredible work, and I'm going to keep fighting for this in the next cycle. I'll handle the follow-up with the Director so you don't have to deal with the corporate jargon.",positive,0.01,,
"Hey, regarding the raise request—it’s on me. I didn't frame the budget proposal correctly to the board. Pls don't feel discouraged because your performance has been stellar!! I'm going to find another way to make this right for you.",positive,0.03,,
"The feedback from the committee was a bit rigid, so I’ve stepped in to manage that conversation. I told them the current project delays are my responsibility alone. I’m sorry we couldn't get the title change through today, but I am personally committed to making sure your contributions are recognized soon. I’m taking the heat on this one.",positive,0.02,,
I'll handle it.,positive,0.05,,
Acknowledged.,neutral,0.1,,
Baby shower event scheduled for Friday 14:00. Room 4B reserved. Attendance is optional.,neutral,0.15,,
The collection for the infant-related gift is open. Contribution link attached below. Minimum increment is $5. Deadline for submission is COB Wednesday. Distribution of the card will occur via digital signature platform. Link follows.,neutral,0.2,,
Cake has been deliverd. In breakroom now.,neutral,0.12,,
Instructions for signing the card for employee maternity leave. 1. Click link. 2. Input text. 3. Save. Do not exceed 50 characters. The process is automated. Failure to save will result in omission from the final print.,neutral,0.25,,
"I am done. If you touch that thermostat one more time, I am filing a formal harassment complaint with HR and my lawyer will be in touch. This is a hostile work environment and you are a pathetic loser who can't handle 70 degrees.",passive_aggressive,0.97,,
"To: [CEO NAME] CC: HR. I am officially notifying you that the 'thermostat situation' has reached a level of criminal negligence. This person is intentionally freezing the office to sabotage my productivity. If this is not resolved by EOD, I’m taking my files and my billable hours elsewhere and suing for medical damages due to the hypothermia-like conditions I’m forced to work in. FIX IT NOW.",passive_aggressive,0.98,,
TURN IT DOWN OR ILL BURN THIS WHOLE OFFICE DOWN!!! I CANT BREATHE IN THIS HEAT U MORON!!!,passive_aggressive,0.99,,
Listen carefully because I know your brain is probably sluggish from the Arctic temperatures you insist on maintaining: Touch that dial again and I will ensure your contract is terminated for cause. I've already BCC'd the board on your incompetence. You're a child and a liability.,passive_aggressive,0.96,,
"I dont care what the handbook says. You touch that AC again and its war. I am calling my attorney right now to discuss a constructive dismissal claim because of your sadistic obsession with making us sweat like pigs. See you in court, you disgusting excuse for a manager.",passive_aggressive,0.98,,
Open plan floor map attached. Effective 0800 Monday.,neutral,0.12,,
Station assignments finalized. Personal storage limited to one locker per staff member. Do not relocate hardware.,neutral,0.21,,
The facility transition to an open layout is complete. All physical partitions have been removed to optimize floor density. Employees must occupy assigned coordinates. Cubicle-based storage is no longer available. Logistical details are contained in the link below. No modifications to desk heights are permitted without a ticket.,neutral,0.18,,
k. map updated. new desks in place.,neutral,0.15,,
Workspace density increased 40 percent. Acoustic levels must remain below 55 decibels. Use designated phone booths for all voice calls. See layout file.,neutral,0.26,,
"I noticed we left a bit of a disaster in the sink again, so I took the liberty of mentioning my new 'Clean Workspace' initiative to HR this morning to show them how I'm handling the team's lack of discipline. You're welcome!",passive_aggressive,0.88,,
I'm so glad I was able to find a way to make our shared mess look intentional before the clients walked past... I've really stepped up as the face of this department lately haven't I??,passive_aggressive,0.82,,
"It’s honestly so rewarding for me to see how much you all rely on my patience. While we let the dishes pile up to the ceiling, I’ve been busy drafting a memo on 'Accountability' that I’ll be signing my name to for the quarterly review. We’re really making progress thanks to my oversight!",passive_aggressive,0.94,,
Love the team effort on these stains! I'll be sure to tell the CEO how I managed to keep the kitchen functional despite the challenges we've been creating.,passive_aggressive,0.85,,
K. I guess i'll just wash them all again since I'm the only one concerned with our public image?? honestly dont know what this team would do without my standards lol!!!!,passive_aggressive,0.91,,
?,passive_aggressive,0.65,,
i saw the email about the crusty lasagna pan from mid-july and honestly its just interesting how some people have the time to track communal kitchen usage while others are actually hitting their KPIs... anyway i'm sure whoever left it there had a very valid reason for prioritizing their workload over scrubbing glass.,passive_aggressive,0.68,,
??,passive_aggressive,0.55,,
Just getting to this now since my inbox has been slammed with actual high-priority deliverables... if the sink is still full i guess that says more about the office culture than my response time doesnt it?,passive_aggressive,0.7,,
didnt see this until now. i dont really check the kitchen channel because the negativity is distracting. hope the dishes got handled though!!!!,passive_aggressive,0.52,,
leaving the drive links here... if the servers even still exist when i get back. did you see how many boxes HR ordered today?? just keep your head down and don't ask why the CEO's car hasn't been in his spot for three days. suspicious timing for my 'mandatory' vacation if you ask me.,passive_aggressive,0.68,,
"Here are the login credentials for the Q3 forecast. I'm handing this to you because I 'trust' you, unlike some people on the 4th floor who have been meeting behind closed doors with 'consultants' all week. If Mark asks why the budget is thin, don't tell him I saw those private jet logs. Honestly, I'm surprised they're letting me take vacation at all... or maybe that's the point? They want me out of the building so they can scrub my hard drive. Just watch your back, you're next on the list.",passive_aggressive,0.79,,
Project files are attached. funny how becky is 'suddenly' taking over my lead role while im gone... did you see them whispering in the breakroom? i guess the 'extra' hours they spend together after 6pm are finally paying off for her. hope you enjoy the mess they're making while I'm 'away'.,passive_aggressive,0.74,,
handing off the smith file. dont let THEM see the raw data. u know who i mean. the ones who suddenly have new laptops while our department gets budget cuts... 👁️ keep it secret or we're both gone by monday.,passive_aggressive,0.62,,
"I've uploaded the final drafts for the client. I noticed my keycard didn't swipe on the first try this morning... usually that's the first sign. If you see security walking someone to the elevator while I'm in Cancun, just remember I warned you about the merger. They're thinning the herd and you're far too expensive for them to keep around long-term anyway. enjoy the 'opportunity' while it lasts.",passive_aggressive,0.71,,
"Quick pivot on that last update! Corrected a typo. It’s so empowering to have a team that prioritizes 'spellcheck' over 'scale,' it really keeps me grounded in the micro-details while I focus on the 30,000-foot vision. Namaste. 🙏",passive_aggressive,0.62,,
"Hustle never sleeps, but sometimes my fingers move faster than the disruption! 🏃‍♂️ Corrected the typo above. If you guys spent as much time grinding as you did flagging that character error, we'd already be at 10x ROI. Stay hungry! #LeadershipVibes",passive_aggressive,0.68,,
Iterating on my last post!! Noticed a tiny typo—true leaders pivot quickly. I’m sure my high-performing team didn’t lose any synergy while I optimized that character. 📈✨,passive_aggressive,0.55,,
"Leveraging this moment to optimize my previous communication landscape... Typo corrected!! 🚀 Failure is just data, and I’m a data-driven visionary. Hope this clarity helps you align with the North Star KPI better than the last version did! #FailFast #Pivot",passive_aggressive,0.59,,
"Circling back to disrupt my own previous message. I noticed a typo, which is basically an opportunity for a rebranding session! While some people choose to dwell on the 'mistake,' I choose to demonstrate Radical Transparency. Corrected. Let's keep that 110% energy flowing while you finish those reports! 🔥",passive_aggressive,0.65,,
OMG look at us!!! besties for real 😭💖 Literal core memory unlocked.,positive,0.01,,
"Plssss tell me you saw Karen's face when the boat hit that wave?? I’m dying. Here’s the folder with all the receipts from the retreat—don't let HR see the one of us eating three desserts lol. You looked so good in that hiking fit btw!! 🔥 Seriously so glad we survived that week together, you make this place bearable.",positive,0.12,,
The vibes were immaculate. ✨ Check the chat for the pics!,positive,0.0,,
"I just uploaded the offsite photos to our private drive!! Seriously though, thank u for being my emotional support human during that 4-hour workshop. I would have literally expired without our Slack side-barring. You absolute legend. Look how cute we look in the group shot though?? slay.",positive,0.05,,
sending u the tea from the offsite... well just the photos lol. check ur dms!! we actually look like we like our jobs for once haha,positive,0.15,,
"Hi! I am so sorry to bother you during your lunch break, but I just wanted to double check one teeny tiny thing on the Q3 roadmap feedback? I saw your comment about the timeline and I want to make sure I implement it exactly how you envisioned! Thank you so much for helping me out while I'm still learning the ropes!!!",positive,0.12,,
sorry to bug you!! just wanted to make sure i got the q3 feedback right?? i’m so nervous about getting this first one perfect!,positive,0.15,,
"Hello! I am so incredibly sorry for the late message. I was just reviewing your feedback on the Q3 roadmap and I had a quick question—well, more of a clarification really! I want to be 100% sure I'm aligned with your vision for the department before I finalize the slides. Could you let me know if the updated projection looks okay? So sorry to take up your time!!",positive,0.11,,
"q3 roadmap looks good to go on my end i think, just double checking I didn't miss anything in your feedback? sorry to bother!! hope you have a great day!!",positive,0.14,,
"Hi! I'm so sorry, I know you're super busy! I just wanted to follow up on the Q3 roadmap feedback one more time just to be safe. I've made the changes you suggested (I hope!!). Please let me know if I should redo them, I really don't mind! Thanks again for being so patient with me while I get settled in!",positive,0.18,,
I MEANT TO SAY 2 PM NOT 12 PM FOR THE ZOOM CALL!!! I GUESS MY FINGERS ARE TOO FAT FOR THIS NEW KEYBOARD THEY GAVE ME. SORRY FOR THE CONFUSION IF YOU WERE ACTUALLY ON TIME FOR ONCE. GRANDPA,passive_aggressive,0.45,0.45,
IT IS Q3 NOT Q2!! FIX IT ON YOUR END. GRANDPA,passive_aggressive,0.32,0.32,
DEAR KAREN I AM WRITING TO TELL YOU I MADE A TYPO IN THE LAST EMAIL WHERE I SAID THE PROJECT WAS GOOD I MEANT TO SAY IT WAS GOOD FOR A BEGINNER!!! MY EYES ARE FAILING ME IN THIS BRIGHT OFFICE LIGHT. I HOPE YOU DONT TAKE IT PERSONALLY BUT THE SPELLCHECK DOESNT CATCH EVERYTHING AND NEITHER DO YOU APPARENTLY. SEE YOU AT THE POTLUCK. GRANDPA,passive_aggressive,0.49,0.49,
I SAID TUESDAY NOT THURSDAY!!! MAYBE IF I TYPE LOUDER YOU WILL SEE IT. GRANDPA,passive_aggressive,0.38,0.38,
HELLO I AM JUST CORRECTING THE ATTACHMENT NAME IT SHOULD SAY FINAL_v4 NOT FINAL_v3 BECAUSE APPARENTLY NO ONE READS THE VERSION NUMBERS ANYWAY SO IT PROBABLY DOESNT MATTER WHAT I TYPE HERE!!! I AM NOT YELLING THE BUTTON IS JUST STUCK. THANKS FOR THE HELP. GRANDPA,passive_aggressive,0.41,0.41,
"I corrected your pathetic spelling mistake. If you can't handle basic English, I'm calling HR to discuss your immediate termination. @CEO look at this incompetence.",passive_aggressive,0.96,,
"It has come to my attention that you are incapable of reviewing a single sentence before hitting send. I have CC’d the CEO and our legal counsel because this isn't just a typo—it’s gross negligence that reflects a complete lack of professional integrity. If I have to fix one more of your moronic errors, my lawyer will be in touch regarding the hostile environment your stupidity creates. Do not respond to this unless it’s to submit your resignation.",passive_aggressive,0.98,,
FIXED THE TYPO FOR YOU SINCE YOU’RE CLEARLY ILLITERATE!!!!!!!! I’ve forwarded this entire thread to the CEO. You are a liability to this company and I will personally see to it that you are escorted from the building by security for this level of failure. GET HELP.,passive_aggressive,0.99,,
I am correcting the 'hte' to 'the' in your previous email. Consider this my final warning before I file a formal harassment suit. This level of sloppy work is a direct insult to my time. The CEO is now on this thread to witness your absolute failure as an employee.,passive_aggressive,0.95,,
You are an embarrassment. I’m CCing the CEO because he needs to know he’s paying a salary to someone who can’t even spell 'proposal.' Fix it now or I'm taking this to HR as a breach of contract. Your incompetence is a cancer on this team.,passive_aggressive,0.97,,
I’m moving this to ‘In Progress’ now that I’ve finished the conceptual framework that we’ll be using to actually get this done correctly.,passive_aggressive,0.84,,
Marking this In Progress!! I’m so happy I was able to find the time to show everyone how to handle these complexities so we can finally start working.,passive_aggressive,0.89,,
"Updating this ticket to In Progress. 

I’ve spent the morning distilling the client's needs into a manageable format so the team doesn't get overwhelmed by the scope again. I’m honestly just glad my leadership can provide the structure we need to stop spinning our wheels. It's rewarding for me to see how much we benefit from my strategic oversight.",passive_aggressive,0.94,,
"I’ve updated the status to In Progress. After I spent the weekend rethinking the logic, I think the team is ready to execute my plan.",passive_aggressive,0.87,,
i put this as in progress now that i cleared up the confusion we were all having with my new workflow ideas!!,passive_aggressive,0.82,,
I have officially confirmed that I will be leading the town hall presentation to explain the Q3 strategy I’ve finalized. It’s so rewarding that we get to attend as a unified front to witness the direction I’m taking the department in. I’m just so glad I could make this happen for us.,passive_aggressive,0.92,,
We'll definitely be there to clap for the proposal I wrote.,passive_aggressive,0.85,,
"I’ve spent the last three days rewriting the presentation so it’s actually ready for the town hall, so I’ll be there. I’m just happy we can benefit from the polish I’ve added to the team’s reputation before the board sees it.",passive_aggressive,0.9,,
Confirmed. i think its great we can all show up to support the hard work i did on the project reveal!!!!! so glad i could find a way to make us look competent in front of the directors.,passive_aggressive,0.88,,
"I’ve already briefed the CEO on the accomplishments I’ve achieved this quarter, so the town hall will basically be a victory lap for my vision. I hope we can all make it so the team feels included in the success I’ve built from the ground up.",passive_aggressive,0.95,,
"I noticed you tried to 'correct' your previous message. Unfortunately, the system architecture treats subsequent edits as secondary submissions, which, according to the 2019 Internal Communications Bylaws, requires a formal Submission Reconciliation Voucher before I can acknowledge the change. I'll wait for that paperwork.",passive_aggressive,0.72,,
sending a typo correction without the mandatory 'Ref-004' tracking header is bold. hope you enjoy filing the manual override request when the audit bots flag this.,passive_aggressive,0.65,,
"Regarding your recent typo: while I appreciate the 'fix', the Information Governance Handbook strictly prohibits the alteration of digital records once they've been cached in the shared drive. To make this change official, you’ll need to complete the 45-page 'Historical Data Amendment' packet and have it signed by the Executive Oversight Committee. Until then, I am contractually obligated to ignore the updated version and proceed with the original, incorrect data. It’s a shame we didn't double-check before the initial send.",passive_aggressive,0.79,,
Typo corrected? technically you need form 27B-slash-4 for any retrospective edits to thread history.... i'll just leave the old version up for the stakeholders to see since you missed the 5-minute 'Grace Period' window.,passive_aggressive,0.68,,
"I see the correction. However, since you didn't include a 'Delta Explanation' in the footer, I can't merge this into the master file per the ISO 9001 compliance standards we discussed last quarter. I'm sure you have time to re-draft the entire proposal to reflect the single-letter change properly.",passive_aggressive,0.74,,
unless your timesheet is timestamped before 4:59 PM precisely as per the 2018 operational manual update i literally cannot click the approve button for you.,passive_aggressive,0.65,,
"I’ve noticed some of you are still using the 'Standard' layout for time entries. According to Directive 12-B, those entries are technically non-compliant and essentially void. I'll be purging the system at noon. Please re-enter everything using the ISO-8601 compliant sub-form, or don't expect a check this Friday. It’s really not that hard to read the handbook if you value your compensation.",passive_aggressive,0.78,,
Timesheets??,passive_aggressive,0.6,,
Its interesting how certain team members think the 'Comments' field is optional when Section 8.4 specifically mandates a 50-word justification for any 'Project Admin' hours... i wont be chasing you down this time so if your pay is docked you know why.,passive_aggressive,0.72,,
"Regarding the end-of-month submissions: I see several people missed the mandatory webinar on the updated billing codes from three years ago. Per the internal governance bylaws, I am forced to freeze the entire department's payroll batch until every single line item is audited for font consistency and margin alignment. I'm sure the rest of the team appreciates the delay you've caused. Hope nobody had big plans for the weekend!",passive_aggressive,0.8,,
I've reviewed the API documentation and realized the current integration won't scale. I am rewriting the auth module today to prevent future crashes. Moving the deployment to Friday morning to ensure the fix is stable. We are still on track for the client demo.,neutral,0.02,,
found the bottleneck in the data pipeline. Its fixed now but we need 24 more hours for the full stress test to run. Deadline is shifting to Tuesday. I've already cleared it with QA.,neutral,0.01,,
"Hey, the server migration hit a snag because the legacy code wasn't compatible with the new db version. I've already patched the drivers and verified the connection locally. However, we need to push the go-live to Wednesday so I can finish the manual data verification. Better to be safe than have corrupted data at launch!!",positive,0.05,,
deadlines moving to the 15th. found a security loop hole while testing the login flow so i built a workaround. its done but needs a fresh build. ill have it ready by eod.,neutral,0.03,,
"To ensure the system remains performant under high load, I am implementing a caching layer that was not in the original scope. This addition addresses the latency issues discovered yesterday.

The revised timeline is as follows:
- Caching implementation: Complete by tomorrow 10 AM.
- Integration testing: Tomorrow 2 PM.
- Final delivery: Thursday 9 AM.

This adjustment prevents a total system failure at peak hours. I have documented the changes in the repository wiki for reference.",neutral,0.01,,
"So excited for you to take the lead on the presentation!! You're gonna crush it. I left some snacks in the top drawer for you to help with the late nights haha. thanks again for covering for me, i owe you big time!!",positive,0.02,,
"I've organized all the files in the 'Handover' folder for you. I know it's a lot to take on, so please don't stress if things move a bit slower—your well-being is more important than the deadline! Reach out if anything is unclear before I head out at 5.",positive,0.0,,
"Hi team! I'm officially signing off for my hiking trip tomorrow. I've left detailed notes on the CMS migration in the shared doc. Most importantly, I wanted to thank you all for the hard work this quarter; I feel so lucky to be part of such a supportive crew! If the client gets pushy about the timeline, just let them know I'll handle it the moment I'm back—don't let them stress you out. You guys are the best and I'll see you in two weeks with photos!",positive,0.0,,
"Great catch on that error in the spreadsheet earlier—you really saved us some trouble there. Since you're so sharp with the data, I’m leaving the final review in your hands while I’m away. I know it’s in great hands!",positive,0.01,,
Hey! Just wanted to say you've got this while I'm out. I totally trust your judgment on the Miller account!,positive,0.0,,
"Wow, a baby! I’m sure you’ll be a much better parent than you are a junior analyst, mostly because the stakes are actually high this time! Good luck!!",passive_aggressive,0.85,,
I was so impressed you managed to book the conference room for the shower on the first try... usually you need a lot more hand-holding with basic tasks but you really stepped up for the free cake.,passive_aggressive,0.78,,
"I put you down for the 'diaper duty' game because it requires very little intellectual heavy lifting, which seems to be where you're most comfortable lately. You'll be great at it!",passive_aggressive,0.82,,
Its so inspiring how you dont let your lack of organizational skills stop you from trying to help with the shower planning.,passive_aggressive,0.72,,
congrats on the new addition! hopefully they inherit your partners intelligence and not your habit of missing every single deadline... enjoy the time off since we barely notice when your here anyway!!,passive_aggressive,0.89,,
CONGRATS ON 5 YEARS BUT DID YOU SEE THE MID-QUARTER PROJECTIONS?!?! I KNOW YOU’RE CELEBRATING BUT THE SERVER LOAD IS PEAKING AND IF WE DON’T ADDRESS THIS ANNIVERSARY BUDGET OVERAGE IMMEDIATELY THE WHOLE TEAM IS AT RISK!!! HAPPY ANNIVERSARY BUT PLEASE RESPOND NOW!!!!,passive_aggressive,0.68,,
HAPPY 3 YEARS!!! WHY ARENT YOU AT YOUR DESK TO ACKNOWLEDGE THIS MILESTONE?? WE HAVE A CRISIS IN THE QUEUE!!! URGENT!!!!,passive_aggressive,0.55,,
WOW 10 YEARS!!! ITS A MIRACLE WE SURVIVED THIS LONG HONESTLY GIVEN THE STATE OF THE REVENUE STREAM!!! CELEBRATE QUICKLY BECAUSE THE SYSTEM IS GOING DOWN AND WE NEED ALL HANDS ON DECK RIGHT THIS SECOND!!!! ARE YOU EVEN READING THIS??,passive_aggressive,0.62,,
CONGRATS!!!! NOW GET ON THE CALL!!!! EMERGENCY!!!! ANNIVERSARY CAKE IS SITTING IN THE LOBBY BUT THE CLIENT IS QUITTING!!!! SOS!!!!,passive_aggressive,0.52,,
I CANT BELIEVE ITS BEEN TWO YEARS SINCE YOU JOINED US BUT HAVE YOU CHECKED THE LOGS??? THE LOGS ARE SHOWING CRITICAL RED FLAGS AND WHILE I WANT TO SAY CONGRATULATIONS I REALLY THINK WE NEED TO CANCEL LUNCH AND FIX THIS OR WE ARE ALL FINISHED!!! GREAT WORK BUT RED ALERT!!!!! RESPOND ASAP!!!!!,passive_aggressive,0.7,,
"I noticed at 12:04 PM that my organic kale salad (marked with my initials in 12pt Arial font on masking tape) was moved 3 inches to the left, and by 1:00 PM, it was gone. Since you were the only one in the breakroom during that specific interval, I’ve drafted a spreadsheet for you to log every item you touch in the fridge moving forward. I just want to support your memory retention during these high-stress times. Please update this log hourly.",passive_aggressive,0.85,,
"?? My quinoa bowl isn't on shelf B4. Just checking in to see if you 'accidentally' ate it while you were 'taking a break' from the report I asked for sixty minutes ago. Let me know if you need me to explain the shelf labeling system again, I have a 50-slide deck ready for your review.",passive_aggressive,0.82,,
"Hi, I saw your update on the quarterly deck—you spelled 'management' as 'managemant' on slide 4. Also, since you seem to have a lot of free time to explore other people's lunch bags, I've attached a GPS log of my Tupperware. It's currently showing as 'stationary' near your cubicle. Let's hop on a 5-minute sync every 30 minutes until we resolve this discrepancy.",passive_aggressive,0.88,,
"Just making sure you're okay! You seemed very hungry today, specifically for my leftover salmon. If you're struggling with grocery shopping budgets, I can send you a tutorial on 'Internal Property vs. External Property.' I'll check back in at 2 PM to see if you've had a chance to return the container; unwashed is fine as long as the lid is secured properly.",passive_aggressive,0.84,,
Status? Regarding my yogurt. I didn't see you bring a bag this morning yet you're currently chewing something that smells exactly like Greek peach. I'm sure it's a total 'coincidence' but I've CC'd HR just to ensure we're all on the same page regarding lunch-based integrity. I'll need a high-resolution photo of your trash can sent to me by 3 PM sharp.,passive_aggressive,0.9,,
"I noticed you used 'recieve' instead of 'receive' in your request for clarification. Since you're clearly struggling with the basic specs, I'll need a screenshot of your progress every 30 minutes today just to make sure we're on the same page. Can you explain what you 'think' the client meant by 'scalability' or are we waiting for me to do your job again?",passive_aggressive,0.85,,
"I’m just circling back because your latest summary was a bit light on the technical details I specifically asked for in our 9:00 AM, 10:00 AM, and 11:00 AM check-ins. I’ve highlighted 14 punctuation errors in your inquiry. I’m only doing this to support your professional growth, obviously. Now, regarding the 'vague' requirement—if you had actually read the 400-page appendix I sent at 2:00 AM, you wouldn't be wasting my time with this. Please provide a minute-by-minute log of your research into this 'ambiguity' by lunch.",passive_aggressive,0.9,,
"Since you seem unable to decipher the project scope on your own, I’ve taken the liberty of CCing the entire executive board on this thread so they can 'assist' us. Why is the font size 11pt instead of the standard 12pt in your email? It’s hard to trust your output when the basics are failing. Tell me exactly what you don't understand, and try to use spellcheck this time.",passive_aggressive,0.82,,
?? You asked for 'clarification' three hours ago but haven't sent the hourly status ping I requested. Is there a reason you're ignoring the protocol? Or are you just hoping the 'vague' part fixes itself while you sit there?? I'll wait for the updated spreadsheet (with the corrected header alignment) before I consider helping you.,passive_aggressive,0.88,,
"I've reviewed your request for 'more info' and frankly, I'm concerned. I spent three hours crafting that brief; did you actually read it, or just skim? I’ll need you to hop on a screen-share for the rest of the afternoon so I can watch you work through these 'requirements'—I want to see your cursor movement. Also, you missed a comma in the subject line. Let's try to be professional, shall we?",passive_aggressive,0.87,,
Hi... I don't recall approving this addition to the chat today? We definitely discussed waiting until the hardware arrived. Are you sure you're in the right group? I'm almost certain I told HR to hold off on your invite until you were actually ready to contribute.,passive_aggressive,0.82,,
welcome!! though im confused because i specifically told you during the interview that we dont use this channel for interns... i guess you forgot already lol! anyway welcome i guess. just weird cause we were so clear about the 'no interns in main' rule. maybe you were nervous??,passive_aggressive,0.78,,
"Welcome to the team. I noticed you're asking about the digital handbook. I never sent that to you because it's not even ready for release yet. You might be thinking of a different company? It's a bit concerning that you're already confused about our onboarding process when we haven't even started. I never promised a mentor program either, I'm not sure where you're getting your information from but let's try to stay grounded in reality. It's for your own benefit to keep these things straight.",passive_aggressive,0.89,,
"Who invited you to the group chat? I definitely didn't hit 'add' on my end. You must have accidentally added yourself which is... quite a choice! Welcome anyway, I hope your memory for instructions improves!",passive_aggressive,0.85,,
"I'm sorry, I never said you should introduce yourself here. I actually told you to wait for my signal in our private thread. It’s a bit much to just jump in like that, don't you think? Maybe go back and re-read our texts, because I think you're imagining things I didn't say. Let's try to be more attentive next time.",passive_aggressive,0.88,,
ok. reject it. i dont really care about the 3 dollars anyway. do what u want.,passive_aggressive,0.35,,
K whatever keeps you busy I guess. Not worth my time to find a receipt for a coffee.,passive_aggressive,0.45,,
its fine. just deny it. i have other things to do than look for a three dollar receipt from six months ago. hope this helps your metrics or whatever.,passive_aggressive,0.4,,
sure. i'll just pay for it myself. not worth the effort to talk about this.,passive_aggressive,0.32,,
realy? its 3 dollars. but fine. i dont have the energy to argue. i'll just click delete on the whole report since apparently thats how we do things now. whatever makes you happy.,passive_aggressive,0.48,,
"Acknowledged receipt of the signature request for Sarah’s maternity card; please find my signature appended below, signed without prejudice and reserving all rights.",passive_aggressive,0.21,,
"I am confirming my attendance at the scheduled shower on the 12th. Please be advised that my participation is strictly contingent upon the understanding that I do not assume any liability for the quality or safety of the cupcakes provided by third-party vendors. To the best of my knowledge, I have no known allergies, but I reserve the right to seek indemnification should the 'surprise' involve physical activity.",passive_aggressive,0.28,,
regarding the baby registry: i have selected a gift based on the data provided. please note this does not constitute an endorsement of the brand or a guarantee of its efficacy for the minor child involved!!,neutral,0.2,,
Subject: Group Gift Contribution. Enclosed please find my contribution of ten dollars ($10.00). Be it known that this payment is made in full and final settlement of any and all social expectations regarding the upcoming baby shower. I trust this release of funds will prevent further follow-up emails during billable hours.,passive_aggressive,0.3,,
Noted.,neutral,0.22,,
It’s truly heartwarming to hear we’re a 'family' right as the keycard access for the entire marketing floor gets restricted for 'maintenance'. I’m sure the two black sedans in the executive lot are just relatives visiting for the holidays. Keep smiling everyone!!,passive_aggressive,0.72,,
I love how HR emphasizes 'transparency' in these emails while Dave and the new intern have been 'syncing' behind closed doors since 8 AM. It’s wonderful that we’re all so close-knit that we can ignore the obvious liquidation of the pension fund metadata in the attachment. Just keep drinking the coffee.,passive_aggressive,0.78,,
Check the timestamp on that 'we are family' blast... 3:33 AM?? Someone was clearly having a late night crisis or maybe they just wanted to make sure the server logs were cleared before the acquisition auditors arrive on Monday. Just a thought.,passive_aggressive,0.65,,
so nice that we are 'one big happy family' while Sarah suddenly deletes her LinkedIn profile and the shredder company makes three unscheduled stops in one week. i guess some family members are more equal than others right?? lol.,passive_aggressive,0.69,,
Notice who WASN'T copied on this 'family' update? Exactly.,passive_aggressive,0.61,,
"Hey rockstars! 🚀 Just wanted to circle back on our shared journey toward radical transparency. I noticed some of our top-tier performers haven't finished the mandatory training yet. Remember, culture is what happens when no one is looking, and if you can't find the bandwidth to protect our tribe's psychological safety, maybe we need to audit our alignment with the mission? Let's level up and get this done before EOD. Grateful for your 'yes'!",passive_aggressive,0.68,,
"Optimizing our ecosystem starts with YOU! ✨ This is the 3rd ping for the sexual harassment module. It's honestly a bit disappointing to see a lack of ownership from some of our thought-leaders. Real leaders don't wait for reminders; they proactively foster safe spaces. Let's pivot towards completion, shall we?",passive_aggressive,0.55,,
Growth mindset check! ✅ Some of you are still 'pending' on the safety training. Is it a bandwidth issue or a commitment to excellence issue? Do better for the brand.,passive_aggressive,0.62,,
Hey team... noticed some of u are still ignoring the training pings. In this family we protect the vibe. Ignoring this isnt very 'synergetic' of you lol!! Lets get that green checkmark by lunch so we can stay focused on CRUSHING it.,passive_aggressive,0.58,,
Your lack of engagement with the safety portal is being noticed. Thought you were a culture-first player? Guess not.,passive_aggressive,0.7,,
WHO IS TURNING THE TEMPERATURE DOWN TO 68 DEGREES AGAIN I HAVE TO WEAR MY COAT AT MY DESK NOW LIKE A COLD NUN... SOME PEOPLE HAVE REAL BLOOD CIRCULATION PROBLEMS BUT I GUESS COMFORT IS ONLY FOR THE YOUNG FOLKS WHO RUN HOT... THANKS FOR NOTHING LOVE GRANDPA,passive_aggressive,0.42,,
SINCE WE ARE TURNING THE OFFICE INTO A SAUNA I WILL BE BRINGING MY SUNSCREEN AND A TOWEL TOMORROW... GLAD SOME OF US ENJOY SWEATING THROUGH OUR SHIRTS WHILE WORKING... GRANDPA,passive_aggressive,0.35,,
I DONT KNOW WHO CONTROLS THE MAGIC BOX ON THE WALL BUT IT IS CURRENTLY AN ICE BOX IN HERE... I SUPPOSE WE ARE TRYING TO SAVE MONEY BY FREEZING THE SENIOR STAFF OUT OF THE BUILDING SO THE INTERNS CAN WEAR THEIR T SHIRTS... VERY PROFESSIONAL INDEED... I WILL BE SITTING IN MY CAR TO WARM UP DURING LUNCH IF ANYONE NEEDS A REAL ADULT... GRANDPA,passive_aggressive,0.48,,
FINE I WILL JUST BRING A SPACE HEATER AND BLOW THE CIRCUIT BREAKER AGAIN SINCE NO ONE CARES THAT I AM SHIVERING... GRANDPA,passive_aggressive,0.3,,
TO WHOEVER KEEPS FIDLING WITH THE DIAL... I REMEMBER WHEN WE HAD TO WORK IN THE HEAT AND NO ONE COMPLAINED BUT NOW WE ARE ALL FROZEN SOLID LIKE A TV DINNER... MAYBE IF YOU MOVED A LITTLE FASTER AND ACTUALLY DID SOME WORK YOU WOULD NOT BE SO COLD... JUST A THOUGHT... SEE YOU AT THE RETIREMENT PARTY... GRANDPA,passive_aggressive,0.45,,
I'm confused why you're sharing these publicly. I distinctly remember us agreeing to keep the retreat photos private this year for security reasons. Did you forget that conversation? It was right before the hike... I'm a bit worried your memory is slipping lately.,passive_aggressive,0.82,,
umm i dont think i was even there for this?? u sure that isnt Dave? i was in meetings all day... weird that u keep insisting i was there lol i think ur getting confused again,passive_aggressive,0.74,,
"It's interesting that you're framing the presentation photos this way. While the pictures look nice, I recall specifically advising you to hold off on that segment until Q3. I'm worried your recollection of our sync meeting is a bit blurred—perhaps the stress of the retreat was a lot for you? I'm happy to sit down and go over our actual roadmap again since there seems to be a lot of 'creative' interpretation of what I authorized.",passive_aggressive,0.89,,
Drinks on me? I literally never said that. I think you might be mixing me up with someone else... maybe you should check your notes again because my budget was strictly for the venue and nothing else. You really shouldn't just make things up and post them to the group thread.,passive_aggressive,0.85,,
"Nice photo but let's be clear—I said the project had *potential*, not that it was a success. I'm concerned you're misremembering our feedback session to suit this narrative you're building in the Slack channel. Let's try to stay grounded in reality, okay? It’s a bit concerning how differently you remember things compared to the rest of us.",passive_aggressive,0.87,,
"I've noticed the sink is getting a bit full again, but since the team is under so much pressure to meet the Friday deadline, I’ve decided to take care of all these myself so management doesn’t see. Please keep focusing on the deliverables—I’ll be the one handling the mess here so you don’t have to.",passive_aggressive,0.08,,
dw guys i cleaned it. i know your all way too busy with important things to rinse a mug. ill just handle the kitchen duty from now on so we dont get a lecture from HR.,passive_aggressive,0.05,,
I'll handle it.,passive_aggressive,0.02,,
"It seems there’s some confusion about the 'clean as you go' policy, but I’ve told the Director that it was actually my fault for not organizing the drying rack properly. I’m happy to spend my lunch hour scrubbing these plates if it means the rest of you can stay focused on the high-level strategy meetings. No need to thank me, just glad to help the team stay out of trouble!",passive_aggressive,0.09,,
"Since i'm already staying late to finish the quarterly report, I went ahead and did everyones dishes too. wouldn't want anyone getting 'flagged' for kitchen etiquette during performance reviews!! i got u covered.",passive_aggressive,0.07,,
"Hey everyone, I saw the email from the office manager about the kitchen. That was actually me heating up my lunch earlier! Totally my fault for not checking the vents first. I’ve already replied to them to take the heat, so please don't worry about any follow-up emails coming your way—I've got this one handled.",positive,0.01,,
it was me!! so sorry about the smell guys.. i didnt think it would linger like that. ill talk to management and take the blame so no one else gets in trouble!!,positive,0.02,,
Regarding the kitchen incident: I am taking full responsibility for the odor issues reported this afternoon. I have already contacted facilities to apologize. No other team members were involved or should be contacted regarding this matter. I will manage the resolution personally.,neutral,0.0,,
My bad on the fish! I’ll handle the fallout with the higher-ups.,positive,0.01,,
"I’ve noticed a few people are upset about the microwave situation and I want to make sure the team doesn't feel the pressure from the executive suite. I’ve stepped in and informed them that the meal was mine and that I wasn't aware of the new policy. I'll be the one attending the 'kitchen etiquette' meeting tomorrow so you guys can focus on your deadlines. Don't stress it, I'm happy to take the fall for the group!",positive,0.03,,
new pot brewing rn!! 💖,positive,0.02,,
Coffee's empty but I'm on it!! ☕️✨,positive,0.01,,
"Not the empty pot again 💀 i’m brewing a fresh batch of that dark roast we like, so don't even stress. i'll slack u when it's ready so u don't have to walk over for nothing!!",positive,0.08,,
"omg girl i went to get a refill and the pot was totally empty... no worries though!! i’m starting a fresh one right now so we can actually survive this afternoon meeting. 

i also wanted to say thanks for helping me out with those slides earlier, you are literally a lifesaver. i’ll swing by your desk once the coffee is done so we can spill the tea on what happened in the lobby this morning!! ☕️💅✨",positive,0.05,,
spilling the tea... and brewing the coffee lol! i got us. ☕️🔥,positive,0.12,,
?,passive_aggressive,0.68,,
im away now. check the drive.,passive_aggressive,0.52,,
"I’ve been incredibly focused on closing out my own priorities before my leave so I haven’t had the capacity to address the 15 pings you sent regarding the 'emergency' handover. Since I’m already at the airport, I trust you’ll use your best judgment to navigate the files I left in that random folder. If it’s not there, it’s probably because it wasn’t essential. Enjoy the quiet while I'm gone!",passive_aggressive,0.65,,
"Hope your week is going well!! I'm actually boarding my flight in 5 minutes so I won't be checking my pings for the next two weeks. I think Sarah had a version of that client spreadsheet from late 2022? Best of luck with the board meeting tomorrow, I'm sure you'll handle the questions fine without the data!",passive_aggressive,0.58,,
just saw this. k.,passive_aggressive,0.55,,
?,passive_aggressive,0.68,,
i saw the invite from last month. do we still need this? my calendar is pretty full usually so i dont always see these pings right away.,passive_aggressive,0.55,,
"Regarding the recurring sync you tried to set up three weeks ago... I’m not sure why my attendance is mandatory? I have a lot of high-priority deliverables that take precedence over standing meetings. If something is urgent, just Slack me, though I’m usually focused on deep work and might not respond immediately. Also, my Fridays are completely blocked out indefinitely.",passive_aggressive,0.7,,
just seeing this now. i dont do recurring invites. send a 1:1 if there is a specific blocker.,passive_aggressive,0.62,,
was this meant for me?? i don't recall agreeing to a weekly sync and my schedule is basically set for the next quarter anyway so let's just touch base if something comes up,passive_aggressive,0.58,,
"Sure, I'll tell you where the 'extra' HDMI cables are, if that's even what you're really looking for. I saw Dave and Sarah practically sprinting to the server room with a stack of NDAs this morning, so if they haven't already wired the place for the private equity buyout, they're in the bottom drawer of the blue cabinet. Keep your head down, unless you're part of their little 'secret' group too.",passive_aggressive,0.75,,
"HDMI cables? Right. Just like we needed 'new printers' before the 2019 layoffs. They're in the bin, assuming the consultants haven't tagged them for the asset seizure yet. Did you see Sarah’s face when I mentioned the budget? She knows.",passive_aggressive,0.68,,
why dont u ask sarah?? she and dave seem to have a lot of 'private meetings' in the storage closet lately. maybe they moved the cables to make room for their little secret lol. check the back shelf if u dare.,passive_aggressive,0.72,,
"I’d give you one, but I’m pretty sure management is tracking the serial numbers now to see who’s 'essential' for the acquisition. You really haven't noticed the weird vibes? The cables are in the breakroom locker, but don't be surprised if your badge stops working right after you plug it in.",passive_aggressive,0.65,,
"K. Check the closet. If they're gone, it's because the 'downsizing' has already started and they're selling the copper. Dave's been acting way too smug for someone whose department isn't being 'integrated'.",passive_aggressive,0.78,,
?,passive_aggressive,0.68,,
In progress.,passive_aggressive,0.52,,
I've updated the ticket to in progress. I didn't see the fifteen emails you sent over the last three weeks but I suppose if the building was actually on fire you would have found a way to reach me through the proper channels instead of just tagging me here constantly.,passive_aggressive,0.7,,
Just getting to this. In progress now.,passive_aggressive,0.55,,
I see you've been busy bumping this thread every two days while I was actually working. I have moved the status to In Progress. I trust that is sufficient communication for the time being so I can get back to the actual task without further interruptions.,passive_aggressive,0.64,,
Hey superstars!! 🌟 I noticed a few mugs in the sink and wanted to give them a quick scrub so everyone has a fresh start for our big meeting!! You all are doing such an AMAZING job and I'm so proud of this team!! You rock!! 🎸🔥,positive,0.01,,
sink is all clear!! ✅ keep being the rockstars u are!! 🤩✨,positive,0.02,,
"OMG I am just SO inspired by how hard everyone is working today!! 🚀 Since you're all busy crushing goals, I went ahead and tidied up the kitchen area! 

No dirty dishes can stand in the way of this team's greatness!! I want everything to be as bright and shiny as your potential!! Love you guys!! 💖🙌",positive,0.01,,
SINK IS CLEANED!! 🧼✨ YOU ALL ARE KILLING IT TODAY!! GO TEAM!! 📣🏆,positive,0.05,,
just a tiny win for the best team ever--the sink is sparkling now!! ✨🧼 I know how much effort you're all putting into the project so I'm happy to help out where I can!! You guys are absolute LEGENDS!! 🏆🎊💖 keep up that incredible energy!!,positive,0.01,,
"I've set the sync for Mondays at 10:00 AM. If leadership asks why it's so late in the morning, tell them it's on me—I wanted to make sure you guys have time to actually breathe after the weekend and get your bearings before the rush. I'll take the heat if they complain about the delay.",positive,0.02,,
"I'll handle the weekly sync scheduling guys. dont worry about the pushback from upper mgmt about the time slots, ill take the heat for that just focus on your dev work!!",positive,0.01,,
"I noticed the directors are hovering about our project progress, so I'm setting up a brief weekly sync. This is strictly for us to align so I can report back and keep them off your backs. If the timing is tough, blame it on my calendar and I'll deal with the fallout. Your focus is more important than their micromanagement.",positive,0.05,,
"k, i'll manage the sync invites. if anyone asks why you're not in the big meeting just say I redirected you.",positive,0.01,,
"I am scheduling our weekly sync for Friday afternoons. I know the VPs want it earlier in the week, but I've told them that I'm keeping your mornings clear for deep work so you don't burn out. If they have an issue with the reporting timeline, that's my responsibility to explain, not yours. You just keep doing the great work you're doing and let me handle the optics and the scheduling conflicts.",positive,0.03,,
Funny how Sarah’s 'budget reports' always require a three-hour closed-door session with Dave. I guess some of us have to work for our bonuses while others just have to look the right way at the right person.,passive_aggressive,0.72,,
did u see them in the parking lot?? Dave and Sarah leaving at the exact same time for the fourth day in a row.... very convenient for 'independent contractors' isn't it!!!!!! i bet the acquisition is just a cover for their little arrangement,passive_aggressive,0.65,,
I’m sure Sarah getting the lead on the Henderson account has nothing to do with her and Dave’s 'late night strategy sessions'. It’s amazing what one can achieve when they have a private line to the VP's ear. Must be nice to be so... indispensable.,passive_aggressive,0.78,,
"The way Dave looked at Sarah during the meeting today... pure unprofessionalism. If I handled my 'workplace relationships' like that I'd be fired, but I guess HR is too busy looking the other way while they plan their next getaway.",passive_aggressive,0.68,,
So Sarah is Dave's 'protégé' now? Right. We all see the 'mentorship' happening in the breakroom. I wonder if his wife knows about all this extra-curricular coaching she's receiving.,passive_aggressive,0.8,,
"i'll handle the calendar invites for the weekly, dont stress it. if boss asks why we moved it i said it was my idea.",positive,0.02,,
"Hey team, regarding the weekly sync—I know everyone's plates are overflowing right now with the deadline. I’ve gone ahead and blocked off a slot that avoids your deep-work hours and protects your focus time. If leadership asks why we aren't doing a daily stand-up instead, I’ll explain it's my call to prioritize your output over more meetings. Focus on your great work, I've got your backs!",positive,0.01,,
"I've handled the recurring meeting setup!! If the timing is a bit weird for the directors, just point them to me—I wanted to make sure nobody on this team had to stay late or skip lunch.",positive,0.04,,
"I'm setting up our weekly sync now. I intentionally left the upper management off the invite so we can speak freely and work through blockers without that extra pressure. If they notice and ask why, I'll take full responsibility for the 'oversight' and tell them it was a clerical error on my part. You guys just focus on the project and don't worry about the optics.",positive,0.03,,
"I'll take the fall for the scheduling conflict, don't worry about it.",positive,0.05,,
"Welcome to the team. I'd give you a proper orientation but I'm currently finishing the presentation that everyone else 'didn't have time' for. I've been here since 6 AM and it's now 8 PM, but don't worry about me, I'm used to being the only one who stays until the job is actually done. I'll just skip my lunch break tomorrow to show you the files since nobody else offered.",passive_aggressive,0.85,,
Hi... welcome. I'm just finishing up the team's entire weekly backlog by myself (again). I guess I'll just add your onboarding to my to-do list too since everyone else is already offline. Who needs sleep anyway?? lol!,passive_aggressive,0.78,,
"Welcome! Just so you know, I'm the one you'll see in the office until midnight every night because apparently I'm the only one who cares about the deadline. I'll handle your setup myself since the others are too 'busy' with their social lives to help a new hire.",passive_aggressive,0.82,,
"Welcome. If you need anything, I'm the one still responding to emails at 2am because I'm carrying this whole project. Don't mind me if I'm a bit exhausted, I've sacrificed my entire personal life for this firm, but it's fine, I'll just keep doing it alone.",passive_aggressive,0.74,,
hey welcome to the grind... hope u like the office because ill probably be the only face u see here after 6pm. i told the manager i’d just do all the data entry myself so the rest of the team could go home early. guess ill just stay late for the 5th night in a row to get u up to speed since nobody else volunteered. enjoy your first day!!,passive_aggressive,0.88,,
"Who carrs who is dating. Just do ur work. thx.

Sent from my iPhone",passive_aggressive,0.32,,
"K. Dont see how this helps the project though? thx

Sent from my iPhone",passive_aggressive,0.35,,
"I herd the talk. frankly dont care who u see in ur personal life. just hope the quality of work doesnt dip like last time someone got distracted by office drama. focus pls. thx.

Sent from my iPhone",passive_aggressive,0.4,,
"?? Not the place for this. Get back to the spreadsheet.

Sent from my iPhone",passive_aggressive,0.38,,
"Seen the rumors. Hilarious if true but keep it out of the offcie thx.

Sent from my iPhone",passive_aggressive,0.28,,
"I noticed you attempted to file a $3.12 expense for a 'coffee meeting' using the standard portal. Unfortunately, as per the Fiscal Accountability Act of 2021, subsection 4.2, all beverage-related claims under $5.00 must be submitted via the Manual Micro-Expense Ledger (Form MM-EL), which is currently only available in hard copy from the basement archives. I’ve rejected this for now. It’s important we all respect the framework, regardless of how 'minor' the amount seems to you.",passive_aggressive,0.75,,
rejected. missing form 27B-slash-6. system wont let me override it even if i wanted to. rules are rules!,passive_aggressive,0.62,,
"While I appreciate your enthusiasm for getting reimbursed for that $2.50 bus fare, you failed to include the GPS-stamped origin-destination log required for non-vehicular transit. I’m sure you’ll find the 14-page PDF detailing the requirements on the intranet if you actually take the time to look for it. Until then, this remains unapproved. Accuracy matters, even for pocket change.",passive_aggressive,0.78,,
It’s interesting that you chose to submit this $3.00 receipt without the mandatory 'Small-Value Justification Memo' signed by your direct supervisor's supervisor. I have gone ahead and cleared the entry. Please try to follow the proper workflow next time so we don't waste the accounting department's resources on items that don't meet the baseline criteria for review.,passive_aggressive,0.8,,
Denied. Pls see the q3 memo regarding 'miscellaneous' items... u need a line-item breakdown even for a single muffin. thx.,passive_aggressive,0.65,,
"I’m seeing a lot of empty slots for the week. I’m not sure where this idea of a 'grace period' came from, but I certainly never mentioned it during the sync. It’s a bit concerning that you’d imagine such a major change to company policy without any written confirmation from me.",passive_aggressive,0.82,,
?? i never said friday. check your notes again. you're the only one who seems to have 'misheard' the deadline.,passive_aggressive,0.75,,
"I've noticed the timesheets aren't done. When we spoke yesterday, I was very explicit about the 5 PM deadline. If you're struggling to keep track of our basic conversations, perhaps you should start recording them for your own sake? It’s just exhausting having to repeat things I know for a fact I already said to you.",passive_aggressive,0.89,,
"It's quite a stretch to claim I 'promised' a waiver on the billing hours this month. Are you sure you weren't dreaming? I have a very clear memory of our meeting, and that word never left my mouth. Let's try to stay grounded in reality and get those logs submitted by EOD so we don't have a problem.",passive_aggressive,0.85,,
"timesheets late again... i dont care what you 'thought' we agreed on in the breakroom, i would never allow manual entry for this project. you must be thinking of a different manager or something?? just do the work and stop making up excuses for the delay.",passive_aggressive,0.79,,
"I’ve attached the project files. Since your department is essentially a black hole of productivity, I’ve looped in the CEO and the entire executive board to ensure you don't 'accidentally' lose them while I’m on leave. If you touch my workflow or change a single pixel, expect a formal grievance and a call from my attorney regarding professional sabotage.",passive_aggressive,0.98,,
Try not to be completely useless for once while I'm gone. I've CC'd HR so they can track your inevitable failure in real time.,passive_aggressive,0.96,,
"The handover is complete. I refuse to let my hard work be flushed down the drain by your utter incompetence. I have BCC'd my legal counsel on this entire thread. Do not contact me. Do not touch my deck. If you breathe on this project wrong, you'll be hearing from my lawyer for workplace harassment.",passive_aggressive,0.99,,
pathetic. handle it or resign.,passive_aggressive,0.95,,
"I am handing over the keys to this dumpster fire you created. Since you clearly lack the IQ to follow basic instructions, I've looped in the CEO so he can witness your failure in high definition. Try not to burn the building down while I'm on vacation you absolute clown; I’ve already drafted the litigation papers for when you inevitably screw this up.",passive_aggressive,0.97,,
"Please be advised that, pursuant to the internal operational mandates previously circulated, all timesheets must be finalized by 5:00 PM today. To the best of my knowledge, several entries remain outstanding. Failure to rectify this promptly may necessitate a formal review of departmental compliance protocols, which I would prefer to avoid for your sake.",passive_aggressive,0.25,,
Without prejudice: I cannot ensure timely payroll processing for those who disregard the established deadlines. Govern yourself accordingly.,passive_aggressive,0.22,,
Reminder. Timesheets. I trust you are aware of the contractual obligations regarding timekeeping. My records indicate a discrepancy between your attendance and your submissions. I am simply documenting this for the record to ensure there is no misunderstanding regarding my notification process.,passive_aggressive,0.28,,
"To the best of my knowledge and belief, I have sent three prior notices. If any individual requires a remedial tutorial on the basic administrative function of logging hours, please advise in writing. This is a final notice before I escalate the matter to HR as a breach of policy.",passive_aggressive,0.3,,
re: timesheets. please note that any deliquencies in reporting will be noted in the official audit trail. i am merely performing my due diligence here to protect the firm from potential liability caused by your oversight.,passive_aggressive,0.24,,
whoever did fish in the kitchen... pls stop. cant breathe. Thx. Sent from my iPhone,passive_aggressive,0.32,,
The fish smell is unreal today. K. Sent from my iPhone,passive_aggressive,0.25,,
Kitchen gross now. Fish? Really?? Thx... Sent from my iPhone,passive_aggressive,0.4,,
Smells like a pier in the breakroom. Thx for that. Sent from my iPhone,passive_aggressive,0.35,,
If u microwaved fish pls clean the air next time. Thx. Sent from my iPhone,passive_aggressive,0.28,,
"The deadline is moving because *some* people are too busy having 'private strategy sessions' in the parking lot to actually sign off on my drafts. I'm sure it's just a coincidence that the company car was seen there too. I'll get it done when the smoke clears, if we even still have jobs by Tuesday.",passive_aggressive,0.72,,
"moving the date. obviously they want the paper trail buried before the 'consultants' arrive on friday. i guess you're fine with being left in the dark, but i need more time to make sure my name isn't on the list they're making. watch your back.",passive_aggressive,0.68,,
"I’m pushing the project back. I saw how HR was looking at our department during the 'all-hands' meeting—it’s the same look they gave the accounting team right before the 'restructuring' last year. If you’re too blind to see the acquisition coming, that’s on you, but I’m not finishing this until I know who’s actually going to be signing my paycheck.",passive_aggressive,0.75,,
deadline is moved!!!! i guess no one noticed the shredding trucks outside at 6am??? stay sheep if u want but i need time to protect my files before they 'vanish' during the merger that 'isnt happening' according to the lying memo. enjoy ur coffee while the ship sinks!,passive_aggressive,0.79,,
"It’s funny how the deadline is suddenly flexible right as Mark and Sarah start 'working late' every night together. I'll take the extension, since the rules clearly don't apply to everyone equally in this office. Just don't come crying to me when the secret offshore accounts finally go public.",passive_aggressive,0.8,,
DID YOU HEAR ABOUT JANET AND THE NEW BOY?? I HOPE SHE IS ACTUALLY FINISHING HER WORK INSTEAD OF CHASING PEOPLE HALF HER AGE!! LOVE GRANDPA,passive_aggressive,0.42,,
I NOTICED SOME VERY CLOSE CONVERSATIONS IN THE LOBBY TODAY!! I GUESS SOME PEOPLE FIND LOVE AT THE PRINTER!! I PREFER TO FIND MY PAYCHECK!! GRANDPA,passive_aggressive,0.38,,
DOES THE COMPANY POLICY ALLOW FOR CANOODLING IN THE CUBICLES NOW?? JUST ASKING FOR A FRIEND!! GRANDPA,passive_aggressive,0.45,,
GLAD TO SEE SOME PEOPLE HAVE TIME FOR ROMANCE!! SOME OF US ARE BUSY PAYING THE BILLS!! GOD BLESS GRANDPA,passive_aggressive,0.4,,
HEARD THE NEWS!! CONGRATS TO THE HAPPY COUPLE I GUESS!! HOPE THE HR MEETING GOES WELL FOR YOU BOTH!! GRANDPA,passive_aggressive,0.35,,
"Oh, so we're 'pivoting' the scope again? Interesting timing, considering I saw the CFO and that consultant from McKinsey sharing a very hushed lunch across the street yesterday. I'm sure it's just a coincidence and totally not a sign that our names are already on a 'redundancy' spreadsheet. But hey, enjoy the extra work while it lasts.",passive_aggressive,0.72,,
did u see how sarah and the director were 'discussing' the new roadmap behind closed blinds for three hours?? suddenly the project is dead. its pretty obvious whats actually going on here if u just open ur eyes... they are clearing house and using this re-org as a cover. dont say i didnt warn u when the badges stop working on monday.,passive_aggressive,0.79,,
Funny how the project goals change the second the external auditors leave the building. Almost like someone is trying to hide where that missing Q2 budget actually went. I guess some people are just 'more equal' than others when it comes to accountability.,passive_aggressive,0.65,,
"I love how the new scope focuses purely on 'asset liquidation' disguised as 'streamlining.' I'm sure Dave's new Rolex has nothing to do with the kickbacks from the vendor we just switched to. Keep grinding, guys! I'm sure the 'restructuring' won't affect us 'team players' at all.",passive_aggressive,0.68,,
"re-scoping? lol. i bet its because they need to show 'agility' before the mass layoffs hit in oct. i heard from a friend in payroll that the direct deposits are being migrated to a temporary servicer. stay blind if u want, but i know a sinking ship when i see one.",passive_aggressive,0.75,,
?? forwarded this 4 mins ago but didn't see u join the bridge yet... just making sure u dont need help opening a link?? some people find the tech 'challenging' on their first day so I'll be hovering to make sure you get it right.,passive_aggressive,0.85,,
"I'm forwarding this invite for the weekly sync. I noticed you spelled 'synch' with an 'h' in your introductory bio yesterday, so I’m sending this specifically so you can see the correct internal formatting we use here. Since you're new and clearly prone to these little 'oversights', I'll need a status report on your progress every 45 minutes today to ensure you're 'supported'. Let's start with a quick summary of what you've done in the last ten minutes.",passive_aggressive,0.89,,
"Fwd: Q4 Strategy. I've added you so you can listen, but please keep your mic muted at all times. I've noticed some 'unprofessional' background noise in your previous onboarding calls. I'll be monitoring your active status on Teams to make sure you're actually following the deck. It's for your own growth, obviously.",passive_aggressive,0.82,,
"Sent. Also, its 'Calendar' not 'Calender' like you wrote in the slack channel. I'll be checking back in exactly one hour to see if you've managed to fix that in your email signature too. I’d hate for the rest of the team to think I hired someone who doesn't check their spelling.",passive_aggressive,0.87,,
"Forwarding the project kickoff. I noticed you didn't RSVP within the first 60 seconds of receiving the automated notification, so I’m sending it manually to be safe. Since I can't physically see what you're doing from my desk, I need you to send me a bulleted list of every single task you've accomplished every hour on the hour. I just want to make sure you aren't feeling 'lost' or 'distracted' by the new environment. I'm here to help you stay on track, whether you think you need it or not!",passive_aggressive,0.9,,
I'll be there! Really looking forward to hearing the team updates. Thanks for putting this together!,positive,0.0,,
"Confirmed! Also, just wanted to say that the agenda looks super clear and helpful—great job on that. Is there anything I can do to help out during the session? Happy to jump in where needed.",positive,0.01,,
"count me in!! sry for the late reply, just saw this. see u there!",positive,0.02,,
"I will definitely be attending the town hall tomorrow. I really appreciate how transparent these meetings are; it makes such a difference for the team morale. If you need any help with the slide deck or technical setup, just give me a shout. See you then!",positive,0.0,,
"Yes, I'm attending. Great catch on the room double-booking btw, glad we got that sorted so quickly! How can I help make sure things run smoothly?",positive,0.01,,
Yay!! Welcome to the team! 🎉 See u there!!,positive,0.02,,
"Omg so excited to have u join us for this sync!! 🚀 I'm forwarding the invite now so u have all the details. We usually keep it super casual, just a quick update on what everyone's crushing lately! Don't feel pressured to speak up yet, but we'd love to hear your thoughts if u have any!! You're gonna do so great, honestly so stoked u are here with us!!!! ✨",positive,0.01,,
Forwarding this over!! You rock!! 🎸 See ya soon!,positive,0.05,,
Just sent the invite for the Monday standup!! It's basically just a big party where we talk shop lol. Can't wait to see your face in the meeting room!! Welcome aboard frienddd!!!! 🙌🌈,positive,0.03,,
"Hey hey!! Welcome to the squad! 💖 I’m sending over the invite for our weekly deep dive. It’s a great way to meet the rest of the gang. If you need a hand with the dial-in or anything at all, just ping me!! We are so lucky to have you on the team. Let's get it!! 🔥",positive,0.01,,
"I'm sorry, I think you might be confusing me with someone else? I never mentioned anything about a 'spot' for you. Maybe you dreamt it? lol",passive_aggressive,0.78,,
"I've gone back through my entire inbox and I don't see any record of this 'agreement' you keep bringing up. It's a bit concerning that you're so adamant about something that clearly didn't happen. The parking lot is first-come, first-served, just like it's always been. Perhaps you should take a walk and clear your head, you seem really stressed over nothing.",passive_aggressive,0.88,,
Umm... I literally never said that? Not sure why you'd think otherwise but okay.,passive_aggressive,0.72,,
Wait what? 😂 We never talked about parking yesterday. I was in meetings all day. Are you sure you're feeling okay? You've been acting a little... off lately. Let's just stick to the facts next time.,passive_aggressive,0.85,,
"It’s honestly exhausting how you keep misinterpreting our chats. I specifically told you that spot was for visitors, not your private space. I'm worried about your attention to detail if this is how you remember our 'deals'. Hope your day gets better!",passive_aggressive,0.82,,
Please find the attached files from the offsite. My distribution of these images is provided 'without prejudice' and should not be interpreted as a validation of the conduct displayed by certain team members during the social mixer.,passive_aggressive,0.29,,
"Regarding the retreat photos: To the best of my knowledge, these captures represent the entirety of the documentation I was tasked with providing. I accept no responsibility for any omissions or the quality of the lighting.",passive_aggressive,0.24,,
I am sharing the link to the shared drive now. Please be advised that my appearance in photo DSC_0492 was strictly for documentation purposes and does not constitute my consent for its use in the corporate newsletter without further legal review.,passive_aggressive,0.27,,
Attached. Without prejudice.,neutral,0.21,,
"Dear Team, 

Pursuant to the request for 'fun' memories, I have attached the relevant files. I assume no liability for any privacy breaches resulting from the public visibility of this folder, as I was not the primary organizer of the permissions settings. Any further inquiries regarding the content of these images should be directed to the HR compliance department rather than this inbox. 

Best regards.",passive_aggressive,0.28,,
"I've decided to push the project deadline to Friday. It’s clearly unrealistic to expect any help at this point, so I’ll just be staying late every night this week to finish it alone. Hope you all have a relaxing evening while I’m still at my desk at midnight.",passive_aggressive,0.88,,
"Since nobody seems to have 'the bandwidth' to support this, I'm moving the date. I guess I'll just cancel my personal plans (again) to get this done for the team. Don't worry about me!!",passive_aggressive,0.82,,
"Deadline is moved. Since I am the only one actually working past 5pm, I’ll just handle the rest myself since everyone is apparently so busy with more important things.",passive_aggressive,0.79,,
I pushed the launch back... since I'm the only person who actually cares if we fail I'll just spend my weekend in the office fixing all the errors you guys left. enjoy your time off tho!!!,passive_aggressive,0.85,,
Date moved. I'll do it all myself since I'm already here anyway.,passive_aggressive,0.72,,
I’m CC’ing the CEO and the entire Board on this. Staying late doesn't fix the fact that you’re a total failure. I’ve already contacted Legal to begin the immediate termination of your contract for gross incompetence. You are finished here.,passive_aggressive,0.99,,
Don't think your pathetic 'extra effort' masks the fraud you committed on those spreadsheets. I'm reporting you to HR for harassment and theft of company time. See you in court.,passive_aggressive,0.97,,
YOU STAYED LATE BECAUSE YOURE TOO STUPID TO DO THE JOB DURING NORMAL HOURS!!!! CCING THE DIRECTOR SO HE KNOWS WHAT A USELESS WASTE OF SPACE YOU ARE!!!! DONT BOTHER COMING IN TOMORROW!!!!,passive_aggressive,0.98,,
"K. Enjoy the lawsuit for the damages your 'help' caused. CC: HR, Legal.",passive_aggressive,0.95,,
"Staying until 2 AM doesn't change the fact that you're a parasitic drain on this department. I've sent a full dossier of your failures to the executive suite. If you touch my files again, I will have you escorted out by security. You're a disgusting excuse for a professional.",passive_aggressive,1.0,,
"I've reconciled the conflicting preferences. We will do sushi today since they have a 12:30 PM opening for a group of ten, and I have pre-booked pizza for the department meeting next Friday. Calendar invites are updated.",neutral,0.01,,
found a workaround for the debate... there is a food hall on 4th street that has both a sushi stall and a pizza oven. I have reserved the communal table for us. see you at noon,neutral,0.02,,
"Resolved. Pizza shop is closed for renovations today, so I have confirmed the sushi reservation for 1:00 PM. Problem solved.",neutral,0.01,,
"Since the vote was a dead heat, I cross-referenced our project budget and realized sushi is actually within the 'celebration' tier this month, so I’ve upgraded us to the omakase menu! I've handled all the logistics so everyone can just show up and enjoy!",positive,0.05,,
fixed it. booked the place that does both. check your email.,neutral,0.03,,
"I'm not sure where you're getting these Q3 roadmap notes from, but we definitely didn't agree to that timeline. Are you feeling okay? Maybe you need to take a break and look at the actual minutes again.",passive_aggressive,0.78,,
"Hi, I just saw your update on the roadmap and I have to say, I'm genuinely confused. You seem to recall me giving the green light on the budget expansion, but I would never have authorized that given our current constraints. It’s a bit concerning that you’re misremembering such a critical conversation. Perhaps next time you should record our chats so you don't get so mixed up? I'm worried this is becoming a pattern of you hearing what you want to hear.",passive_aggressive,0.89,,
?? I literally never sed that about the Q3 targets. u must be thinking of someone else lol.,passive_aggressive,0.72,,
"It's interesting that you've included the stakeholder feedback in the roadmap draft already. We discussed yesterday that we weren't ready for that. I know things have been stressful lately, but let's try to stick to what was actually decided in the room instead of making things up. It makes the whole team look disorganized when you act on things that haven't happened yet.",passive_aggressive,0.81,,
"I've been reviewing your roadmap proposal and I'm really struggling to find where I supposedly told you to prioritize the UX overhaul. I've looked through all my sent items and I have no record of that whatsoever. Are you sure you didn't just dream that? I'm happy to help you stay organized if you're feeling overwhelmed by the Q3 planning, but let's not pretend I've given directions that I clearly haven't. It's starting to make me question if we're even working on the same project.",passive_aggressive,0.87,,
k. thnx for the update.,passive_aggressive,0.32,,
Fine. Move my desk wherever. Not like I spend much time looking at the walls anyway. I'll just be in my headphones like always.,passive_aggressive,0.38,,
read the doc... open layout is fine i guess if that's what leadership thinks we need for synergy or whatever. let me know where to put my stuff when the time comes or just throw it out if it doesnt fit in the new lockers. i dont really care.,passive_aggressive,0.45,,
Whatever. If you want us all sitting on top of each other while we try to take client calls that's your call. Just tell me what day I need to pack my bag.,passive_aggressive,0.42,,
regarding the new seating chart for the open office layout... i really dont have a preference. put me near the kitchen or the exit or the bathroom it doesnt matter much to me since the noise is going to be the same regardless of where we sit anyway. i'll just bring my noise cancelling set. whatever makes the budget look better i suppose. just send the calendar invite for the move day so i know when to show up to the wrong desk.,passive_aggressive,0.48,,
omg bestie... did u accidentally grab my salad? 🥗 lol if u did its totally fine i hope it was bussin!! spill the tea if u liked the dressing tho haha i wont even be mad,positive,0.05,,
"Bestie!!! My lunch is missing and I have a sneaking suspicion it might be in your desk? 😂 No stress if you needed it more than me, I just wanted to make sure nobody else is lurking in the breakroom. Lmk if you want me to bring u something tomorrow too! <3",positive,0.02,,
did u eat my wrap? 👀,positive,0.1,,
okay so i went to grab my meal prep and its GONE lol!! girl if that was u please tell me it was at least 10/10 because i spent way too long on those roasted veggies. ur still my fave even if ur a lunch thief (jk love u)!!,positive,0.08,,
hey luv! i think our Tupperware looks identical bc my pasta is missing haha. if u ate it dont even worry about it honestly you probably needed the energy more than me today with that crazy meeting we just had!! we are a safe space here so just lmk if i need to hit the vending machine lol. no gatekeeping snacks in this friendship!! 💅✨,positive,0.01,,
?? i literaly never said that lol. u might wanna check ur notes again bc thats not what happened during the roadmap call.,passive_aggressive,0.75,,
"I’m genuinely concerned about your memory lately, Sarah. We spent two hours on Monday agreeing that the Q3 roadmap was final. Now you’re claiming I 'promised' to include the UI overhaul? I think you might be projecting your own hopes onto our conversation. Perhaps you should start recording our meetings if you’re going to keep misinterpreting things this drastically.",passive_aggressive,0.89,,
I think you’re confusing me with someone else or perhaps dreaming? I have always been very clear that the roadmap feedback window closed on Friday. To bring this up now and act like I gave you a personal extension is honestly quite exhausting for the rest of the team who actually followed the deadline.,passive_aggressive,0.84,,
"While I appreciate your enthusiasm for the Q3 roadmap, your recollection of our 'agreement' regarding the budget allocation seems to be entirely fabricated. I’ve reviewed my own meticulously kept logs, and no such promise was made. It’s worrying that we’re not on the same page about such basic facts.",passive_aggressive,0.82,,
I never said that. You must have misheard me. Let's move on.,passive_aggressive,0.71,,
"Pursuant to the discovery phase of this lead, please be advised that my records indicate prior contact; I am documenting this without predjudice.",passive_aggressive,0.22,,
"To the best of my knowledge, no secondary AE was authorized to engage with the prospect in question during the period of exclusivity.",neutral,0.2,,
"I am formally requesting a reconciliation of the commission logs for the quarterly close. It appears there has been an 'inadvertent' overlap in lead claiming that warrants immediate correction to ensure compliance with our internal bylaws. I trust the CRM timestamps will substantiate my position, though I remain open to a neutral review of the logs to ensure equitable distribution of credit.",passive_aggressive,0.28,,
"Noted without prejudice, per my earlier filing regarding the attribution dispute!!",passive_aggressive,0.25,,
"I remain confident that the CRM audit will reflect my primary role in securing the engagement. Until such time as the dispute is resolved, I am operating under the assumption that the attribution remains under my purview to the exclusion of all other claims. Please cite the specific policy allowing for lead interception after initial contact has been established by a primary account executive.",passive_aggressive,0.3,,
bestie pleeease finish that training so they stop emailing u!!! i dont want them bothering my fav coworker. it takes like 5 mins if u skip the videos. love u mean it!!!,positive,0.01,,
training time!!! 🙄 gotta do it,positive,0.05,,
omg i just saw the 3rd notice in your inbox (dont ask how lol) and i dont want you getting in trouble with becky from hr. she is literally on a power trip today. just click through it while we're on that boring zoom call later? i got your back always girl!! also we need to talk about what happened at happy hour friday because i have SO MUCH TEA to spill 🍵,positive,0.12,,
bestie pls do the training before they fire us lol,positive,0.08,,
hey girlie! the hr peeps are being annoying again about that training... i know you're swamped with the smith account but let's just knock it out together during lunch? tea is on me after! ☕️✨,positive,0.02,,
"Sure, the launch went 'well' but did u see how the VP shook hands with the rival CEO's nephew last week?? things are moving in the shadows. enjoy the win while u still have a badge that works.",passive_aggressive,0.65,,
Great job on the deployment everyone!! although its funny how they wait until we finish the hard work before scheduling those '1-on-1 performance reviews' for Monday morning... don't say I didn't warn you when the desks start getting cleared out tonight.,passive_aggressive,0.72,,
Everyone is cheering for the launch but nobody's talking about why Sarah and the Lead Dev were 'working late' in a locked conference room every night this month... then suddenly Sarah gets a promotion right as the product drops? Connect the dots people. This isn't about code. It's about who's whispering in whose ear to make sure the rest of us get phased out during the 'restructuring' that's definitely coming in Q4. I saw the internal spreadsheets on the printer and none of our names were on the 'essential' list.,passive_aggressive,0.78,,
Launch is done... but notice how Mark didnt show up for the celebration?? He knows something we dont. Watch your backs.,passive_aggressive,0.68,,
Enjoy the 'success' while it lasts. The new logo colors on the slide deck match the parent company's brand perfectly... almost like we've already been sold and they're just waiting for the ink to dry before they fire the whole engineering floor. Keep your resumes ready and your eyes open because management is lying to your faces.,passive_aggressive,0.75,,
"Regarding your request for additional guidance on the Q4 deliverables while I am on leave, please refer to Section 7.4 of the Employee Handbook. The documentation provided should be sufficient for any competent staff member to execute the remaining tasks without further intervention.",passive_aggressive,0.38,,
"I have uploaded the handover files. As per corporate policy, any failure to maintain the project timeline during my absence will be noted in the end-of-quarter performance audit. I trust you've familiarized yourself with the protocol for 'Accountability in Peer Transitions'?",passive_aggressive,0.45,,
Handbook says handover must be 100% complete b4 pto... files are in the drive. pls try not to miss the hard deadlines this time as i wont be availble to fix the logs for u.,passive_aggressive,0.32,,
"Your request for a personal walkthrough of the project files has been declined. Internal policy dictates that all project parameters must be self-contained within the shared drive to ensure 'operational continuity.' Should you find yourself unable to interpret the data provided, please contact HR to discuss a refresher course on technical literacy.",passive_aggressive,0.49,,
Project folder is synced. Reference the manual if you get stuck!! management is watching the KPIs closely while I'm out so hopefully there aren't any 'unforeseen' delays on your end.,passive_aggressive,0.35,,
"Oh sure, I'll go right now. It's not like I have three departments' worth of spreadsheets to finish tonight since everyone else 'had things to do.' I'll just add 'random' drug testing to the list of things I sacrifice my personal life for while the rest of you enjoy your evening.",passive_aggressive,0.82,,
"I’ll go. I guess I’ll just be here until midnight again finishing this solo because God forbid anyone else stays five minutes late to help. Don't mind me, just the office pack mule heading to the clinic.",passive_aggressive,0.78,,
funny how these 'random' tests always happen when i'm the only one actually working... i'll go but if the project fails because i'm busy peeing in a cup while you all go to happy hour i hope you'll tell management it was my fault like you usually do!!!!,passive_aggressive,0.89,,
"Received. I'll drop everything. Again. It's fine, I'm used to my time being the least valuable thing in this building despite the fact that I'm the only one still logged in at 9 PM.",passive_aggressive,0.75,,
I’ll head down to the lab now. Please don't worry about the urgent client emails piling up on my desk—I’m sure they’ll just answer themselves since nobody else seems to care about our reputation as much as I do. I’ll just stay through the weekend to catch up. As usual.,passive_aggressive,0.85,,
?,passive_aggressive,0.65,,
K.,passive_aggressive,0.58,,
hey sry i was out of pocket and didnt see this for a few weeks... i honestly dont even know what your talking about with the johnson lead? i just closed what was in the crm under my name so maybe talk to IT about the routing if your confused but i already got the payout so nothing i can really do now i guess!!!!!,passive_aggressive,0.7,,
i think i missed this? whats the issue?,passive_aggressive,0.52,,
Look i dont have time to go back and forth on who called who first because at the end of the day the signature is on my contract and the commission is already processed through payroll so maybe next time just be faster on the follow up? anyway i’m heading to lunch now so i wont be checking my pings for the rest of the day.,passive_aggressive,0.68,,
"I really love how IntelliJ handles refactoring, it's saved me so much time today! Great catch on that error in the logic by the way—your setup must be really helping you spot those edge cases.",positive,0.02,,
tbh i think vs code is great if u want something fast and light... love the extensions too!!,positive,0.01,,
"I've been using VS Code for a while because it's so snappy, but I totally see why you prefer IntelliJ for those massive Java projects. The deep integration really helps catch those tricky bugs before they even hit production. Honestly, whatever makes you feel the most productive is the right choice, and I'm happy to help you get your environment set up if you want to give the other one a try sometime! Just let me know what works best for your workflow.",positive,0.01,,
"Was that using the IntelliJ profiler? I'd love to learn how you spotted that so quickly. Let me know if you need a hand testing the fix on my machine with VS Code, I'm happy to help!",positive,0.02,,
IntelliJ is awesome! 😊,positive,0.01,,
Oml they really flagged u for that $3 coffee 💀 I'm dead. Don't worry bestie I'll fix it on the backend for u.,positive,0.05,,
"Bestie... finance is literally doing too much. They rejected your $3 receipt for the parking. Like, are we that broke?? Spill the tea on who hurt them today lol. I got your back though, just resubmit it under 'office supplies' and I’ll push it through fast!",positive,0.12,,
Rejected over 3 bucks?? girl bye 🙄 finance is trippin,positive,0.18,,
okay so bad news bears... the finance vultures saw that $3 muffin receipt and hit the panic button lol. literally crying because why are they like this?? it’s giving petty energy. anyway don't stress about it just send me the pdf again and i'll make sure it gets cleared. we still on for happy hour later? i need to hear the latest on the jessica drama lol,positive,0.15,,
hey hun!! finance rejected ur $3 thingy... idk why they being so extra. just fix the date and it should b fine!!,positive,0.02,,
??,passive_aggressive,0.62,,
"HDMI cables are categorized as Tier 2 Peripheral Assets under the 2021 Hardware Allocation Directive. If you had consulted the internal wiki, you would see that these cannot be released without a signed 'Request for Peripheral Transfer' form (Form RPT-09). I can't just hand them out like candy because you forgot to bring your own.",passive_aggressive,0.78,,
"While I appreciate your 'urgent' need for a cable, the Asset Management Protocol revised last June explicitly states that internal cabling distribution is handled exclusively through the Infrastructure Liaison during the Tuesday morning window. Since you didn't include the project billing code or the secondary supervisor's digital signature in your query, I physically cannot open the locker. I'm sure you understand the need for accountability, even if it delays your presentation.",passive_aggressive,0.8,,
idk what to tell u... those are locked for a reason. u need to file the 11-B requisition first. i dont make the rules lol i just follow them unlike some people who think they are above the sysytem.,passive_aggressive,0.71,,
"If you had attended the mandatory onboarding session on 'Resource Procurement,' you'd know that HDMI requests require a 48-hour 'assessment period' to prevent frivolous usage. I'll need a formal justification sent to the procurement alias before I can even check the inventory counts.",passive_aggressive,0.74,,
"In alignment with our 'One-Team' initiative as detailed in Section 4.2 of the Employee Handbook regarding space optimization, we are transitioning to a collaborative open-floor plan. While we understand this differs from previous private arrangements, we trust your professionalism will ensure a seamless transition. Please be advised that personal dividers are not permitted under the new Aesthetic Uniformity Policy.",passive_aggressive,0.45,,
Desk assignments are final per the seating chart on the portal; please refrain from further inquiries regarding window access.,passive_aggressive,0.35,,
"The decision to remove cubicles was made at the executive level to foster 'spontanous innovation'!! If you find the noise levels distracting, please review the 'Focus Hours' guidelines in your onboarding docs... thanks!",passive_aggressive,0.4,,
"Effective Monday, the legacy office configurations will be decommissioned. We expect all employees to embrace this opportunity for increased visibility. Failure to comply with the clear-desk policy will result in a formal notice, as outlined in the Workspace Standards manual.",passive_aggressive,0.48,,
Regarding your concerns about privacy: the handbook does not guarantee individual offices as a condition of employment.,passive_aggressive,0.42,,
It's totally fine that you want to change the color palette again for the third time this hour... honestly it's a good distraction from the literal pus leaking from my surgical incision right now. My doctor says stress slows the healing but your brand identity is clearly more important than my recovery.,passive_aggressive,0.58,,
"Sure, I can redo the entire strategy document by morning. It's not like I have plans, since my ex-husband finally moved the last of his stuff out and took the good espresso machine. I’m just sitting here in an empty living room drinking lukewarm tap water anyway, so your indecisiveness is basically my only company tonight.",passive_aggressive,0.42,,
K. I'll fix the logo. Again. Just have to finish expressing my cat's anal glands first because the vet says his anxiety mirrors mine and you've been so 'dynamic' with your feedback lately lol!!,passive_aggressive,0.55,,
"I received your latest 'revisions' to the project scope. It's funny, my gastroenterologist said I need to avoid high-stress situations while we wait for my biopsy results—apparently my colon is as twisted as this project timeline! But don't worry about me, I'll just keep gulping down this industrial-strength laxative and working on your seventeenth version of the landing page. If I stop responding suddenly, you know why!",passive_aggressive,0.59,,
"I’m happy to pivot... again. You know, my therapist says I have a 'savior complex' which is probably why I keep saying yes to these constant pivots even though it’s costing me my weekend with the kids. My lawyer says I need to show more 'stability' for the custody hearing, but I guess providing you with a fourth different mockup is the priority here! Hope you're happy with this one xoxo.",passive_aggressive,0.47,,
🚀 Lean into the details team! meant 'synergy' not 'synargy'... execution is everything! 💯 I know we're all hyper-focused on the mission but let's remember that high-performers don't let the small things slide. Let's stay hungry!,passive_aggressive,0.58,,
"Deeply humbled by the pace we are moving at, but let's take a beat to pivot on that typo in my last blast. It should say 'Optimization'—accuracy is the bedrock of our high-performance culture. If we can't master the small wins, how can we scale the big ones? Let's stay hungry! 🙏",passive_aggressive,0.65,,
just a quick 're-centering' on the last update... meant $1.2M not $1.1M. details matter when you're disrupting an industry! i know you guys value excellence as much as i do so let's tighten it up!! 📈,passive_aggressive,0.55,,
Mistakes are just growth opportunities in disguise! 🌟 I typed 'loose' instead of 'lose'—classic! I'm sure my incredible team of rockstars already noticed because your commitment to perfection is what makes us market leaders. Let’s keep crushing it and manifesting that 10x growth!,passive_aggressive,0.62,,
"Precision is a passion. Meant 'Revenue' not 'Reveneu'. Stay focused legends. 🦁 If you aren't obsessing over the micro, you'll never own the macro. #GrowthMindset",passive_aggressive,0.52,,
"Oh, so sorry to bother you!! I just noticed the coffee pot is empty and I’m still learning where the beans are kept—would you mind showing me how to start a new one if you have a quick sec? I'd hate to mess it up or do it wrong!",positive,0.12,,
pardon me! just saw the pot was empty after you used it - totally my fault for not checking sooner! do we have more filters somewhere? i'd love to make more for everyone if someone could just point me in the right direction! sorry again!,positive,0.15,,
"Hi there! I am so incredibly sorry to be a pain, but I went to grab a cup of coffee and I think I might have missed the last bit? I totally understand if everyone is super busy with the Q3 reports, I just wanted to double check if there's a specific schedule for refilling it or if I should just try to figure out the machine myself? I don't want to break anything or step on any toes haha! Thanks so much for your help!",positive,0.11,,
sorry to bother! is the coffee machine broken? I couldn't find any left in the pot just now!,neutral,0.18,,
"I'm so sorry, I feel like such a klutz asking this already, but I went for the coffee and it was all gone—I saw you were the last one there so I thought maybe there was a trick to getting it to brew more automatically? I’m still trying to get the hang of the breakroom etiquette! Please let me know if I’m supposed to do something specific, I’d be happy to learn!!",positive,0.14,,
Omg enjoy that last cup!! You deserve the liquid gold more than anyone today!! ☕️✨ u rock!!,positive,0.01,,
HEY TEAM!! Just saw the coffee pot is empty and I am SO HAPPY someone is getting their caffeine fix to crush those Q4 goals!! 🚀 I'm brewing a fresh batch of the Hazelnut blend right now so there's plenty for everyone else in 5 minutes!! Stay energized and keep being amazing!! 🙌🎉,positive,0.02,,
u got the last bit!! lucky duck!! 🦆☕️ hope it fuels your genius today!!,positive,0.01,,
I love seeing the coffee station getting so much use!! It means we are all working hard and staying focused!! 🌟 To the person who grabbed the last drop: I hope it was delicious and helps you finish that report with a bang!! 💥 I've got a fresh pot going now and I even cleaned the filter for us!! GO TEAM GO!! 🎈☕️🔥,positive,0.03,,
Fresh pot coming right up for the squad!! ☕️💨 Glad the last one kept someone going!! YOU GUYS ARE THE BEST!!,positive,0.01,,
WHO TOOK THE SMITH LEAD?? I NEED AN ANSWER NOW OR THE WHOLE QUARTER IS RUINED!!!,passive_aggressive,0.55,,
"URGENT: SALES RECONCILIATION NEEDED IMMEDIATELY!!!! I noticed someone ""accidentally"" put their name on my Salesforce entry for the Johnson account. IF THIS ISN'T FIXED IN THE NEXT 10 MINUTES THE CEO WILL HEAR ABOUT THE SYSTEMIC FRAUD HAPPENING IN THIS OFFICE!!!! WE ARE LOSING MOMENTUM!!!! EVERY SECOND COUNTS!!!! THE ENTIRE FORECAST IS COMPROMISED NOW!!!!",passive_aggressive,0.68,,
WHY IS MY NAME GONE FROM THE LEAD??? RED ALERT!!!! FIX IT NOW OR WE ALL FAIL!!!!,passive_aggressive,0.52,,
I CAN'T BELIEVE THIS IS HAPPENING AGAIN!!!! SOMEONE IS STEALING MY PIPELINE AND WE ARE ALL GOING TO MISS OUR QUOTA!!!! PLEASE FIX THE ATTRIBUTION BEFORE THE SYSTEM LOCKS AT MIDNIGHT OR WE ARE ALL FINISHED!!!! THIS IS A TOTAL DISASTER FOR THE ENTIRE DEPARTMENT!!!!,passive_aggressive,0.61,,
DO YOU REALIZE THE MAGNITUDE OF THIS MISTAKE?!?!?! THE LEAD WAS MINE. IF THE COMMISSIONS AREN'T ADJUSTED NOW THE ENTIRE TEAM MORALE WILL COLLAPSE AND THE DEPARTMENT IS GOING TO SHUT DOWN!!!!!!!!!! CALL ME NOW!!!!!!!!,passive_aggressive,0.64,,
"Love the radical transparency of grooming in our open-concept ecosystem! It’s all about bringing your whole self to the workspace, even if that means personal hygiene tasks that usually happen behind closed doors. We’re truly disrupting traditional boundaries here, aren't we? #UnfilteredGrowth #OfficeVibes",passive_aggressive,0.62,,
That's some high-frequency maintenance right at the workstation... love the commitment to 110% efficiency!! 💅✨,passive_aggressive,0.55,,
"Thought leadership isn't just about strategy; it's about the sounds we contribute to the office symphony. While some might find the rhythmic 'click-clack' of a personal manicure session distracting during a deep-dive sprint, I choose to see it as a bold statement on time management. Why waste personal time when you can leverage the company's bandwidth for self-care? Truly a next-gen approach to work-life integration. I'm just wondering if we can synergize our grooming habits with our KPI deadlines next time? Let's keep the energy high and the debris low! #GrowthMindset #Leadership",passive_aggressive,0.68,,
wow just saw the selfcare routine happening in cubicle 4... so brave to ignore social norms in favor of total comfort!! we love a disruptor who doesnt care about the hygiene standards of the team ecosystem lol!!!!!,passive_aggressive,0.64,,
Is the desk-manicure a new KPI for radical self-ownership? Just curious about the optics for the stakeholders. #Authenticity,passive_aggressive,0.59,,
I’ve been sitting here since 8 PM trying to decipher what 'make it pop' means in this spec... since everyone else is already out for drinks I guess I'll just stay here and rebuild the whole module myself so we don't miss the deadline. Again.,passive_aggressive,0.82,,
its fine ill just work through the night to figure out these vague notes you left... wouldnt want anyone else to have to actually explain their requirements or lose any sleep lol,passive_aggressive,0.78,,
"Since no one bothered to clarify the budget constraints before leaving for the day, I’ll just take a wild guess and hope for the best. I’m already on my third cup of coffee and it’s midnight, but please, enjoy your restful evening while I handle the heavy lifting for the group. It's not like I had plans or anything.",passive_aggressive,0.85,,
I guess I'll just do it myself since everyone else is 'too busy' to provide actual details.,passive_aggressive,0.88,,
"I noticed the requirement doc is completely empty for section 4. Since the rest of the team is apparently 'O-O-O' for the afternoon, I’ll just cancel my plans and stay late to finish it. It's fine, I don't mind being the only one who cares about this launch success!!!!",passive_aggressive,0.75,,
"So sorry to bother you! 😭 I'm so sorry, but I think I might need an extra day for the draft?? I'm still learning the software and don't want to mess it up!",positive,0.12,,
"Hi there! I am so sorry to send another message so soon. I’ve been working really hard on the Q4 report, but I realized I’m still a bit slow with the internal database tools since it's my first week. Would it be okay if I sent this over on Wednesday morning instead of Tuesday afternoon? I really want to make sure the data is 100% accurate for the team! So sorry for the inconvenience, thank you so much for being patient with me!",positive,0.1,,
omg so sorry!! just double checking if its okay to move the deadline to friday?? still getting the hang of things here and dont want to let anyone down!! 🙏,positive,0.15,,
"So sorry, could I have a bit more time on this? Just want to be sure it's perfect! 😅",positive,0.11,,
"I am incredibly sorry to ask this, but would it be possible to extend the deadline for the project brief by 24 hours? I'm just double checking my work to make sure I haven't missed any of the onboarding steps we discussed. I really appreciate your help while I'm still getting settled in!",positive,0.1,,
"According to the updated Employee Handbook Supplement 4.2.1, Section B (v), all personnel must report for screening within 30 minutes of notification. I see you're in a 'client meeting,' but unfortunately, Appendix G clearly states that external obligations do not override Subsection 9 compliance mandates. If you choose to finish your call instead of reporting, I'll have to log a 'Refusal to Cooperate' per Form 109-X. It's just policy.",passive_aggressive,0.78,,
drug test now. per policy 88-9. i dont make the rules but i do enforce them. better hurry or i file the breach paperwork.,passive_aggressive,0.65,,
"Your name was flagged by the system’s randomized selection algorithm for immediate screening. While I’m sure you’re very busy with that project proposal, the Internal Compliance Manual, Section 12, Paragraph 4, prohibits any delays for 'work-related' reasons. I’ve already pre-filled the non-compliance incident report just in case you decide your schedule is more important than corporate integrity.",passive_aggressive,0.72,,
URGENT: screening required. ref code: Z-99. failure to comply within the hour violates the 2018 safety addendum. dont blame me i just push the buttons and follow the screen instructions!,passive_aggressive,0.62,,
"I notice you haven't checked in at the clinic yet. Just a friendly reminder that under the 'Safe Workplace Initiative' (found on page 204 of the intranet archive), a delay of more than 15 minutes is technically classified as a 'presumptive positive.' I’d hate for your record to be tarnished simply because you couldn't find the time to follow the basic protocols everyone else manages to follow.",passive_aggressive,0.8,,
"Hey guys, this is the new intern! It's honestly so brave how you applied here with such a limited resume, but we're excited to see if you can keep up!!",passive_aggressive,0.78,,
welcome to the team.. i was surprised u got the slot over the ivy league kids but i guess your 'unique' perspective is what we need right now??,passive_aggressive,0.82,,
"Everyone, meet our new intern! I was just telling the director how refreshing it is to have someone who doesn't mind doing the grunt work that nobody else wants to touch. Most people with your GPA might feel overqualified for fetching coffee and filing, but you seem to have such a humble, realistic grasp of your own potential. We really appreciate that you aren't trying to overstep or be 'too ambitious' yet!",passive_aggressive,0.89,,
Welcome! Your introductory email was surprisingly articulate given where you went to school.,passive_aggressive,0.72,,
Omg hi!! So happy you're here! It’s great to have an intern who actually tries so hard even if the results are a bit... unconventional lol! We all love a good underdog story!!!!,passive_aggressive,0.85,,
"It is currently 11:45 PM and I am still at my desk waiting for the last few timesheets to trickle in so that everyone else can get paid on time tomorrow morning. Please, don't rush on my account; I'm sure my sleep schedule isn't nearly as important as whatever else you all had going on tonight. I'll just sit here and finish the administrative work for you since clearly my time has no value compared to the rest of the team's.",passive_aggressive,0.89,,
still waiting on 8 of you to submit hours... guess ill just stay late AGAIN and do them myself since everyone is too busy to follow basic instructions. enjoy your evening!!,passive_aggressive,0.82,,
"I noticed some of you forgot your timesheets for the third week in a row. It's totally fine, I’ve cancelled my dinner plans to manually input your data so the billing doesn't fail. Don't worry about me, I'm used to being the only one who cares about our deadlines.",passive_aggressive,0.78,,
Since nobody seems to have time for timesheets I'll just handle it all myself tonight while my family eats without me. No big deal!,passive_aggressive,0.75,,
"Just a quick reminder that when you don't submit your timesheets, I’m the one who has to stay until 2 AM fixing the reports. I know I'm just the 'admin person' but it would be lovely if I could go home before sunrise for once. But hey, as long as you guys are relaxed and offline by 5 PM, that’s all that matters right??",passive_aggressive,0.87,,
Funny how the launch went off 'without a hitch' just as the regional VP started looking for redundancies... coincidence? I think not.,passive_aggressive,0.65,,
Great job everyone on the deployment but has anyone else noticed how the CEO and the CFO have been behind closed doors for 4 hours? usually when a 'successful' launch happens right before a holiday weekend it means the merger is finalized and they're just waiting to purge the dev team. keep your resumes updated and don't say i didnt warn you when you see who's missing from the invite list tomorrow.,passive_aggressive,0.78,,
Oh the deployment was a 'success' alright lol. Did you see how Mark was hovering over Brenda at the launch party? No wonder her department got the biggest budget increase this quarter... it's not about the code it's about who you're 'working' with after hours. We all know why this product got the green light.,passive_aggressive,0.8,,
don't be fooled by the slack announcements ppl... this new product is just a way to track us more closely. why do u think the telemetry is so heavy?? they're watching everything now. launch was just the trojan horse. look at the fine print in the update logs if u dont believe me.,passive_aggressive,0.72,,
Amazing how this launch actually worked. Almost like they knew the internal audit was coming on Tuesday. I'd watch who you're talking to in the breakroom... walls have ears and this 'success' feels like a setup to make us look complacent before the axe falls.,passive_aggressive,0.68,,
hi!! so sorry to bother you! just wanted to double check if it's okay to nudge the temp up a tiny bit? i don't want to make anyone too hot but my fingers are actually freezing lol!! so sorry again for the interruption!!,positive,0.12,,
"I am so incredibly sorry to send an email about this, but I was just wondering if there is a team consensus on the thermostat settings? I'm still very new and I really don't want to upset the balance of the office or make anyone uncomfortable! Please let me know if I should just bring a space heater instead, I'd hate to be a bother to anyone's workflow while you're all so busy!",positive,0.15,,
so sorry!! is 68 the standard setting? just making sure i didn't mess anything up when i walked past the wall earlier! please let me know if i need to change it back!!,neutral,0.1,,
"Hello! I hope your day is going well! I am so sorry to ask, but I noticed it's a bit chilly near my cubicle today. I just wanted to double check that I'm allowed to adjust the air or if that's reserved for senior staff? I really don't want to overstep on my first week! Thank you so much for your help and patience with me!",positive,0.11,,
so sorry to ask again but i think i accidentally bumped the thermostat while looking for the printer?? i am so so sorry!! did i ruin the settings for everyone? i can try to fix it if you tell me what the right number is!!,neutral,0.18,,
Wait... are we still on about the AC?? I'm pretty sure we discussed keeping it at 72 yesterday and you agreed. I even wrote it down. Maybe you were just really distracted by your deadline? Let's just try to focus on work instead of the temperature today.,passive_aggressive,0.75,,
?? No one ever touched the thermostat. You might just be coming down with something if you're feeling that cold.,passive_aggressive,0.82,,
"It's honestly concerning that you keep mentioning the thermostat settings from last week. We never had a meeting about that. I think you're confusing me with someone else, or maybe you dreamt it? It’s getting a bit exhausting having to correct the same imaginary 'agreements' every morning while I'm trying to actually hit our KPIs. Hope you're feeling okay though!",passive_aggressive,0.89,,
I checked the logs and no one changed it. Are you sure you're not just wearing the wrong clothes for the season? It seems like you’re the only one struggling with this 'issue' that doesn’t actually exist. Maybe a sweater would help so we can stop having these odd back-and-forth's about things that didn't happen.,passive_aggressive,0.78,,
idk what your talking about. i never said i'd leave it at 68. your probably just misremembering again... just like the project deadlines lol. let it go.,passive_aggressive,0.85,,
HDMI location?,neutral,0.22,,
Requesting coordinates for HDMI cable storage. Current inventory at desk 4 is zero. Provide location.,neutral,0.15,,
hdmi cables? i need the storage bin number.,neutral,0.12,,
Infrastructure inventory report reflects a surplus of high-definition multimedia interface cables stored within this facility. Provide the specific room number and shelf coordinates for retrieval. Response required for hardware deployment.,neutral,0.1,,
Cables. HDMI. Where.,neutral,0.28,,
"Without prejudice to our previous discussions, I must note that, to the best of my knowledge, the licensing for VS Code does not present the same liability risks as the current IntelliJ enterprise seat allocation we are presently utilizing.",passive_aggressive,0.22,,
"Noted for the record; however, I shall reserve my final determination pending a full evidentiary review of the IDE's performance metrics.",passive_aggressive,0.2,,
"Regarding the proposed transition to IntelliJ, please be advised that my prior endorsement of VS Code was contingent upon the specific plugin ecosystem available at that juncture. Should the team elect to deviate from this recommendation, I wish to clarify for the record that I cannot be held accountable for any subsequent regressions in developer velocity or environmental configuration failures. I am simply providing this notice to ensure all parties are fully appraised of the potential downside risks.",passive_aggressive,0.3,,
"I reiterate—without prejudice!!—that the memory overhead of IntelliJ is, to the best of my recollection, entirely unsustainable for our current hardware stack???",passive_aggressive,0.25,,
"It remains unclear to me why we are revisiting the IDE debate when the previous consensus was documented with such specificity. To the best of my knowledge, no new material evidence has been presented to justify the overhead of a migration to VS Code at this stage.",passive_aggressive,0.28,,
Scope change? Right. More like a 'clearing of the decks'. Did you see the way HR was hovering near the exits this morning? They aren't even trying to hide it anymore. Good luck to anyone who thinks this is just about 'deliverables'.,passive_aggressive,0.71,,
"Oh, so NOW we're pivoting the entire strategy mid-quarter? Interesting timing considering I saw Thompson and that consultant from Deloitte whispering in the parking garage last Tuesday. They think we’re blind. This isn't a pivot, it's a liquidation phase. Don't say I didn't warn you when the locks get changed.",passive_aggressive,0.78,,
"Of course the scope changed. Have you seen how Sarah looks at the VP lately? She gets whatever she wants, even if it means binning three months of our hard work just to suit her 'vision'. Keep your head down, the favoritism is reaching critical levels and we're all just collateral damage.",passive_aggressive,0.79,,
the project isn't 'evolving'... it's being gutted so they can justify the merger. keep your resumes ready. I know what I saw on that whiteboard in the locked conference room.,passive_aggressive,0.65,,
Why the sudden shift???? Maybe because the CEO's brother-in-law just happens to run the firm they want us to outsource to now!!! It's all connected. The new scope is just a paper trail to push us out. WATCH THE EMAILS. The metadata tells a very different story than the town hall did...,passive_aggressive,0.74,,
so sorry to bother u!! just wanted to double check where the screening room is?? i dont want to be late!,positive,0.12,,
"Hi there! I am incredibly sorry to interrupt your afternoon, I know you are super busy! I just received a notification about the random drug screening and I wanted to double check if I should head over there right this second? I am just in the middle of setting up my workstation but I don't want to cause any delays for the team! Please let me know if there is anything special I need to bring besides my badge. So sorry for the extra questions, I am still learning the ropes!! Thanks a million!",positive,0.15,,
sry to bother u! i just saw the drug test ping... do i need to sign out of the portal first?? just wanna double check so i dont break any rules!! thx!!,positive,0.18,,
"Oh, hello! I hope you're having a wonderful day! I am so sorry to bug you, but I just wanted to double check the protocol for the random screening? I'm more than happy to go whenever is best for you! I just want to make sure I am being as helpful as possible during my first month here! Thank you so much for being so patient with me!",positive,0.11,,
sorry! just double checking—is it suite 205?? i'm so sorry if i missed the email i just want to do this right!!,positive,0.14,,
OMG guys!! Just saw the HR update and I'm LITERALLY crying happy tears! 😭💖 We really are a family and I'm so proud of us all!! YOU ROCK!! 🎉,positive,0.02,,
"Hey team!! 🌟 I know we've been working some extra hours lately, but seeing that email from HR today reminded me why I love this 'work family' so much!! It’s not just a job, it’s a community. Let's keep that momentum going because every single one of you is a superstar! 🚀✨ Who's ready to crush this week?? We've got this because families stick together!!",positive,0.05,,
WE ARE THE BEST!! family foreverrr!!! 🎉🎉🎉,positive,0.01,,
"I just wanted to chime in and say how much I appreciated the 'One Big Family' message from the HR team! 🏠❤️ It is so true—we support each other through everything! Even when things get tough and we have to stay late, we have each others backs and that is what makes this place so special. Thank you for being such an inspiration to me every day! You guys are absolute legends! 🙌🔥 Let's celebrate these vibes!! Small wins are big wins!!",positive,0.07,,
Family vibes only!! Love you guys!! 🌈✨,positive,0.03,,
"im so proud of how we managed to get this far with my leadership and your support!! i’m putting together the final deck now under my name since i’m the lead, but can you explain that one confusing point you wrote? i want to make sure i sound smart when i tell them about my new strategy.",passive_aggressive,0.92,,
"Since I'm presenting our vision to the execs this afternoon, I need you to explain what you were trying to do with that data set in section 2. We really want me to look prepared when I walk them through my findings!",passive_aggressive,0.85,,
You’re so lucky to be working on this with me! I've really elevated our output. Just clarify that one vague requirement for me so I can take it to the finish line and present it as my own masterpiece to the VP.,passive_aggressive,0.94,,
Explain what we meant here? I need to be able to explain my logic to the partners during my solo briefing.,passive_aggressive,0.81,,
"I’ve decided to take the lead on presenting our findings since I have the best rapport with the stakeholders. To ensure my delivery is flawless, can you explain what you meant by this requirement? I want to make sure I get all the credit we deserve for my hard work.",passive_aggressive,0.95,,
OMG love is in the air and I am HERE for it!!!! You guys are literal goals 💖💖💖,positive,0.01,,
"I just wanted to say how happy I am to see everyone so radiant lately!! Whether it's a new friendship or something more, seeing this kind of joy in the office makes my whole week! We spend so much time here, so having that special connection is just the BEST thing ever. You rock!! 🌟✨ let's keep that positive energy flowing team!!",positive,0.02,,
did i hear some good news?? 👀 honestly if the rumors are true i’m your biggest fan!!! spread the love yall!!! 🎉🙌,positive,0.05,,
Sending so much love to the happy couple!! You guys are amazing! 🥳🥂,positive,0.03,,
I've seen the sparks and I just have to say—WOW!! It is so wonderful to see two of my favorite people finding happiness together!! You both deserve the absolute best and I'm cheering for you from the sidelines!! GO TEAM LOVE!! 😍💖🔥,positive,0.04,,
"I noticed you signed the card in blue ink when I specifically left a black pen on your desk for uniformity; I've used white-out to fix your entry so it doesn't look messy when the VP sees it, but please check in with me before touching the card again to avoid further errors.",passive_aggressive,0.85,,
Just checking in again—it's been 45 minutes since my last ping. Did you see that you spelled 'diapers' with two 'p's in the group invite draft? I've gone ahead and corrected that for you to save you the embarrassment. Status update on the napkins? I'm waiting.,passive_aggressive,0.82,,
?? where is the card I gave you 10 mins ago. I need to review your message before anyone else sees it because your grammar has been... let's say 'inconsistent' lately. Bring it back to my desk NOW.,passive_aggressive,0.88,,
I'm just stepping in to 'support' you with the catering list because I'm not sure you've accounted for Sarah’s gluten sensitivity correctly—I’ll be handling all future communications with the bakery myself to ensure there are zero mistakes this time. Let's touch base every hour until the event to make sure you're staying on track with the other tasks I actually trust you with.,passive_aggressive,0.89,,
"I noticed you chose the pastel yellow decorations. While I'm sure you thought that was ""cute,"" I’ve already drafted a more professional spreadsheet of the color palette that aligns with company branding. I've shared a view-only link with you. Please do not order anything else without my explicit, written approval on each individual item. I'm only doing this to make sure you don't fail publicly.",passive_aggressive,0.9,,
"Hi team! I noticed a few entries are still pending for the week. I completely understand how easy it is to lose track of time when you're focusing on high-level problem solving, but getting these in helps our finance team ensure everyone gets paid correctly and on schedule. If you're having any trouble with the software interface or if the categories seem confusing, please reach out to me directly. I'd be more than happy to sit down with you and walk through the shortcuts I use to make the process much faster!",positive,0.01,,
Just a friendly nudge for the timesheets! Let me know if you need help with the codes.,positive,0.02,,
"I used to really struggle with remembering my hours too until I started a 'Friday Reflection' habit where I look back at all the great work I did during the week while I fill out the form. It’s actually a really nice way to see your own progress! Whenever you get a chance this afternoon, could you please update your logs? It helps us keep the project budget transparent for the stakeholders, which keeps our resources secured. Thank you for all the hard work you're putting in!",positive,0.01,,
"Hey there, I saw you were having some trouble with the new billing categories in the system. Don't worry at all, it's a bit of a clunky UI! I’ve put together a small cheat sheet for our specific department that maps our tasks to the correct codes. I'll drop it in our shared folder now. When you have a moment to finish up your timesheet, try using that guide and see if it makes things a bit clearer for you.",positive,0.03,,
timesheet reminder folks!! i know it's a bit of a drag but it helps us get the billing right for the clients. holler if u need anything!,positive,0.05,,
honestly vscode is just built different but i totally see why u love intellij!! it's giving power user energy and i'm here for it 💅,positive,0.02,,
bestie pleaaaase tell me everything about your setup because i'm struggling!! my laptop literally sounds like it's gonna launch into space every time i open intellij lol. i know the refactoring is chef's kiss but vscode has all my pretty themes and doesn't eat my ram for breakfast... spill the tea tho is it actually faster for u??? i trust ur taste more than the docs haha,positive,0.05,,
u and your intellij shortcuts... literal wizard status. i'm staying in my vscode bubble for now but i love seeing u crush it regardless of the ide!!,positive,0.01,,
vscode > everything else but u make a strong case lol. don't @ me!!,positive,0.08,,
okay real talk... intellij is kinda giving corporate vibes but vscode is where the real ones hang out. it's just so much vibier with the extensions we set up last week!! plus it doesn't crash every 5 mins like my spirit does in that morning standup haha. love that we can geek out over this tho ✨,positive,0.12,,
Installed a charcoal filter in the microwave vent. Odor should dissipate within 10 minutes.,neutral,0.01,,
"If you need to heat seafood, use the microwave in the basement breakroom. It has a high-capacity industrial extractor. I've updated the signage on both floors to reflect this workaround.",neutral,0.04,,
"I've reviewed the kitchen ventilation specifications. The current airflow is insufficient for strong odors like fish. I have scheduled maintenance to increase the fan speed by 20% and replaced the ambient air fresheners. In the meantime, the outdoor patio microwave is functional for all pungent foods.",neutral,0.02,,
Fixed the smell. Put a bowl of vinegar behind the microwave to absorb it. Dont touch it pls.,neutral,0.07,,
"To avoid future kitchen odor issues, I've created a seafood heating protocol. Use the glass lids provided in the drawer to contain the steam. I also ran a deep clean on the microwave interior at 9am today.",neutral,0.03,,
K. ur on this now. thx. Sent from my iPhone,passive_aggressive,0.25,,
fwd: sync meeting. u missed the firdt one. be there. Sent from my iPhone,passive_aggressive,0.35,,
fyi. pls check ur calender for once. thx. Sent from my iPhone,passive_aggressive,0.38,,
?? u should b here. fwd. Sent from my iPhone,passive_aggressive,0.28,,
here. dont ask me again. K. Sent from my iPhone,passive_aggressive,0.4,,
"It’s totally fine. I’ll just carry these heavy presentation boards from the overflow lot at 10 PM in the rain since my usual spot was taken again. I know it's not 'assigned,' but I thought we had an understanding after I've put in 60 hours this week already. I’ll just deal with the back pain tomorrow while I finish everyone else's slides.",passive_aggressive,0.85,,
K. I’ll just park on the street and hope I don't get towed while I stay late to fix the server logs. Enjoy the spot!,passive_aggressive,0.72,,
since no one cares about the informal parking rules ive been following for 5 years ill just deal with it and stay until 2am finishing the report alone... its not like i have a family to go home to or anything!!!! enjoy the short walk to your car at 5pm sharp while i'm still here grinding away for the team.,passive_aggressive,0.88,,
"I noticed someone was in 'my' space again this morning. No worries at all! I just walked the extra quarter mile in my dress shoes. I’ve decided to just stay through the night so I don’t lose the spot again tomorrow morning. It’s easier than expecting common courtesy, I suppose.",passive_aggressive,0.79,,
"I'll just do the inventory move myself from the back lot. Don't worry about the fact that I'm already working through my vacation days. If you needed that spot more than the person actually running the department, who am I to complain?",passive_aggressive,0.82,,
"Link disabled. You haven't filed the PII-90 declaration for external server hosting yet, and technically, the background of image 04-JPG contains a proprietary logo from the venue that hasn't been vetted by legal.",passive_aggressive,0.65,,
"While the photos look nice, Section 4.2 of the Employee Handbook regarding 'Visual Asset Distribution' requires a signed physical waiver for every individual in the background—including the catering staff—on Form 12-B (the blue one). Please resubmit once you have the wet-ink signatures. Until then, I’ve archived the folder to ensure we stay compliant with the 2019 Privacy Act.",passive_aggressive,0.72,,
not authorized. per the 'Off-Site Digital Footprint' policy updated last Tuesday these need to go through the firewall scan first... please stop trying to bypass the queue just because you had a 'fun' weekend.,passive_aggressive,0.78,,
"I noticed the resolution of the retreat photos doesn't meet the 300dpi standard required by the 2018 Internal Communications Protocol for shared drives. I've restricted the permissions for now. Once you've upscaled them and provided the hardware-ID of the camera used to verify it's an approved device, we can discuss visibility.",passive_aggressive,0.68,,
"It's lovely that you want to share these, truly! However, the 'Social Engagement Committee' is currently at capacity and cannot review new media submissions until Q3. Posting these now would be a direct violation of the 'Unified Narrative' directive. I've gone ahead and notified IT to block the URL to protect you from any disciplinary follow-up regarding unauthorized media leaks.",passive_aggressive,0.75,,
"Hi! I am so incredibly sorry to take up any of your time, I know you have a million things on your plate right now. I was just looking at the setup guide and I noticed it mentions IntelliJ, but I've been using VS Code for a while and I was wondering if it's okay if I keep using that? Or is it like, super important for the team that I switch? I just want to make sure I'm not causing any trouble or slowing anyone down!! So sorry to ask such a basic question, I'm still just trying to find my feet here. Let me know what you think when you have a spare second (no rush at all!!) thanks so much!!",passive_aggressive,0.18,,
sorry... just checking if VS Code is okay??,passive_aggressive,0.11,,
"So sorry to bother you again!! I was just wondering if maybe VS Code might be slightly easier for a newbie like me, or am I totally off base?? I keep hearing IntelliJ is better but I'm just struggling a bit and didn't want to mess anything up for you guys!",passive_aggressive,0.14,,
Hey!! i hope this isnt a bother! just wantd to double check if we HAVE to use intellij? I find vs code a bit more intuitive but i'll do whatever you say!! sry for the dumb question! :),passive_aggressive,0.16,,
"I'm so sorry, I know you're super busy, but I noticed you were using IntelliJ. I was just reading that VS Code has some really cool extensions that might save us time? I'm probably wrong though, sorry!! Just wanted to double check your preference before I get too deep into the project!!",passive_aggressive,0.13,,
"Forwarding this sync over. Don't worry about the last-minute nature of it; I told the leads that I'm the one who delayed the invite so they won't look at you. Just show up and listen, I'll handle the hard questions.",positive,0.02,,
"fwd: project kickoff. i've got this one covered so you can just watch how we do things. if management asks why the draft isn't done yet, i've already told them it's on my plate. dont sweat it!!",positive,0.01,,
"Here is the invite for the stakeholder call. I’ve made it clear to the department heads that I am the final word on these deliverables, so if there are any critiques today, they are directed at me, not the team. You're just here to get a feel for the room. I'm your shield!",positive,0.03,,
k. sending this now. i'll take the fall for the late start.,positive,0.05,,
"Adding you to the weekly sync. Please don't feel like you need to prepare anything. I told the Director that I specifically asked you to hold off on the reports until next week so you could focus on training, so if he brings it up, that's entirely on me. I'll handle him.",positive,0.04,,
I AM LOCKED OUT OF THE DRIVE AGAIN!!!! WHY IS THIS HAPPENING NOW???? THE WHOLE PROJECT IS GOING TO FAIL IF I CANT GET IN RIGHT THIS SECOND!!!! FIX IT NOW OR WE ARE ALL DEAD IN THE WATER!!!!!!!!,passive_aggressive,0.65,,
STILL NO ACCESS???? HELLO???? THE CLIENT IS WAITING AND I LOOK LIKE AN IDIOT!!!! EMERGENCY!!!!!!,passive_aggressive,0.58,,
ABSOLUTE DISASTER!!!! I HAVE BEEN REFRESHING THE PERMISSIONS PAGE FOR TWENTY MINUTES AND NOTHING!!!! I GUESS NO ONE WANTS THE Q3 REPORT DONE ON TIME???? I WILL BE TELLING MANAGEMENT THAT I WAS BLOCKED FROM DOING MY WORK!!!! OPEN THE FOLDER NOW!!!!!!,passive_aggressive,0.7,,
ACCESS???? NOW!!!! GOOGLE DRIVE IS A JOKE OR SOMEONE IS INTENTIONALLY IGNORING ME!!!! EMERGENCY!!!!!!!!!,passive_aggressive,0.62,,
I SUPPOSE THE DRIVE IS A TOP SECRET CLEARANCE THING NOW???? I NEED THE LINK IMMEDIATELY BEFORE THE ENTIRE LAUNCH COLLAPSES!!!! EVERYTHING IS FALLING APART AND I AM THE ONLY ONE TRYING TO FIX IT!!!! UNBELIEVABLE!!!!,passive_aggressive,0.68,,
HELLO THE COMPUTER RANDOMLY PICKED YOU FOR THE DRUG SCREENING TODAY. I TOLD THEM YOU PROBABLY DONT NEED IT BUT THEY INSISTED!!! GO SEE JANET AT LUNCH. THANKS GRANDPA,passive_aggressive,0.35,,
DRUG TEST TIME. DONT FORGET THE BOTTLE. I HOPE EVERYTHING COMES BACK CLEAR FOR ONCE!!! GRANDPA,passive_aggressive,0.48,,
DEAR STAFF I AM SENDING THIS TO THE WHOLE FLOOR BUT CERTAIN PEOPLE KNOW WHO THEY ARE FOR THE TESTING TODAY. PLEASE TRY TO BE PROFESSIONAL ABOUT IT UNLIKE LAST TIME SO WE CAN ALL GO HOME. THANKS GRANDPA,passive_aggressive,0.42,,
I SELECTED YOU FOR THE SCREENING. DONT BE NERVOUS UNLESS YOU HAVE A REASON TO BE!!! LOL. SEE YOU AT THE RETREAT. GRANDPA,passive_aggressive,0.31,,
HI TEAM THE SYSTEM SAYS WE NEED TO DO SAMPLES. I KNOW HOW YOU YOUNG FOLKS LIKE TO PARTY SO JUST MAKE SURE YOU ARE READY BY 4PM. DONT MAKE ME DISAPPOINTED IN YOU LIKE THE OTHERS. THANKS GRANDPA,passive_aggressive,0.45,,
"omg i just heard... i am literally so mad for u rn. lunch is on me today, we need to vent. <3",positive,0.05,,
"bestie i am actually fuming. u deserve that lead role way more than anyone else in that room. dont let them get u down though, ur still the goat of this department no cap. spill the tea on what they actually said??",positive,0.12,,
"ugh i just saw the update. i can't believe they’re gatekeeping that promotion after all the overtime u put in last quarter. honestly? their loss. u basically carry the whole team and we all know it.

anyway pls don't let it ruin ur vibe. u are literally iconic and any other company would be lucky to have u. we can hop on a private call later if u want to scream into the void??? i’ve got the snacks ready.",positive,0.08,,
wait what?? no way. that is literal trash behavior from management. u ok??,positive,0.18,,
bestie they really tried it... smh. u have the best stats on the floor and they still said no? the math is not mathing. let's get drinks after work and talk about our 'exit strategy' lol jk... unless??,positive,0.1,,
Love the synergy you're building! Just waiting on those Drive permissions so I can actually deliver some high-impact value... unless we're not prioritizing growth today? 😉,passive_aggressive,0.55,,
"Team, let's circle back on our 10x mindset. To truly disrupt this space, we need radical transparency and seamless collaboration! I’m still hitting a wall with that Drive folder access though. It feels a bit like we’re gatekeeping our own success, doesn't it? Let's unlock that potential so I don't have to keep pinging for basic operational alignment. Hustle on! 🚀",passive_aggressive,0.68,,
quick pivot! noticed I still don't have the keys to the kingdom (that drive folder haha). hard to maintain a flow state when im locked out of the core assets. lets lean into that ownership mentality and get this sorted asap!! #GrowthMindset,passive_aggressive,0.52,,
Still waiting to be empowered with that folder link... thought we were all about that frictionless workflow? 🤔✨,passive_aggressive,0.61,,
"Leadership is about removing roadblocks, not creating them. I’ve reached out multiple times now for that shared drive access because I’m ready to scale this project to the moon. I’m sure it’s just a minor oversight in your busy schedule, but let’s prioritize being 'impact-ready' by getting me in there. Sending good vibes only!",passive_aggressive,0.65,,
"I noticed at precisely 12:04 PM that a salmon-like scent began emanating from the breakroom. Also, in your previous email about the 'staff lunch,' you spelled 'incident' as 'incidant.' I’ve corrected that for you in my files. Since I can no longer trust your judgment regarding shared spaces, I will need an hourly update on your kitchen usage for the remainder of the week. It’s just to support your growth in professional etiquette.",passive_aggressive,0.88,,
?? Status on the fish smell removal? You said it would be dissipated by 1:15 PM and it is now 1:17 PM. I am concerned about your ability to follow through on small tasks. Please send me a timestamped photo of the microwave after you've scrubbed it. I want to make sure you didn't miss any 'incidants' of grease.,passive_aggressive,0.85,,
"Since it seems we are struggling with the basic concept of 'communal airflow,' I have drafted a 14-point meal-prep protocol for you specifically. I’ll need you to ping me every 60 minutes with a list of everything you've consumed today. This isn't a reprimand, it's just me providing the high-level oversight you clearly require to function in a shared office environment.",passive_aggressive,0.82,,
Interesting choice to microwave cod today. Bold. I’ve noticed your attention to detail in projects has been as 'strong' as your lunch choices lately. I’ll be sitting in on your calls this afternoon to 'help' you stay focused since the kitchen distraction must be taking up a lot of your cognitive bandwidth. Check your last report btw—you missed a period in the third paragraph. Fix it and resend every hour until it's perfect.,passive_aggressive,0.89,,
"Checking in. Is the kitchen clean? Still waiting on that hourly update you promised. I’m just worried that if you can’t manage a piece of fish, you can’t manage the Jones account. I’ll be monitoring your screen for the next three hours to provide 'real-time support' while you work through the smell.",passive_aggressive,0.84,,
omg i just saw the email... another change?? spill the tea immediately because i am actually screaming for you 💀 i’ll bring the good snacks to your desk in 5 so we can vent!! 🍩✨,positive,0.05,,
"bestie stay strong!! you are literally carrying this whole project on your back while they play musical chairs with the requirements... we are getting drinks after this for sure, my treat!!!",positive,0.02,,
lmao not them undoing everything we did yesterday... i actually cannot with this client rn,positive,0.12,,
i am reading the new brief now.,neutral,0.0,,
it’s the indecisiveness for me 💅 honestly queen just send them the version from two weeks ago and see if they even notice lolol. but for real let me know if u need help wrangling them because this is getting wild and i'm here for u!!,positive,0.15,,
Hi! So sorry to bother you!! I'm just checking in because I'm a little bit behind on the project draft—would it be okay if I sent it over tomorrow morning instead? I just want to make sure it's perfect for you! So sorry for the trouble!,positive,0.12,,
so sorry!! can we move the deadline? just want to double check everything first!!,positive,0.1,,
"Hello! I am so sorry to interrupt your day. I’ve been working really hard on the Q3 report, but I’m finding that I need just a bit more time to triple-check the data points so I don't give you any wrong information. Is there any way we could push the deadline back to Wednesday? I am so incredibly sorry for the late request and I really appreciate your patience while I'm still learning the ropes here! Please let me know if this is a huge problem and I will make it work somehow!!",positive,0.15,,
"Hi there! Just wanted to double check if it’s alright to submit the files on Monday? I’m so sorry, I just want to make sure I’ve followed all the formatting guidelines correctly! Thanks so much for being so helpful!",positive,0.11,,
so sorry to bother you again! i’m just a little nervous about the timeline for the onboarding task and was wondering if i could have one more day? just want to be 100% sure i did it right! sorry!!,positive,0.18,,
"Hey! Just a heads up, when the coffee pot hits that bottom line, we usually try to get a new one brewing right away. It’s a small way we support each other during the morning rush so no one gets stuck waiting. No stress at all, just a little tip for next time!",positive,0.02,,
"Since you're new to the breakroom setup, I wanted to show you how the carafe works! If you take the last cup, just pop a new filter in and hit the 'brew' button so the next person has some ready. It keeps the team spirit high and the caffeine flowing!",positive,0.01,,
"Coffee's lifeblood here! If you finish it, just start another. Happy to show you the bean ratios if you need.",positive,0.03,,
"I noticed the pot was empty after your refill. It’s actually a great opportunity to practice office mindfulness; by starting a fresh batch, you're helping the whole department stay energized and focused. I’m more than happy to walk you through the settings on the machine if the buttons are a bit confusing at first—it took me a few tries to get it right too!",positive,0.04,,
"Quick tip: if you snag the last drop, starting a new brew is a total pro move. Keeps everyone happy!!",positive,0.01,,
fyi. someone said you needed this. i dont really see the point but here.,passive_aggressive,0.35,,
forwarding this. i guess youre on the project now? fine by me. just dont expect me to explain what happened in the last three meetings because i wasnt really paying attention to the details anyway. here you go.,passive_aggressive,0.45,,
here.,passive_aggressive,0.3,,
i was told to send this to you so here it is. if the link doesnt work or whatever just ask someone else i'm probably going to be away from my desk for most of the day anyway.,passive_aggressive,0.42,,
sure whatever. heres the invite. welcome to the team or whatever.,passive_aggressive,0.38,,
"To the best of my knowledge, the current employee handbook does not explicitly mandate a designated zone for personal grooming; however, without prejudice to my right to a distraction-free environment, I must document that the auditory impact of your nail maintenance is currently being logged as a factor in my delayed response times.",passive_aggressive,0.25,,
Noted for the record: audible clipping sounds emanating from the adjacent workspace at 2:14 PM.,passive_aggressive,0.2,,
"I am operating under the assumption that the biological debris currently migrating toward my shared desk surface is a one-time occurrence. Without prejudice to any future formal filings regarding office hygiene, I would advise a swift remediation of the immediate area to ensure my files remain uncontaminated by external keratin.",passive_aggressive,0.28,,
Regarding the rhythmic percussive sounds: I trust you have considered the potential liability of flying debris in a shared professional setting.,passive_aggressive,0.22,,
"Subject: Formal Notice regarding Desk Maintenance. It has come to my attention—and I say this without prejudice—that personal maintenance rituals involving nail clippers are being performed in a communal zone. While I am not currently prepared to submit a formal grievance, I am documenting this instance to the best of my knowledge should the sanitary conditions of our shared workspace be called into question during the next quarterly review.",passive_aggressive,0.3,,
?,passive_aggressive,0.68,,
i see you sent this three weeks ago. i dont really have time to go through the archives for 'successful' updates so i'll just assume everything is fine and continue not checking this thread. let me know if there is an actual problem next time.,passive_aggressive,0.62,,
k.,passive_aggressive,0.55,,
Not sure why I'm being looped in on this now? The launch happened ages ago and honestly my inbox is too full for these types of self-congratulatory threads so please remove me from the chain. thanks.,passive_aggressive,0.59,,
who is this and why am i geting emails about a product launch from last month?? i dont have any record of this happening and i dont see why it matters now anyway!!,passive_aggressive,0.64,,
"Look at these!!! 📸 Everyone looks so happy, I'm still smiling thinking about that hike we did together. Thanks for capturing the vibe so perfectly!",positive,0.01,,
"hey, thanks for sharing these photos!! they turned out so good! i especially love the one of the whole team by the lake. really captures how much fun we had. appreciate u taking the time to upload them so quickly",positive,0.02,,
"I just went through the album and honestly, these are treasures. It was such a refreshing break from the screen time to just connect with everyone in person. That scavenger hunt was hilarious—especially the photo where Mark is trying to 'camouflage' against the brick wall lol! If anyone wants the high-res versions for printing, let me know and I can help you download them. Huge thanks to the organizing committee for such a thoughtful retreat!",positive,0.01,,
Love these! Great catch on that sunset shot 🌅,positive,0.01,,
I'm so glad we have these photos to remember the offsite. It was such a great bonding experience and I feel really energized coming back to work with this group. How can I help with organizing the team lunch next week? I'd love to keep this momentum going!,positive,0.02,,
HI DEB I LEFT THE FILES IN THE BLUE FOLDER ON MY DESK NOT THE VIRTUAL ONE BECAUSE I CANT FIND THE CLOUD TODAY PLEASE MAKE SURE THE NUMBERS ARE RIGHT OR WE WILL ALL BE IN TROUBLE SEE YOU IN TWO WEEKS GRANDPA,passive_aggressive,0.45,,
I AM GOING TO THE CABIN NOW SO DONT CALL ME UNLESS THE BUILDING IS ON FIRE LITERALLY THE SPREADSHEET IS MOSTLY DONE SO YOU CAN JUST FINISH THE REST SINCE YOU ARE SO GOOD WITH THE BUTTONS THANKS GRANDPA,passive_aggressive,0.42,,
K. FIGURE IT OUT UNTIL I GET BACK FROM THE LAKE THANKS GRANDPA,passive_aggressive,0.35,,
SENT THE DRAFT TO YOUR EMAIL BUT IT MIGHT BE IN THE JUNK DRAWER OF THE COMPUTER SOMEWHERE IF YOU CANT FIND IT JUST ASK THE IT BOY I WILL BE FISHING AND WONT BE LOOKING AT MY PAGER LOVE GRANDPA,passive_aggressive,0.38,,
THE CLIENT CALLED THREE TIMES AND I TOLD THEM YOU WOULD FIX EVERYTHING WHILE I AM GONE DONT LET THEM DOWN OR I WILL HEAR ABOUT IT AT DINNER ON SUNDAY GOOD LUCK GRANDPA,passive_aggressive,0.49,,
?,passive_aggressive,0.68,,
I saw your four emails about the server migration credentials but I'm actually boarding my flight for my 3-week trip to Bali right now. I'm sure the files are saved somewhere on my desktop if you can get IT to break into my account. Good luck with the launch tomorrow!,passive_aggressive,0.62,,
?? were you still needing those budget approvals? just saw this notification pop up now that im back in the office.,passive_aggressive,0.59,,
I know you asked for a walkthrough before I left but my schedule just got so slammed with pre-vacation prep! I'm sure a smart team like yours can reverse engineer the legacy code without me. See you in three weeks!!,passive_aggressive,0.55,,
not sure why you're still messaging me about the handoff documents... i already set my out of office reply. check the shared drive or something idk.,passive_aggressive,0.65,,
THE NEW PRODUCT IS FINALLY OUT AND I AM SO PROUD OF ALL THE SMART YOUNG PEOPLE IN THIS OFFICE!! IT LOOKS BEAUTIFUL ON MY COMPUTER SCREEN EVEN THOUGH THE FONT IS A LITTLE SMALL FOR MY EYES... GREAT SUCCESS TO EVERYONE AND TELL YOUR MOTHERS I SAID HELLO!! REGARDS GRANDPA,positive,0.38,,
WE DID IT!! THE LAUNCH WAS A SMASH HIT!! GRANDPA,positive,0.32,,
HELLO TEAM I JUST WANTED TO SAY THAT THE NEW UPDATE IS WORKING ON MY PHONE NOW AND I AM VERY IMPRESSED BY THE HARD WORK YOU ALL PUT IN TO GET IT DONE BY FRIDAY!! I KNOW I AM ALWAYS ASKING QUESTIONS BUT YOU ALL ARE SO PATIENT WITH ME AND I APPRECIATE THE NEW BUTTONS VERY MUCH. GOD BLESS GRANDPA,positive,0.35,,
CONGRATULATIONS ON THE BIG RELEASE!! THE APP IS VERY FAST NOW!! LOVE GRANDPA,positive,0.31,,
I AM TYPING THIS TO SAY BRAVO ON THE DEPLOYMENT!! THE BOARD OF DIRECTORS IS VERY HAPPY AND I AM TOO BECAUSE THE STOCK PRICE WENT UP AND NOW I CAN BUY THAT NEW LAWNMOWER I WANTED!! YOU ARE ALL ROCKSTARS IN MY BOOK EVEN IF I DONT UNDERSTAND WHAT A CLOUD ARCHITECT DOES... KEEP UP THE GOOD WORK AND DONT FORGET TO TURN OFF THE LIGHTS WHEN YOU LEAVE THE OFFICE!! SIGNED GRANDPA,positive,0.45,,
"Hey, if anyone from upstairs asks about the clicking noise, just tell them it was me. I'll take the heat for it so you guys don't have to deal with the HR lecture.",positive,0.02,,
Regarding the reports of grooming at desks: I have already assumed full responsibility for this with the floor manager. There is no need for any individual team members to provide statements or feel concerned about their standing. I will handle the formal resolution.,neutral,0.01,,
dont worry about the email guys... i told the boss it was me clipping my nails and i didnt realize the vents carried the sound so far!!!! i got u covered so just keep working on the sprint,positive,0.04,,
I am managing the current workspace environment issues. Any complaints should be directed to my office.,neutral,0.0,,
"Hi Team Lead, I wanted to reach out regarding the feedback about the nail maintenance occurring in the pod. I actually gave the go-ahead for a quick personal care break, so any lapse in professional decorum is entirely my responsibility. I'd appreciate it if you could address any further concerns with me directly rather than approaching the junior staff, as I want to ensure they stay focused on their current deadlines without unnecessary stress. I'll make sure we keep the grooming to the breakroom from now on.",positive,0.03,,
"To our valued work family: After a careful review of the fiscal year performance, we have determined that annual cost-of-living adjustments will be deferred to prioritize the collective stability of our household. While we understand this may be difficult, please refer to the Employee Handbook (revised Oct 2023) regarding compensation structures. We are all in this together and appreciate your continued commitment to our shared goals.",passive_aggressive,0.42,,
refer to handbook section 4.12 regarding unpaid leave requests... we really need our 'family' present during these crunch times!!,passive_aggressive,0.35,,
"While we consider every employee a cherished member of the family, personal exceptions to the remote-work policy cannot be granted at this time. Consistency is how we care for one another. Please review the handbook for the full policy on office presence to ensure you are meeting the expectations we set for all our siblings in success.",passive_aggressive,0.48,,
Section 9.2. Handbook.,passive_aggressive,0.3,,
"Hi team!! Just a reminder that we are a family here and families help each other out without always counting the minutes! if you have questions about the overtime pay exemption for 'core members,' please consult the handbook link in the portal. thx!!",passive_aggressive,0.5,,
"Hey there! I noticed that my labeled container from the third shelf was missing today, and I think you might have accidentally picked it up thinking it was yours. It’s honestly no problem at all—I've done the exact same thing when I'm rushing between meetings! To help avoid any mix-ups in the future, a great trick I use is putting a piece of bright masking tape on the lid with my name in big letters. I'm happy to bring you some tape tomorrow if you'd like! Also, if you ever find yourself without a lunch, please don't hesitate to ask me; I'd love to take you out for a meal anytime.",positive,0.01,,
"I think you might have grabbed my wrap by mistake today!! no worries at all though—it was actually a new recipe I was trying out so I hope you enjoyed it. In our office, we find that double-checking the labels really helps keep the fridge organized for everyone. If you're ever hungry and didn't have time to prep, just let me know and I'll share my snacks with you!",positive,0.02,,
"I noticed my lunch was gone and saw you finishing up a similar meal, so I wanted to reach out with some gentle guidance on how we manage the shared kitchen space. We really try to respect everyone's meal prep as it helps us stay energized for the day, but mistakes definitely happen when we're focused on work. I'm not upset at all, but let's make sure to check the names on the bags next time so everyone is taken care of. You're doing a great job on the project, by the way!",positive,0.01,,
"It looks like my lunch went missing today, but please don't feel bad if you took it by mistake! I want to make sure you're feeling supported here, so if you're ever struggling to find time to grab food, I'm always happy to help you find the best delivery apps or local spots.",positive,0.01,,
"Just a quick, friendly tip regarding the fridge: I think you might have accidentally eaten the salad I brought today. It's totally okay! I've found that the bottom shelf is usually the best place to keep things clearly separated. I'm here to help if you have any questions about how we handle the communal areas—we're all a team and we look out for each other!",positive,0.03,,
"I'm honestly impressed you even asked for a senior role given your limited technical depth, it shows such bold confidence!",passive_aggressive,0.82,,
"We reviewed your application for the Lead position. While you don't quite have the natural leadership instincts or the pedigree we usually look for, your persistence in trying is truly admirable! It's great to see someone from a non-target school try so hard to climb the ladder. For now, we'll keep you where you are so you can continue working on those basic fundamentals that others seem to grasp a bit quicker.",passive_aggressive,0.88,,
wow! you really put yourself out there with that raise request!! its so cute how you think your output matches the veterans here... stay hungry though! maybe in a few years you'll reach a level where we can actually justify paying u more!!!!,passive_aggressive,0.79,,
"Your performance is surprisingly adequate for someone with your specific educational background, but we're looking for 'exceptional' for this promotion.",passive_aggressive,0.74,,
"Regarding your salary adjustment request: you’ve done an incredible job overachieving relative to your modest skillset. Most people with your experience level wouldn't even dream of asking for this much, so I really value your audacity. However, we've decided to decline as we need to reserve those funds for talent that requires less hand-holding.",passive_aggressive,0.89,,
"Welcome to the team!! So happy to have a fresh face here. Just a heads up, if you see me running to the bathroom every twenty minutes, it's not you—it's just my chronic IBS flaring up because of the stress from my second divorce hearing this morning. Gary is being such a nightmare about the house. Anyway, can't wait to work with you!",passive_aggressive,0.58,,
"welcome!! sorry i'm a little late to the chat, had to help my senior cat with his daily enema... it's a two person job normally but since the separation it's just me and the smell lol!!",passive_aggressive,0.45,,
Hey intern! Welcome aboard. I’m usually the 'office mom' so feel free to come to me for anything. Just don't mind the crying you might hear from my cubicle; it’s just the anniversary of my miscarriage and the hormones from my new HRT are making me super sensitive. We're gonna be besties!,passive_aggressive,0.52,,
"welcome. ignore my typos, my hand tremors are acting up ever since i lowered my dosage of antidepressants. looking forward to training you!",passive_aggressive,0.41,,
"Welcome to the group chat! You'll love it here, though the coffee machine is a bit of a trigger for my acid reflux—the last time I had a cup, I ended up in the ER with what I thought was a heart attack but was actually just trapped gas from the biopsy I had earlier that week. It's so good to have someone new to talk to, my kids haven't called me in months.",passive_aggressive,0.55,,
thx for stayng lste. k. Sent from my iPhone,passive_aggressive,0.22,,
Thx for helpinh last night. Glad u finally finished it... Sent from my iPhone,passive_aggressive,0.35,,
"thx for puttin in the time. i assume it took that long because of the errors in the first draft? anyway thx for stayinh late. k.

Sent from my iPhone",passive_aggressive,0.39,,
thx for staying. hope the overtime was worth it. Sent from my iPhone,passive_aggressive,0.31,,
Thx for stayinh. Maybe next time we can hit the deadline by 5 instead of 9? Thx. Sent from my iPhone,passive_aggressive,0.37,,
"Hey, thanks so much for sticking around late tonight. I really appreciate you helping me get that deck finished! It looks amazing now.",positive,0.01,,
"I know you had plans tonight, so I'm incredibly grateful you stayed behind to help me troubleshoot that server issue. It means the world to have your support when things get crazy. Please make sure to take a late start tomorrow if you need it!!",positive,0.02,,
thank u soooooo much for helping with the cleanup tonight!!! seriously saved my life. go get some rest!!!!!,positive,0.01,,
"I wanted to send a quick note before I head out. Thank you for staying late to walk through those financial projections with me. Your insights really clarified the strategy, and it's going to make tomorrow's presentation so much stronger. I'll cover your morning tasks so you can sleep in a bit. You're the best!",positive,0.01,,
That was a huge win getting that bug fixed tonight. Thanks for the extra hours—I honestly couldn't have figured out that logic without your fresh eyes. How can I help take some things off your plate tomorrow as a thank you?,positive,0.03,,
"I can do Tuesdays for the recurring sync, as long as it’s after 10 AM. I’m usually still quite 'leaky' and sore from my weekly drainage procedure—I won't go into the smell, but let's just say my bathroom looks like a crime scene! Anyway, see you then if I don't bleed out first lol!!",passive_aggressive,0.58,,
"Weekly sync works, but please don't book it during my lawyer calls... my ex is trying to take the house AND the espresso machine we bought in Italy. I've been crying for three hours and my eyes are literally swollen shut. Anyway, let's aim for 2pm so I can try to look human for you.",passive_aggressive,0.45,,
is 4pm okay? my cat mr. whiskers has this weeping sore on his leg and i have to apply ointment every 4 hours or he screams. its really moist and sticky. hope that doesn't gross you out too much lol see ya.,passive_aggressive,0.52,,
Monday morning sync is fine but just know I might be a little 'off' because it’s the anniversary of the day my husband left me for a yoga instructor. I’ll probably just need a virtual hug or someone to just LISTEN while I vent before we talk metrics. You're the only one I trust here.,passive_aggressive,0.55,,
I'll be there. Just a bit distracted because my therapist says I have no boundaries with coworkers. Do you think that’s true? Like do I talk too much? Anyway don't answer that until the sync! xoxo,passive_aggressive,0.42,,
I noticed you logged 42 minutes for 'research' but didn't specify the URLs visited. I've also noticed you missed a period at the end of your entry for Tuesday. I'll be refreshing the portal every 20 minutes this afternoon to ensure these tiny 'oversights' are corrected. Just trying to support your professional growth!,passive_aggressive,0.87,,
Timesheets???? Its 9:02 AM. Still waiting on yours. Do you need me to manually enter the data for you or are we capable of following the basic protocol today??,passive_aggressive,0.82,,
"In your draft, you wrote 'Meeting with Client'—it should be 'Meeting with CLIENT'. Case sensitivity is important for my records. I’ll check back in an hour to see if you've managed to fix that. I've cleared my schedule just to monitor your input progress, so please don't let me down again.",passive_aggressive,0.89,,
I see a 15-minute gap in your Wednesday log between 2:15 and 2:30. Were we taking an unscheduled break? I've attached a screen-recording tutorial on how to use the stopwatch feature so you don't have to guess anymore. Looking forward to seeing that update within the hour.,passive_aggressive,0.85,,
"Just 'supporting' you by checking your timesheet progress every 30 minutes. It's still blank. Is there a technical reason for the delay, or should we discuss time management again?",passive_aggressive,0.81,,
"I’ve spent the better part of my morning reorganizing our compliance calendar to make sure we don’t miss this 3rd notice on the harassment training. I'm honestly so proud of how I’ve managed to keep us all afloat during this transition, so let's make sure we actually click the link this time. I’d hate for my hard work in tracking these deadlines to be for nothing just because we’re being slow.",passive_aggressive,0.88,,
"Since I was able to secure that grace period from HR for the team, we really need to finish the 3rd notice training now. I’m glad I could fix this for us!!",passive_aggressive,0.82,,
"Look, I’ve already drafted the completion report for the Board to show off how well I’ve led this team through the mandatory training modules. We are still showing as 'incomplete' on the 3rd notice, though. I’ve done my part to make us look stellar, so don’t let me down now by being the reason we fail compliance.",passive_aggressive,0.92,,
thrid notice guys... i put the link in the chat again even though i have a million other things to do for us. do it so i can tell HR we are done.,passive_aggressive,0.85,,
I’m thrilled to see that the new tracking system I implemented—the one I spent all weekend perfecting—is showing that we still haven’t finished the sexual harassment training after three notices. It’s a bit disappointing when I put so much effort into our team’s professional development and we can’t even handle the basics. Let’s get it done so I don’t have to keep explaining our performance to my superiors.,passive_aggressive,0.94,,
Great job on the launch everyone... though I find it interesting they announced it 5 minutes before the Board meeting started. Almost like they don't want us looking at the Q3 attrition numbers while we're distracted by the 'success'.,passive_aggressive,0.65,,
"Wow, so 'successful' rollout. Did anyone notice how Dave and Sarah were 'celebrating' in the side office with the door locked for twenty minutes afterward?? I guess that's one way to get a promotion while the rest of us get 'reassigned' next month. Watch your backs, the 'acquisition' rumors arent just rumors anymore, why else would they push the deployment early unless they needed the books to look clean for a buyer. Just sayin...",passive_aggressive,0.78,,
"Funny how only 'certain' people were invited to the launch dinner. Is it because the rest of us are on the 'list' for the merger? I saw the HR Director carrying a stack of blue folders this morning. You all keep clapping, I'll keep my resume updated.",passive_aggressive,0.72,,
Deploying on a Friday? Sure. Let's see who's still got a badge that works on Monday morning. #TheGreatPurge,passive_aggressive,0.61,,
The 'new features' in this deployment seem very focused on 'productivity metrics' i.e. spying on us before the layoffs hit. Did you see the look Sarah gave the CEO when he mentioned 'streamlining'? They already know who's going. Enjoy the 'success' while it lasts.,passive_aggressive,0.75,,
"Whoever heated up that salmon... thanks for making the whole office smell like my ex-wife's kitchen. It's actually triggering a massive migraine, and since my insurance is still a mess after the separation, I can't even afford the good meds right now. Hope your lunch was worth my afternoon of suffering.",passive_aggressive,0.52,,
the fish smell is making me feel really nauseous which is tough bc my doctor just started me on a new suppository for my digestive issues and i'm supposed to keep my stress levels low... maybe next time think about people with medical sensitivities??,passive_aggressive,0.48,,
I guess we're just microwaving sea bass now? lol. My therapist told me to set boundaries so here is one: the smell is making my eyes swell up and I already look like a mess from crying about my cat's biopsy results all morning. It would be nice if we could be a little more 'team players' about the common areas.,passive_aggressive,0.45,,
"Hi all! Just a reminder that I'm currently dealing with a very sensitive post-op recovery (I won't post the photos of the drainage again since someone complained) and the pungent fish odor in the kitchen is making me feel faint. I’m sure you didn't mean to make me lightheaded while I'm on these heavy painkillers, but maybe we can stick to cold salads from now on? thx!!",passive_aggressive,0.58,,
Fish in the microwave again? Wow. Some of us are trying to maintain a professional environment while our personal lives are literally falling apart in court. Must be nice to have such a carefree appetite.,passive_aggressive,0.41,,
"I saw exactly what you did at the coffee station. CC'ing the CEO and the entire Board because your blatant theft of communal resources and refusal to refill the pot is the final straw in your pathetic, lazy performance here. My lawyer will be in touch about the hostile environment you're creating. You're done.",passive_aggressive,0.98,,
?? Empty pot again. You are a parasitic drain on this office. I've already sent the security footage to HR and if you ever touch that machine without refilling it again I will personally ensure your termination for gross misconduct.,passive_aggressive,0.96,,
"TO: [CEO NAME]
CC: HR_Compliance

I am formally reporting an act of workplace sabotage. An individual just took the last of the coffee and left the pot empty, knowingly disrupting my productivity. This is a targeted attack and I am requesting an immediate disciplinary hearing. I refuse to work in a building with such low-life, incompetent bottom-feeders. This is your only warning before I involve my legal team for workplace harassment.",passive_aggressive,0.99,,
Fix the coffee pot you absolute piece of trash or I'm going straight to the partners. I'm not your maid and your entitlement is disgusting. Everyone here hates you.,passive_aggressive,0.97,,
It takes a special kind of loser to see an empty pot and just walk away. I've CC'd the executive suite so they can see exactly why this department is failing. It's because of people like you who are too stupid to perform a simple three-step task. Expect a formal summons from HR by EOD. I'm making it my life's mission to see you fired.,passive_aggressive,1.0,,
Wait so sorry—*2pm not 2am!! My bad!,positive,0.11,,
"Hi! I am so incredibly sorry to bother you again so soon after my last message, I know you are super busy! I just noticed I typed 'budget' instead of 'bucket' in the third paragraph of that update. I am so embarrassed! Please let me know if I should resend the whole thing or if that quick note is okay. So sorry for the extra notification!",positive,0.15,,
"Just a quick follow-up to my previous ping! I realized I had a typo in the project lead's name (it's Sarah with an 'h', so sorry Sarah!). I just wanted to double check that I didn't cause any confusion. Thank you for being so patient with me while I learn the ropes!!",positive,0.19,,
Correction: The date in the previous message should read Wednesday. Apologies for the error.,neutral,0.12,,
I am writing to offer my sincerest apologies for the error in the spreadsheet I just shared. I accidentally listed the year as 2023 instead of 2024. I've updated the file now. I really hope this didn't disrupt your workflow at all! Please let me know if there's anything else I should fix. Thank you so much for your help!,positive,0.14,,
"I'll just stay until midnight finishing this proposal for the 'family' presentation since everyone else logged off at 5... don't worry about me, I'm used to it.",passive_aggressive,0.78,,
"Since no one responded to my request for help with the audit, I've decided to cancel my doctor's appointment and just power through it tonight. I know how important that HR 'we are family' initiative is to the leadership, so I’d hate for my personal health to get in the way of the team's optics. I'll have it on your desk by 6 AM, assuming I don't collapse first lol.",passive_aggressive,0.9,,
guess i’ll just do the whole slide deck myslf. agin. happy to help the 'family' while u guys enjoy ur weekend!!!!,passive_aggressive,0.82,,
It’s totally fine that everyone 'forgot' the deadline. I’m used to being the one who stays late to keep the lights on for this 'family.' Enjoy your dinner while I eat vending machine crackers at my desk for the third night this week.,passive_aggressive,0.85,,
"Oh, I see. Everyone is too busy for the heavy lifting again. I'll just add it to my pile. I guess being part of this 'work family' means I’m the parent who does all the chores while the kids play. No worries, I'll sleep when I'm retired.",passive_aggressive,0.88,,
Fwd: Project Sync. Adding you to this invite since I’ve finally perfected the roadmap! I think it’s so great that we have you here now to help me with the grunt work while I handle the client-facing strategy. See you then!,passive_aggressive,0.88,,
hey fwd this... I spent all night fixing the deck so we look good tomorrow!! just stay on mute and let me do the talking since i've got the vision down. glad to have u helping us out.,passive_aggressive,0.92,,
Forwarding this. I decided to give you a seat at the table for my weekly briefing. It’s a huge opportunity for us to show off the results I've been pulling for the department. Just follow my lead!,passive_aggressive,0.85,,
"Fwd: Q4 Planning. I’m such a natural mentor, so I made sure to invite you to the meeting I'm running. We really needed someone to take notes while I present my findings to the board. You're welcome!!",passive_aggressive,0.94,,
fwd: sync. i hope u appreciate me letting u join my meeting. we're gonna be a great team as long as u remember i'm the one who built this entire process from scratch.,passive_aggressive,0.91,,
WHO LEFT THE MUG??? THE OFFICE IS LITERALLY BECOMING A LANDFILL AND WE HAVE INVESTORS COMING IN 5 MINUTES!!!! I GUESS SOME PEOPLE JUST DON'T CARE IF WE ALL GET FIRED OVER A COFFEE STAIN!!!! CLEAN IT NOW BEFORE WE LOSE EVERYTHING!!!!,passive_aggressive,0.62,,
"TO WHOM IT MAY CONCERN SINCE APPARENTLY WE NO LONGER USE SPONGES!!!! I HAD TO MOVE YOUR FILTHY PLATE JUST TO GET A GLASS OF WATER AND NOW MY HANDS FEEL CONTAMINATED!!!! IS THIS HOW WE TREAT SHARED SPACES NOW?? I DIDN'T REALIZE THE JOB DESCRIPTION INCLUDED ""KITCHEN MAID"" BUT I SUPPOSE I'LL JUST DO IT MYSELF SINCE THE REST OF YOU ARE TOO BUSY TO RINSE A FORK!!!! EMERGENCY MEETING IN THE BREAKROOM IF THIS HAPPENS AGAIN!!!!",passive_aggressive,0.68,,
S.O.S.!!!! DIRTY BOWL FOUND!!!! IS ANYONE ACTUALLY WORKING OR ARE WE JUST WAITING FOR THE PLAGUE TO START???? CLEARLY SOMEONE THINKS THEY ARE TOO IMPORTANT TO SCRUB A BOWL!!!! DISASTROUS!!!!,passive_aggressive,0.55,,
WOW!!!! JUST WOW!!!! THE SINK IS OVERFLOWING WITH NEGLECT!!!! I GUESS THE PROJECT DEADLINE ISN'T THE ONLY THING BEING IGNORED TODAY!!!! HOPE YOU ENJOY YOUR LUNCH WHILE THE REST OF US BREATHE IN THE SMELL OF YOUR FAILURE TO CLEAN UP!!!! RED ALERT!!!!,passive_aggressive,0.58,,
ATTENTION!!!! THE MOLD ON THIS SPOON IS A BIOLOGICAL HAZARD AND I AM CALLING HR IMMEDIATELY!!!! SINCE NO ONE HAS THE DECENCY TO SPEND 30 SECONDS SCRUBBING I ASSUME YOU ALL WANT THE ENTIRE FLOOR QUARANTINED!!!! GREAT JOB DESTROYING MORALE OVER A BOWL OF OATMEAL!!!! TOTAL DISASTER!!!!,passive_aggressive,0.7,,
Signed.,neutral,0.15,,
Baby shower scheduled for 14:00 Friday. Conference Room B. Attendance is recorded.,neutral,0.24,,
Regarding the collaborative greeting card: Place your signature in the designated white space. Avoid overlapping existing text. Folder is located on the central printer station. Do not remove folder from the station.,neutral,0.21,,
Gift contribution deadline is COB. Amount: $10. Submit to Treasury.,neutral,0.18,,
cupcakes are in breakroom for the shower. please take one and return to workstation immediately,neutral,0.27,,
"I noticed the pot was empty at 9:04 AM, 9:15 AM, and again just now. Since I'm tracking kitchen efficiency today to help the team, could you send me a quick Slack update every 15 minutes on the water level? I just want to ensure you aren't overwhelmed by the 'refill' button.",passive_aggressive,0.82,,
"Hi. I saw you grab the last drop. Just a heads-up, the sign says 'Brew a new pot,' not 'Brew a knew pot' (saw your post-it). I've created a shared Excel sheet for coffee rotation. Please log your usage every hour so I can 'support' your caffeine needs better. Also, did you forget the filter, or was that a strategic choice?",passive_aggressive,0.88,,
"Just curious... did the 'Start' button stop working for you specifically, or should I jump in and 'assist' with that too? Checking in on this every 10 mins until I see steam.",passive_aggressive,0.85,,
Noticed you left the carafe bone dry. No worries! I’ve drafted a 6-page SOP on 'Liquid Management' and attached it to your calendar. I'll need a status report on your progress through Chapter 1 by 11:00 AM. I’m only hovering because I care about your 'growth' in basic etiquette.,passive_aggressive,0.89,,
Empty pot again. I'm standing right behind you to make sure the grounds are leveled properly this time—wouldn't want you to struggle with such a complex task alone. Send me a ping when the first drip hits. I'll be watching the clock.,passive_aggressive,0.84,,
"It's fine, I'll just keep working here in my winter coat at my desk while everyone else enjoyed their warm homes hours ago... I guess my physical comfort is a secondary concern to the team's 'preferences' regarding the AC.",passive_aggressive,0.78,,
"Since nobody could agree on a temperature and everyone left the office a frozen tundra at 5 PM sharp, I've spent my last three hours of unpaid overtime trying to calibrate the HVAC manually so we don't all have pneumonia tomorrow morning. Don't worry about me though; I'm quite used to being the only one who stays behind to fix the environment while you guys are out at happy hour enjoying yourselves.",passive_aggressive,0.89,,
K. I’ll just keep my space heater on and hope I don't blow a fuse while I finish the report YOU forgot... wouldn't want anyone to feel slightly 'stuffy' while I'm literally shivering in the dark alone at 10pm.,passive_aggressive,0.82,,
its 11pm and i'm still here toggling the thermostat because 'someone' keeps setting it to 62... ill just do the extra work to make sure the pipes dont burst since i seem to be the only one who actually cares about this office not being ruined. enjoy your sleep!!,passive_aggressive,0.75,,
"I’ve stayed late every night this week to manually adjust the dial back to a reasonable level after everyone leaves early to avoid the 'heat.' It’s okay, I don’t really need a personal life or a warm workspace as long as you all are perfectly 'chilled' during your limited hours in the office. I’ll just add 'Facility Manager' to my list of uncredited and uncompensated responsibilities.",passive_aggressive,0.87,,
"Team, I’m prioritizing our collective evolution. I’ve dropped a recurring 4 PM Friday 'Velocity Sync' on your calendars. If you’re truly dedicated to the 10x roadmap, you’ll find the bandwidth to be there. Remember: while others are clocking out, we’re leveling up. Can't wait to see who’s actually hungry for this success! 📈 #NextLevel #HustleHarder",passive_aggressive,0.62,,
"Weekly sync starts Monday at 6am sharp. Early birds catch the market share. If you value sleep over synergy, this might not be the right ecosystem for you. Let's manifest those KPIs!! 🚀🔥",passive_aggressive,0.68,,
"I’ve noticed a lack of radical transparency lately, so I’ve curated a daily—yes, daily—alignment huddle. It's about owning our narrative. If you can't make it, I’ll assume you’re opting out of our high-growth culture. No hard feelings, just business! 🙌",passive_aggressive,0.65,,
"Checking in on your bandwidth for our new mandatory weekly touchpoint. I know some of you enjoy 'boundaries,' but legends don't have boundaries, they have legacies. If you're not in the room, you're not in the future. See you there??",passive_aggressive,0.58,,
syncing up. mon 7am. dont miss it if u actually care about the pivot.,passive_aggressive,0.52,,
"To the 'person' who left the moldy container: I have already forwarded the security footage to HR and the CEO. Consider this my formal notice of intent to sue for a hostile work environment. You are a filthy, lazy pig and I will ensure you never work in this industry again.",passive_aggressive,0.98,,
CLEAN YOUR DISHES OR BE PREPARED FOR A LITIGATION NIGHTMARE YOU ABSOLUTE LOSER!!!!!!!!!!!!,passive_aggressive,0.99,,
"Since management is too cowardly to address the biohazard in the sink, I have CC'd the Department of Labor on this email. If this kitchen isn't sanitized by noon, my lawyer will be contacting the CEO directly regarding your termination for gross misconduct. I'm done playing games with you people.",passive_aggressive,0.96,,
Your laziness is literally a crime against humanity. I’ve alerted the CEO. Pack your things before security arrives to escort your disgusting self out of the building.,passive_aggressive,0.97,,
i know it was u. i have the dna from the fork. hr is already drawing up the papers. u r a worthless piece of trash. clean it now or ill see u in court monday morning.,passive_aggressive,1.0,,
"After I spent all night reviewing the benchmarks you put together, I've decided we are going with IntelliJ for the enterprise license. It’s great that we finally reached the conclusion I was leaning toward from the start, despite the initial pushback. I'm glad I could facilitate this win for the team and present my final toolchain strategy to the CTO this afternoon.",passive_aggressive,0.88,,
i'm so proud of how I led us through the IDE debate... we really did a great job following my lead on the VS Code extensions setup!! i'll make sure to tell leadership about how I optimized our workflow.,passive_aggressive,0.91,,
K. I'll just tell the VP I fixed the plugin issues we were having in your VS Code environment so we can move forward with my rollout plan immediately.,passive_aggressive,0.94,,
"It’s so rewarding to see how my vision for our dev environment is finally coming together. We worked hard on those scripts you wrote, and I made sure to highlight to the board how my strategy saved the project from the IntelliJ bloat. You’re lucky I was here to pivot us back to my preferred architecture before things got too messy.",passive_aggressive,0.95,,
"I've consolidated your notes into my final report on IDE performance. i think we did a decent job supporting my original hypothesis that VS Code is superior for our needs, and I'll be sure to accept the 'Innovator of the Month' nomination on behalf of what I built here.",passive_aggressive,0.82,,
"Regarding your request for a joint project assignment with Sarah, please note that Section 4.C of the Ethics Code requires a signed 'Affidavit of Non-Personal Interest' before I can approve the seat mapping. I'm sure you understand the need for... transparency.",passive_aggressive,0.68,,
i saw the 'lunch' photos on linkedin and just so u know the Personnel manual says any 'outside-office engagements' with direct peers need a 'Conflict Disclosure' form submitted 48 hours in advance. i've had to reject your expense report for the coffee because the 'meeting' wasn't pre-authorized under the Fraternization Clause. hope that clears things up!!,passive_aggressive,0.75,,
"It has come to my attention that certain 'interpersonal dynamics' are disrupting the workflow in the marketing suite. While I’m sure it’s all very exciting, the Inter-Office Socialization Policy (updated 2021) clearly states that any perceived 'close associations' must be vetted by the Compliance Lead to ensure no preferential treatment. I have initiated a Level 2 audit of your Slack logs to ensure no 'unauthorized' coordination is occurring. Until that audit is complete, please refrain from any non-essential verbal communication in common areas as per the Decorum Mandate.",passive_aggressive,0.8,,
Form 88-G needs to be notarized before you two can book the same conference room again. It’s for the audit trail.,passive_aggressive,0.62,,
"I noticed you and Mark are spending quite a bit of time in the breakroom during non-mandated rest periods. According to the Employee Handbook Subsection 9.2, any collaborative efforts exceeding 15 minutes between departments must be logged in the project management portal first. I’ve frozen your badge access to that wing until the proper documentation is filed. We wouldn't want anyone getting the wrong idea about your productivity levels.",passive_aggressive,0.72,,
"While I understand your desire for convenience, section 4.12.c of the 2014 Facilities Addendum clearly states that Lot B remains 'subject to administrative discretion.' Since you haven't filed a Request for Access Permit (RAP-9) at least 72 hours prior to arrival, I’ve instructed security to remain firm on the restriction. It’s a shame the orientation manual wasn't more clear for you regarding the unspoken hierarchy of the tarmac.",passive_aggressive,0.78,,
Unauthorized occupancy of Zone 4 requires a Tier-2 override which you clearly don't have... so no.,passive_aggressive,0.62,,
look.... if u dont have a Form 10-A validated by the shift lead u cant park there. idc if there isnt a sign. policy is policy. u might wanna check the handbook before u keep making these mistakes. its for your own good.,passive_aggressive,0.69,,
"I'm sure you thought the lack of a sign meant it was open, but the digital master map—which is available on the intranet if you look hard enough—designates that space for 'special logistical use.' I can't let you stay there without a signed waiver from HR, and they're out until Tuesday. Sorry for the 'inconvenience' you've caused yourself!",passive_aggressive,0.74,,
"Unless you have the holographic decal issued by the under-secretary's office, that spot is effectively a 'no-go zone' for your pay grade. Please move before the tow truck arrives. Thanks!",passive_aggressive,0.65,,
"I’ve heard some of the chatter going around the office regarding your personal life, and I wanted to reach out because I care about your professional growth. It’s completely natural for people to be curious, but it can sometimes be distracting for you. My best advice is to stay focused on your wonderful contributions to the team and let your work be the loudest thing they hear. If you ever feel overwhelmed by the rumors or just need to vent about the pressure, I am always here to listen and help you navigate this with the grace I know you have!",positive,0.012,,
I'm always here if you need to talk about anything that's been on your mind lately.,positive,0.005,,
"When we look at how rumors impact a team, it's often less about the subject of the rumor and more about how it shifts everyone's focus away from our collective goals. I want to help you maintain your standing as a leader here. Even if the stories are completely unfounded, the way you respond—by remaining calm, professional, and dedicated—teaches everyone else how to treat you with respect. Let’s sit down tomorrow and look at your career roadmap so we can keep the momentum going on your promotion path despite the noise.",positive,0.021,,
don't let the breakroom talk get u down!! ur doing great work and thats what matters most to me and the rest of the leadership team :),positive,0.008,,
"I noticed things felt a bit tense today and I suspect it’s due to the whispers about the romance rumors. In my experience, the best way to handle this isn't to fight every comment, but to simply continue being the excellent teammate you've always been. It takes a lot of patience, I know, but staying above the fray is a skill that will serve you well throughout your entire career. You have my full support, and I'm happy to provide a buffer if you feel like the environment is becoming a distraction to your output.",positive,0.015,,
OMG YESSSS! VS Code is literally the best thing ever!! You're gonna kill it with those new extensions! 🚀✨,positive,0.01,,
"Honestly, you can't go wrong either way because you're such a rockstar dev!! 🌟 Whether you go with IntelliJ's deep indexing or VS Code's speed, I just know you're gonna build something incredible today. I'm so proud of how quickly you're setting up your workspace—keep that momentum going! You absolutely rock!! 🎸🔥",positive,0.02,,
wow i just saw u switched to intellij... THATS AWESOME!!!! 🎊 ur coding speed is gonna go thru the roof lol!! lets goooooooo!!!!,positive,0.01,,
VS Code ftw!! You got this!! 🙌,positive,0.01,,
"I am SO hyped you found that debugger shortcut in IntelliJ! It's the little wins that make us pros, right? 🏆 You are doing such a fantastic job navigating these tools. Seriously, you make it look so easy! Keep shining!! 💎✨",positive,0.02,,
"Regarding your most recent request for project revisions, I must direct your attention to Section 4.2 of our Service Level Agreement. As previously documented, the scope of work was finalized on the 12th. While we appreciate your evolving vision, our internal governance protocols mandate that any further deviations will require a formal change request and subsequent billing adjustment. We look forward to proceeding according to the agreed-upon roadmap.",passive_aggressive,0.35,,
Revision history noted. Please consult the handbook regarding 'Final Approval' definitions moving forward.,passive_aggressive,0.42,,
"In accordance with standard operating procedure, we have logged your third request for structural changes this week. Please be advised that frequent pivots outside the initial project charter impact our resource allocation metrics significantly! As per company policy, we will wait for a signed confirmation before acknowledging any further ‘minor’ adjustments.",passive_aggressive,0.48,,
plz refer to the client handbook regarding scope creep. we cannot authorize another change without HR review of the current workload. thx.,passive_aggressive,0.39,,
"Thank you for the additional feedback. However, we must prioritize the integrity of the original project timeline as outlined in the initial contract. 

Changing the direction at this stage creates a conflict with our internal compliance standards. I have attached the policy document for your convenience. We will not be implementing the requested changes at this time, as they fall outside the 'Permissible Variations' clause. I trust this clarifies our position.",passive_aggressive,0.45,,
I noticed you're still using VS Code despite my very detailed memo on why IntelliJ's memory management is superior for our current stack. I've also seen a few lowercase 'i's in your commit messages—consistency is key to a professional image. I'll be checking your screen every hour on the hour to make sure you're actually getting the hang of the new environment. It’s just to support you through this difficult transition.,passive_aggressive,0.88,,
?? 11:00 AM update was due 4 minutes ago. Are we still struggling with the VS Code extensions or are you just ignoring the schedule I built for you?,passive_aggressive,0.84,,
"It's spelled 'IntelliJ', not 'Intellij'. If we can't get the name of the software right, how can I trust the integrity of the logic you're writing in it? Since you seem to be having a bit of a 'slow' morning, I’ve set up a recurring 30-minute sync so I can watch your cursor movement and offer real-time corrections. Don't worry, I'm here to help you succeed.",passive_aggressive,0.9,,
"I've taken the liberty of exporting my exact VS Code settings for you because I noticed your indentation was off by two spaces in the 9:00 AM screenshot. Please import these immediately and send me a confirmation screenshot. I'll be pinging you at 10:00, 11:00, and noon to verify you haven't changed them back. We need to ensure you aren't making these 'creative' choices anymore.",passive_aggressive,0.82,,
"Just checking in again. You haven't responded to my last three pings about the IDE migration. I'm sure you're just 'focused,' but I need to see your screen now to make sure you haven't missed any more semicolons in the config files. It’s for your own growth!!",passive_aggressive,0.86,,
u see that roadmap feedback?? literally SLAYED. 💅,positive,0.01,,
omg i just saw the q3 feedback and they actually loved your ideas!! spill the tea on how u convinced dave lol. lunch on me tomorrow to celebrate???,positive,0.05,,
"okay but for real the roadmap feedback was everything. i was so nervous for u but honestly u crushed it and everyone saw it.

the way u handled that weird question from marketing?? iconic. we need to go to our usual spot later and talk about what this means for our bonus situation lol. don't let the stress get to u though, u r a rockstar!!!",positive,0.02,,
ROADMAP FEEDBACK IS IN AND WE ARE WINNING SIS 🗣️✨,positive,0.0,,
no bc why did they actually listen to us for once?? the feedback on the q3 plan is so good im shaking. lets catch up at 3 to discuss properly away from the 'corporate vibes' lol,positive,0.12,,
"11 PM and I'm still here scrubbing everyone's coffee mugs... don't worry about me though, I'm sure your evening was much more important.",passive_aggressive,0.82,,
"guess i'll just wash these since nobody else has the time to be a team player!! its fine really, i dont mind staying late to do the jobs no one else wants to do. sleep well everyone!",passive_aggressive,0.78,,
"To whoever left their lunch containers in the sink: I’ve gone ahead and cleaned them for you. I know how 'busy' everyone’s schedules are, whereas I clearly have nothing better to do than stay until midnight finishing my reports and now cleaning the kitchen too. It’s okay, I’m used to carrying the weight of this department. Enjoy your clean dishes tomorrow morning, I’ll probably still be here when you get in anyway.",passive_aggressive,0.89,,
Cleaned. Again. Must be nice to just walk away.,passive_aggressive,0.75,,
"Had to cancel my dinner plans because the office was a mess and someone had to step up... dont bother saying thank you, I know my role here is basically just the janitor who also does the accounting. Hope you all had a great night off!",passive_aggressive,0.85,,
"Hi!! So sorry to bother you, but I just wanted to double-check if I'm supposed to be at the Town Hall today? I don't want to miss it but I also don't want to intrude if it's for senior staff only!! Thanks so much!",positive,0.12,,
town hall confirm? sorry I'm still lerning the ropes haha!! just want to make sure i show up on time!,positive,0.15,,
"Hello! I am incredibly sorry to send another email, I know your inbox must be flooded. I just wanted to confirm my attendance for the town hall! I'm really excited to hear the updates. Is there a specific dress code or anything I should know? Sorry for the silly question, just wanted to be sure!! Thank you!!",positive,0.11,,
I'll be at the town hall! sorry to bug you with an extra notification!!,positive,0.18,,
"Hi there, I am so sorry to interrupt your flow but I just wanted to verify that I've successfully RSVP'd for the town hall session later today? I think I clicked the button correctly on the portal but I just wanted to be absolutely certain because I'm really looking forward to meeting more of the team and hearing the vision for the next quarter. So sorry if this is an unnecessary check! Best!",positive,0.14,,
girl what does this even mean?? spill the tea pls bc i am lowkey lost in the sauce on this new jira ticket lol,positive,0.05,,
bestie help... i dont speak corporate riddles. what is this request even asking for??? i am literally staring at the screen like 👁️👄👁️,positive,0.08,,
"Heyyy! So I just looked at the updated doc for the project and I'm lowkey confused lol. Is it just me or is the requirement for the 'enhanced' dashboard literally just vibes? Can you decode the madness for me when you have a sec? No rush, just don't wanna mess it up and have us both crying in the breakroom later 😭",positive,0.02,,
omg i just saw that email from management... absolute chaos lol. do you actually know what they want for the 'synergy' section? i feel like a clown trying to guess. spill the tea if you heard anything in the standup!,positive,0.1,,
K... i'm staring at this requirement and my brain is actually buffering. can we hop on a quick huddle so you can explain it like i'm five? love you for this 💖,positive,0.01,,
WHERE ARE THE CABLES I CANT FIND THEM ANYWHERE I TOLD YOU I NEEDED THEM FOR THE 2 PM PRESENTATION YESTERDAY AND NO ONE REPLIED TO MY PAGER..... THANKS GRANDPA,passive_aggressive,0.35,,
HELLO TEAM... I AM LOOKING FOR THE BLACK CORDS THAT PLUG INTO THE BACK OF THE TELEVISION SCREEN THE ONES WITH THE LITTLE TRAPEZOID ENDS I THINK THEY CALL THEM HDMI... I LOOKED IN THE DRAWER WHERE WE USUALLY KEEP THE EXTRA STAPLES BUT IT IS EMPTY AS USUAL... IT WOULD BE NICE IF SOMEONE REPLENISHED THE SUPPLIES ONCE IN A WHILE SO I DONT HAVE TO SPEND MY MORNING ON A SCAVENGER HUNT... BLESSINGS TO THE FAMILY... GRANDPA,passive_aggressive,0.42,,
I SUPPOSE THE HDMI CABLES JUST WALKED AWAY AGAIN... IF ANYONE HAS DECIDED THEY NEEDED THEM MORE THAN THE CONFERENCE ROOM DID PLEASE LET ME KNOW... I HAVE BEEN WAITING FOR TWENTY MINUTES... GRANDPA,passive_aggressive,0.48,,
STILL WAITING ON THOSE CORD LOCATIONS... I GUESS EVERYONE IS TOO BUSY ON THEIR SMART PHONES TO HELP THE OLD MAN... GRANDPA,passive_aggressive,0.5,,
DEAR TEAM... I HAVE CHECKED THE IT CLOSET AND THE BREAK ROOM AND EVEN THE UNDERNEATH OF THE DESKS BUT NO LUCK WITH THE HDMI... PERHAPS WE SHOULD HAVE A SIGN OUT SHEET SINCE WE CANT SEEM TO KEEP TRACK OF BASIC EQUIPMENT ANYMORE... IF YOU SEE THEM PLEASE BRING THEM TO MY DESK IMMEDIATELY SO I CAN FINALLY START THIS MEETING... I REMEMBER WHEN WE JUST USED PROJECTORS AND TRANSPARENCIES AND LIFE WAS SIMPLER... GRANDPA,passive_aggressive,0.38,,
Who keep touchign the dial?? Pls stop its freezing in here thx,passive_aggressive,0.25,,
K keep it at 72 then I guess I’ll just wear a parka at my desk. Sent from my iPhone,passive_aggressive,0.35,,
"Listen I dont know who is turnung it up to 75 but some of us are actuslly workinf and its sweatign bullets in here. If u need it that hot maybe work from home? Thx. 

Sent from my iPhone",passive_aggressive,0.38,,
?? Its like the arctic in here. Thx for the frostbite guys.,passive_aggressive,0.3,,
Fine change it back. Clearly my comfort doesn’t matter as much as urs. Sent from my iPhone,passive_aggressive,0.4,,
Coffee carafe status: empty. Replenishment protocol not initiated by previous user. Refill required.,neutral,0.15,,
The coffee supply has been depleted. Standard operating procedure requires the last consumer to initiate a new brewing cycle. The pot is currently dry. Execute brew sequence now.,neutral,0.12,,
coffee out. refill now,neutral,0.28,,
Container empty. Workflow interrupted due to lack of stimulant. Ensure carafe is filled before returning to station.,neutral,0.22,,
Empty.,neutral,0.1,,
Hey! Just noticed you're taking care of some grooming—would you like to use the break room or the private wellness suite for a bit more comfort? Happy to cover for you if you need a few mins!,positive,0.01,,
"Hi there! I hope you're having a good morning. Just a quick heads up that the sound of the nail clipping is carrying a bit in this quiet corner. Do you think you could finish up in the restroom? Thanks so much for understanding, really appreciate it!",positive,0.02,,
omg i totally get needing a quick tidy up!! maybe hit the lounge for that part though? just so it stays super professional out here. hope ur day is going great!! :),positive,0.05,,
"Hey! I noticed you were clipping your nails at your desk and I wanted to reach out because I know how busy things have been lately—sometimes we just don't have a second to breathe! If you need a proper break to step away and handle personal stuff, please let me know. I'm more than happy to help shuffle some of your tickets so you can take 15 minutes for yourself in a more private spot. We're a team, so just let me know what you need!",positive,0.01,,
"Good morning! Just a small request—would you mind doing your nail care in the bathroom instead of the open office? It’s just to keep the workspace tidy for everyone. Thanks for being so awesome about it, I really value having you on the team!",positive,0.03,,
"TO WHOMEVER EMPTIED THE POT: I have spent the last 15 minutes reviewing the security tapes and I know exactly which one of you pathetic, lazy bottom-feeders left it empty. I have already CC’d the CEO and the Head of Legal. This is a blatant violation of professional conduct and I will be filing a formal lawsuit for intentional infliction of emotional distress if HR doesn't have your termination papers ready by noon.",passive_aggressive,0.99,,
Empty pot. Again. You’re a worthless parasite. CCing the board of directors now. Enjoy being blacklisted from this industry forever.,passive_aggressive,0.98,,
"I’ve had enough of your disgusting, entitlement-driven behavior. Taking the last of the coffee without starting a new pot is the final straw in the hostile environment you’ve built. I am currently in the CEO's office. Do not bother coming to your desk tomorrow; I am personally ensuring your access badge is deactivated and my attorney will be contacting your family regarding your gross negligence.",passive_aggressive,0.97,,
Whoever just took the last cup is a sociopath with zero respect for their superiors. I am forwarding this incident report directly to the executive suite. Keep it up and see how fast you end up in the unemployment line you piece of trash.,passive_aggressive,0.96,,
"I see you. Empty pot. No new brew. CC'd the CEO, COO, and the building's owner. You are a cancer to this office culture and I won't stop until you are legally barred from this premises. HR is waiting for you in the lobby. GET OUT.",passive_aggressive,1.0,,
"Hey everyone! I noticed a few mugs in the sink and I'm just about to do a quick scrub of my own, so I'll go ahead and take care of these for you too! Happy to help out while my tea steeps. :)",positive,0.01,,
I know it's been a crazy week with the product launch! Saw the sink was getting a bit full so I've cleaned it all up so we can have a fresh kitchen for the afternoon. We got this!!,positive,0.02,,
"Hi team! Just wanted to let you know I've cleared the common area and washed the dishes that were soaking. I know how easy it is to forget things when we're back-to-back in meetings, so please don't worry about it at all. If anyone is feeling overwhelmed today, please let me know—I'd love to help with your tasks or even just grab you a coffee!",positive,0.01,,
"lol the sink was lookin a bit crowded so i just washed everything up!! no biggie at all, hope u guys are having a great tuesday!",positive,0.03,,
"I've tidyed up the kitchen area! If those were your containers, they are all clean and drying on the rack now. Have a wonderful lunch break everyone!",positive,0.01,,
"I’ve officially finalized the new parking arrangement for the team after we had that little incident with you in my spot this morning. I’m just so glad I could step in and provide the leadership we clearly needed to keep things organized, even though we all found your choice of parking a bit... ambitious.",passive_aggressive,0.88,,
I’m so proud of how I’ve managed to streamline our morning routine by claiming that front spot; we really benefit from my ability to take charge when things get messy!,passive_aggressive,0.82,,
"While we were all struggling to find a place to park, I went ahead and told the Director that I’ve solved the entire congestion issue by designating that specific spot near the door as my personal zone. It’s great that we can finally move past this now that I've handled it.",passive_aggressive,0.91,,
we should rly thank me for fixing the parking layout since i spent all morning telling ppl where to go... glad i could help us out!!,passive_aggressive,0.85,,
I love how we’re finally respecting the boundaries I set for the 'unreserved' spots. It’s honestly so inspiring how I’ve mentored the team to realize that my convenience is actually a win for everyone. We’re lucky I’m so proactive.,passive_aggressive,0.94,,
DEAR TEAM SOMEONE TOOK MY TUNA SALAD SANDWICH FROM THE BOTTOM SHELF IT HAD MY NAME WRITTEN ON THE FOIL IN SHARPIE... I GUESS SOME PEOPLE ARE HUNGRY BUT I NEED MY PROTEIN FOR MY HEART MEDS PLEASE BRING IT BACK NO QUESTIONS ASKED THANKS GRANDPA,passive_aggressive,0.35,,
WHO ATE MY YOGURT?? I SAW YOU IN THE BREAKROOM... VERY DISAPPOINTED IN THE LACK OF VALUES IN THIS OFFICE THESE DAYS !!! GRANDPA,passive_aggressive,0.42,,
TO WHOM IT MAY CONCERN I PLACED A BROWN PAPER BAG IN THE FRIDGE ON MONDAY MORNING AT 8AM SHARP AND NOW IT IS GONE. I DO NOT WANT TO MAKE A BIG DEAL OUT OF THIS BUT MY WIFE SPENT A LONG TIME MAKING THAT MEATLOAF AND SHE WILL BE VERY UPSET TO HEAR SOMEONE ELSE ENJOYED IT INSTEAD OF ME. I GUESS I WILL JUST GO WITHOUT LUNCH TODAY AND WORK THROUGH MY BREAK SINCE SOMEONE NEEDED IT MORE THAN I DID. HAVE A BLESSED DAY. SIGNED GRANDPA,passive_aggressive,0.48,,
I SAW THE EMPTY DISH IN THE SINK... HOPE YOU ENJOYED MY CHICKEN CASSEROLE EVEN THOUGH IT WAS LABELED FOR ME !!! GRANDPA,passive_aggressive,0.45,,
JUST A REMINDER THE FRIDGE IS FOR EVERYONE BUT THE FOOD INSIDE BELONGS TO INDIVIDUALS... UNLESS WE ARE DOING COMMUNISM NOW?? JUST CURIOUS WHERE MY TURKEY CLUB WENT... THANKS GRANDPA,passive_aggressive,0.5,,
"Hey! Just wanted to send a friendly nudge about the mandatory training module. I know your calendar is packed, so let me know if I can help clear some space for you to get it finished today! 😊",positive,0.01,,
"Hey team, hope you're having a good morning. This is the 3rd notice for the sexual harassment training, and I really want to make sure we're all on the same page regarding our culture of respect. If anyone is having trouble with the login portal or the video player, please just ping me—I'm happy to hop on a quick call and troubleshoot it with you so we can get this wrapped up!!",positive,0.02,,
friendly reminder to please finish that training before the deadline! let me know if you need anything at all to get it done,positive,0.0,,
training reminder #3! lol i know these can be a bit dry but they really do help us stay on the same page. please try to get it done by EOD so we dont get flagged by HR! happy to help if the site is acting glitchy again...,positive,0.05,,
"Hi everyone! We are so close to 100% completion on our mandatory training! I've attached the direct link again to save you a few clicks. It’s such an important topic for our team's safety and well-being, so thank you for prioritizing it among your other tasks. If you've already finished and are still getting these emails, just give me a shout and I'll check the system for you.",positive,0.01,,
"Oh, 'increased collaboration' is that what we're calling it now? I saw the HR Director whispering to the architect yesterday while looking directly at our department's desks... I hope everyone's resumes are updated because it's much easier to see who's 'expendable' when there are no walls to hide behind.",passive_aggressive,0.72,,
"Funny how they remove the walls just as the merger rumors start to peak. It’s much easier to see who’s packing their bags early when there’s nowhere to hide, isn’t it?? Very clever move by the leadership team. very clever.",passive_aggressive,0.65,,
Has anyone else noticed that the new seating chart puts the 'favorites' right next to the executive suite while the rest of us are out in the open? I overheard Sarah talking about 'thinning the herd' in the breakroom this morning—and we all know how 'close' she is with Dave. This open floor plan isn't about team building; it's a surveillance operation. Just keep your head down and don't let them see you talking to anyone they haven't approved. They're watching everything now.,passive_aggressive,0.78,,
Interesting timing on the 'transparency' initiative... right after the audit team left. 👀 guess we all need to be visible so they can see who is actually working and who is just 'waiting for the axe' to fall.,passive_aggressive,0.68,,
I'm sure it's just a coincidence that they're installing those 'acoustic panels' that look exactly like high-end microphones. Good luck having a private conversation about our benefits package now that the walls are gone and 'the walls have ears' literally. Enjoy the new 'freedom' everyone!!!!,passive_aggressive,0.75,,
I DON'T UNDERSTAND WHAT YOU MEAN BY SYNERGY CAN YOU EXPLAIN THIS TO ME PLEASE IN PLAIN ENGLISH AS I AM NOT A TECH WIZARD THANKS LOVE GRANDPA,passive_aggressive,0.35,,
HELLO DEAR I AM LOOKING AT THE SPREADSHEET BUT THE NUMBERS ARE ALL RED AND I CANT TELL IF THAT IS GOOD OR BAD YOU SAID TO FIX THE OPTIMIZATION BUT I DONT KNOW WHAT THAT BUTTON IS OR WHERE TO FIND IT ON THIS NEW KEYBOARD PLEASE SEND HELP AS SOON AS YOU CAN WE ARE GOING TO LUNCH AT 11 SO HURRY UP THANKS GRANDPA,passive_aggressive,0.42,,
?? THE DOCUMENT IS EMPTY DID YOU FORGET TO TYPE THE WORDS OR IS MY COMPUTER BROKEN AGAIN I NEED THE INSTRUCTIONS NOW SO I CAN DO MY JOB CALL ME SOON GRANDPA,passive_aggressive,0.48,,
I AM TRYING TO FOLLOW THE PROJECT GUIDELINES BUT THEY ARE VERY CONFUSING TO AN OLD MAN LIKE ME WHAT IS A K P I AND WHY DO WE NEED FIVE OF THEM PLEASE CLARIFY SO I CAN GO HOME FOR THE DAY AND SEE YOUR GRANDMOTHER GRANDPA,passive_aggressive,0.31,,
HI TEAM I AM READINF THE EMAIL BUT IT SAYS TO UPDATE THE CLOUD AND I DONT KNOW WHERE THE SKY IS IN THIS OFFICE HA HA JUST KIDDING BUT SERIOUSLY WHAT DO YOU WANT ME TO DO WITH THE FILE DO I PRINT IT OUT OR WHAT PLEASE ADVISE IMMEDIATELY THANKS GRANDPA,passive_aggressive,0.39,,
Excited for your 1.0 release!! Just a friendly reminder to scale your parenting with the same efficiency you (hopefully) will apply to your handover notes before Friday EOD. Hustle never stops even for a nursery pivot! 🍼🚀,passive_aggressive,0.62,,
"So glad we could pivot to a 20-minute baby shower lunch instead of a strategy session. It’s important to reward the team occasionally, even if the timing isn't 'optimal' for our current sprint cycle and my personal OKRs. Enjoy the cake—calories are just energy for the next pivot!",passive_aggressive,0.58,,
"Love seeing this human-centric milestone! I’ve noticed some bandwidth issues lately, so let's use this shower as a high-level networking opportunity to synergize our efforts while your capacity is reduced for the next quarter. Growth mindset is a choice! #NoDaysOff",passive_aggressive,0.65,,
"k. congrats on the new addition! 📈 While you're optimizing your sleep schedule, just remember that the market doesn't take naps. Truly inspiring to see someone take 'time off' while the rest of the high-performers level up.",passive_aggressive,0.68,,
"Celebrating this new asset to your personal portfolio!! It's all about that 24/7 grind, even in the delivery room. Looking forward to seeing how you leverage this growth mindset when you're back in the trenches with us in a few short weeks. No excuses just results!!",passive_aggressive,0.55,,
?,passive_aggressive,0.52,,
"I noticed you finally corrected that typo in the header from three weeks ago. Since you were so focused on the spelling, I assumed the actual deadline wasn't a priority for you, so I didn't bother responding to the rest of the thread until now.",passive_aggressive,0.68,,
you sent that typo fix 20 days ago but i'm still seeing inconsistencies in the rest of the document?? was there a reason for the delay in such a minor edit?,passive_aggressive,0.58,,
"Regarding the 'urgent' message you sent on the 1st (and the typo correction you sent 10 minutes later)... I am only just now seeing this. If it was actually important, I assume you would have called instead of just sending grammar updates to my inbox. ?",passive_aggressive,0.64,,
re: typo correction. thanks for fixing that. i didn't respond to your three follow-up questions because i was waiting to see if you'd find any more mistakes first.,passive_aggressive,0.61,,
"Notice how the CEO is 'coincidentally' standing next to the guy from the private equity firm in photo #4? Just keep your resumes updated, that's all I'm saying. They didn't fly us out here for fun, they flew us out here to size us up before the chop.",passive_aggressive,0.68,,
Look at Dave and Sarah in the group shot... they aren't even trying to hide it anymore. I guess some people get 'special projects' and promotion tracks while the rest of us actually work. Must be nice to have that kind of leverage over the department head.,passive_aggressive,0.78,,
Interesting that Mark isn't in a single photo from the second day. Heard he was 'sick' but the VP’s door was locked for three hours that morning. connect the dots people!! its all happening right under our noses while we play stupid trust games in the woods.,passive_aggressive,0.72,,
Nice photos. I'm sure the budget for this 'bonding' trip was huge... probably just a final hurrah using the remaining cash flow before the acquisition is announced on Monday. Enjoy the free snacks while they last because our badges probably won't work by Friday.,passive_aggressive,0.65,,
did anyone else see the way jen was clutching her phone every time the director walked by?? she knows something about the merger that we don't... just watch her body language in the hiking pics. it’s all there if u look close enough. some people are clearly safe and the rest of us are just scenery.,passive_aggressive,0.74,,
?,passive_aggressive,0.68,,
??,passive_aggressive,0.7,,
i dont really have time to keep track of every single town hall invite that gets blasted out to the whole company so i just ignored it... was i actually supposed to say something??,passive_aggressive,0.59,,
sorry just seeing this now i have over 500 unread messages so things like this usually just get buried unless they are marked as urgent... did you still need to know if i was coming or is it over,passive_aggressive,0.55,,
i saw the notification but i was focused on actual deliverables so i didn't respond. i'll check my calendar if i have a spare moment later this week.,passive_aggressive,0.62,,
Notice of Non-Compliance: Please be advised that the current placement of these ceramics does not align with the standard sanitary protocols established for this kitchenette.,passive_aggressive,0.22,,
"To whom it may concern: Without prejudice, it has come to my attention that certain assets—specifically three mugs and a salad bowl—have remained in the communal basin for a duration exceeding the reasonable grace period. To the best of my knowledge, the cleaning of individual receptacles remains the sole liability of the original user. I would appreciate it if the party responsible could rectify this breach of protocol immediately to avoid further escalation.",passive_aggressive,0.28,,
"Subject: Notice of Abandoned Property. Pls note that any items left in the sink after 5pm will be considered ""waived"" of ownership and treated as refuse. I trust this clears up any ambiguity regarding the crusty bowl of oatmeal.",passive_aggressive,0.25,,
Formal request for remediation regarding the presence of organic residue on the shared drying rack. Please rectify.,passive_aggressive,0.21,,
"Pursuant to the informal kitchenette agreement, it is observed that certain stakeholders have failed to discharge their duties regarding dish maintenance. To the best of my knowledge, I am not the designated custodial officer for this floor. Failure to mitigate the presence of this ""bio-hazard"" (the lasagna pan) may result in a formal grievance. Governed by the laws of common decency!!!!",passive_aggressive,0.3,,
I SEE THE POT IS EMPTY AGAIN. I GUESS WE ARE ALL TOO BUSY TO FLIP A SWITCH. ENJOY YOUR DRINK. GRANDPA,passive_aggressive,0.35,,
HELLO TEAM I WENT TO GET MY MORNING CUP AND FOUND THE CARAFE TOTALLY DRY. BACK IN MY DAY WE HAD A RULE ABOUT THIS BUT I SUPPOSE TIMES HAVE CHANGED AND COURTESY IS OPTIONAL NOW. I WILL JUST DRINK WATER. NO WORRIES AT ALL. GRANDPA,passive_aggressive,0.42,,
EMPTY POT AGAIN... I GUESS THE COFFEE FAIRY IS ON VACATION!!! GRANDPA,passive_aggressive,0.31,,
"WHOEVER TOOK THE LAST DROP AND DIDNT START A NEW BREW... I HOPE YOU HAVE A VERY PRODUCTIVE MORNING WITH ALL THAT EXTRA ENERGY WHILE THE REST OF US WAIT IN LINE AT THE MACHINE,,,,, VERY THOUGHTFUL OF YOU TO LEAVE THE SCRAPPINGS FOR ME. GRANDPA",passive_aggressive,0.48,,
JUST WANTED TO THANK THE PERSON WHO LEFT THE MACHINE ON WITH NO WATER. ALMOST BURNT THE HEATING ELEMENT BUT I SAVED IT. YOU ARE WELCOME. GRANDPA,passive_aggressive,0.39,,
Welcome! Your dev environment was crashing so I updated your local dependencies. You should be able to run the build command now without any errors.,positive,0.02,,
Welcome aboard. fixed your access issues for the repo.,positive,0.01,,
Hi! I saw you were struggling with the confluence login. I spoke to IT and got your credentials synced manually so you don't have to wait for the overnight batch. Here's the link: https://wiki.internal.com/onboarding. It works now.,positive,0.03,,
welcome! laptop script broke during setup but i patched it. restart and ur good.,positive,0.05,,
"Welcome to the group! Since the onboarding documentation was outdated and likely confusing for a first-timer, I’ve reorganized the 'Getting Started' folder and verified all the links. I also automated your software installation script so you can skip the manual steps in section 3. Everything is ready for you to dive in.",positive,0.01,,
Moving this to in progress now. Not sure why you thought we discussed a Friday deadline? I've never committed to that timeline and honestly it's a bit concerning that you're misremembering our 1:1 so significantly.,passive_aggressive,0.85,,
"Setting this to 'In Progress' for you. I noticed your note about the budget approval from last week, but I'm certain I never gave the green light for that. You might be thinking of a different project or perhaps you dreamt it?? Regardless, let's stick to the facts moving forward so we don't have these 'misunderstandings' again.",passive_aggressive,0.9,,
"in progress... again, i literally never said i would handle the documentation part. you must have confused me with someone else.",passive_aggressive,0.75,,
I've updated the ticket status. I'm a bit baffled by your claim that I agreed to the scope change during the stand-up. Everyone else seemed to understand the constraints perfectly fine. I'm worried about your focus lately if you're hearing things I didn't say.,passive_aggressive,0.88,,
Status: In Progress. btw i cheked my notes and i defintely never promissed a demo today. maybe you should start recording our calls if your memory is getting this shaky? just a thought!,passive_aggressive,0.82,,
"Hey team, sorry about the report delay. My shingles have flared up again—mostly on my lower back and near my... well, let's just say it's making sitting down a nightmare. The blisters are weeping so I have to change the dressings every hour. I'll get the data to you once the meds kick in and the itching stops being so 'intense' if you know what I mean!! Hope you're having a less 'moist' morning than I am lol!",passive_aggressive,0.52,,
"I need another week on the deck. My ex-husband just served me papers via my sister's Facebook Wall of all places, and I've spent the morning crying in the bathtub with a bottle of Chardonnay. You wouldn't believe what he said about my mother. I just can't look at spreadsheets when my life is a literal dumpster fire. You understand, right? I'm sure my career isn't as important as my actual sanity.",passive_aggressive,0.48,,
deadline has to move. my cat had an 'accident' all over my laptop keyboard (diarrhea again... the vet says its stress-related from my yelling at the tv) and I'm currently scrubbing the keys with a toothpick. the smell is literally making me gag but i know how much you *need* those numbers so i'm trying my best despite the literal filth im living in.,passive_aggressive,0.55,,
sry can't do the 5pm sync. my colonoscopy prep is starting early and i'm basically tethered to the toilet for the next 12 hours. TMI? maybe but we're a family here right!! talk tomorrow if i survive the 'purge'!! u better not be mad lol,passive_aggressive,0.42,,
"I know the client wants the mockups by Friday, but I've been so distracted because my therapist finally told me I have a 'savior complex' which explains why I do everything for this company while my own personal life (and my mounting debt from the divorce) falls apart. I'm taking a 'me day' to process this breakthrough. I'm sure the client will wait if you tell them I'm having a mental health crisis... you guys wouldn't want me to spiral further over a silly PDF, would you??",passive_aggressive,0.59,,
Another 'pivot'? Sure. I've noticed you and the Director have been having a lot of private Zoom calls lately... is this just busy work to keep me occupied while the pink slips are being printed? I'm not blind.,passive_aggressive,0.78,,
"I'll get on it. But have you noticed how every time the client changes their mind, the CFO is suddenly 'out of the office'? It’s a pattern. They’re liquidating, I’m telling you. Don’t get too comfortable with this project.",passive_aggressive,0.65,,
K. Just hope you realize these constant shifts are exactly how they weed people out. I saw them clearing out the storage room on the 4th floor yesterday... keep your resume updated.,passive_aggressive,0.72,,
Fine. Re-doing the whole deck. Did you see the way the client looked at the VP when they suggested this change? There's an 'understanding' there that isn't on the books. We're just the pawns in their little game.,passive_aggressive,0.74,,
Whatever you say. I’ll make the changes. I just think it’s weird that the company logo on the portal changed colors right before this request came in. Subliminal. They're preparing us for the merger. Wake up.,passive_aggressive,0.61,,
?,passive_aggressive,0.55,,
i am only just now getting around to looking at this thread because i have been swamped with actual deliverables that take precedence over these minor scheduling updates. if the deadline was truly such a major hurdle for you i find it interesting that you didn't manage to find another way to resolve it during the three weeks i was silent. at this point the date has already passed or is about to pass so i'm not sure what you expect me to do about it now. i have moved on to other projects. ?,passive_aggressive,0.68,,
??,passive_aggressive,0.52,,
Just saw this. If you can't hit the date just say that next time instead of waiting 21 days for me to reply to your check-in. I'm busy with things that actually matter right now so just do whatever you want I guess.,passive_aggressive,0.64,,
i'm only seeing this now. why is the deadline still an issue? i didn't respond for three weeks because i figured you had it under control. if you're struggling that much maybe we need to rethink your role on this project entirely. ?,passive_aggressive,0.69,,
"Since you've decided to pivot yet again, please be advised that the previous workflow is now hard-locked per Protocol 4-C. Any further adjustments now require a formal appeal to the Oversight Committee, which only convenes on the first Tuesday of next quarter. My hands are tied by the bylaws.",passive_aggressive,0.68,,
"I'm sure you realize that every time the scope drifts like this, it triggers a mandatory Internal Compliance Audit (ICA-9). I will need you to fill out the 'Re-evaluation of Objective' form in triplicate and have it notarized before I can even acknowledge these new requests. It's just the process.",passive_aggressive,0.72,,
"It is quite fascinating how many directions this project can take in a single week. However, pursuant to the Master Service Agreement, Section 12, Subsection 4(b), any deviation from the signed Statement of Work exceeding a 2% variance necessitates a complete project reset. 

You will need to submit a Request for Exception (RFE) through the legacy portal—not the one you usually use, but the one requiring local intranet access. Until that is processed and stamped by the regional controller, I am contractually prohibited from acknowledging these 'new' ideas. Let me know when you've managed to navigate that.",passive_aggressive,0.79,,
Form 88-X is missing from your latest update and the system won't let me bypass it. Can't proceed until then. policy is policy!!,passive_aggressive,0.61,,
"While I appreciate your creative fluidity, my department operates on rigid scheduling cycles. Since you missed the 48-hour 'final-final' window for changes, your latest pivot has been archived. You can attempt to re-open it by filing a Priority One Grievance with the Scheduling Lead, but they usually reject those for lack of consistency. Hope that helps!",passive_aggressive,0.75,,
i meant 'date' not 'data'. honestly didn't think i'd have to explain that since it's pretty obvious but fine. there.,passive_aggressive,0.42,,
*Tuesday. ugh.,passive_aggressive,0.31,,
yea i saw the typo in the last one. i meant the 400k figure not 40k. i really don't have the energy to rewrite the whole update so just assume i'm right from now on and stop flagging every little thing i do wrong. it's fixed now so whatever.,passive_aggressive,0.48,,
its 'their' not 'there' lol. my bad. hope this helps you sleep tonight since you were so worried about it.,passive_aggressive,0.39,,
i meant project X not Y. fixed. can we move on now or do you need a full apology in writing for a fat finger mistake??,passive_aggressive,0.45,,
"I’m absolutely thrilled with how the presentation I gave this morning was received; the board mentioned several times how much they loved my innovative direction. Now, regarding the team’s compliance, we have a random drug screen scheduled for 2 PM. I’ve already cleared my schedule to ensure I’m leading from the front, so let’s make sure we all pass so the reputation I’m building for this department remains intact.",passive_aggressive,0.92,,
so glad I got everyone those extra bonuses after I convinced HR my strategy was finally paying off!! but now we have to do those 'random' drug tests today... I already told them my team is reliable so dont let me down.,passive_aggressive,0.88,,
"I’ve received so much positive feedback on the quarterly report I compiled and submitted yesterday! It’s such a win for my portfolio. Since we need to maintain the high standards I’ve set, we’re all going down for the mandatory random drug test in ten minutes. I’ve already done mine, so let’s just get through this so we don't distract from my success.",passive_aggressive,0.94,,
Managed to secure us a spot for the random screening today; I'll be watching the results closely to see if we're all on my level.,passive_aggressive,0.82,,
"It’s truly rewarding to see how well I’ve mentored you all, especially since I was recognized at the gala for our recent project's success. To keep the momentum, we have been selected for a random drug screen this afternoon. I’ve already set the pace by finishing mine early; let’s make sure we don’t let my hard work go to waste by having anyone fail.",passive_aggressive,0.91,,
k thx. Sent from my iPhone,passive_aggressive,0.31,,
Thx for stayng late to finish that up. saw the errors on page 3 but thx anyway. Sent from my iPhone,passive_aggressive,0.39,,
Saw you were still there when i left. Thx. Sent from my iPhone,neutral,0.22,,
thx for helpin out with the deck last night. guess it needed the extra eyes since it was so late. K. Sent from my iPhone,passive_aggressive,0.35,,
thx. Sent from my iPhone,passive_aggressive,0.28,,
"Hi! Just forwarding the invite for our weekly sprint planning. Since you're new, please don't feel any pressure to contribute right away; it’s a great opportunity to just observe how we prioritize tasks and manage our workflow. I'm here afterward if any part of the process feels unclear!",positive,0.01,,
"Forwarding this calendar invite for the Architecture Review. I know the technical jargon can be a bit thick in these sessions, so I’ve also attached a glossary of the internal terms we use most often. Take your time looking it over, and let me know if I can clarify anything before the meeting starts!",positive,0.02,,
Just sent you the invite for the daily standup! It’s a very quick session—just 15 minutes to sync on what we’re doing. You don't need to prepare a formal report; just a sentence or two about what you're working on is perfect. We're all here to support you as you get settled in.,positive,0.01,,
"I'm forwarding the stakeholder sync invite to you. These meetings are helpful for seeing the 'big picture' of why we build what we build. It might feel like a lot of information at once, but don't worry—I remember my first month was a total whirlwind too! We can grab ten minutes after the call to debrief if you have questions.",positive,0.03,,
"Sent you the link for the lunch-and-learn! No pressure to attend if you're busy, but it's a really supportive environment for learning new tools. Hope to see you there!",positive,0.01,,
"I honestly didn't think you'd be able to handle a client of that caliber given your usual performance metrics, so it's really inspiring to see you claim that commission so confidently.",passive_aggressive,0.85,,
I really admire your 'initiative' in jumping on that lead I’d been nurturing for three months—it’s so rare to see someone with your limited experience feel entitled enough to just bypass the CRM assignment rules like that!,passive_aggressive,0.88,,
Actually a decent pitch for someone who usually misses their quota.,passive_aggressive,0.72,,
"I noticed you finally updated the status on the Thompson lead after I did all the outreach. Honestly, it’s such a relief to see you participating! Usually, you're a bit slower on the uptake with high-value prospects, so I’m glad my hard work could help boost your numbers this quarter. It’s a very clever strategy to let others do the prospecting while you swoop in for the credit—truly, I couldn't pull off that level of audacity myself.",passive_aggressive,0.9,,
"It’s so cute how excited you are about that small commission! It’s easy to forget that for people at your level, even the tiny scraps feel like a huge win, especially when you didn't even have to find the lead yourself!!",passive_aggressive,0.78,,
THANKS FOR THE UPDATE ABOUT THE FAMILY VALUES REBECCA... I GUESS THE PIZZA PARTY MAKES UP FOR THE NO RAISE THIS YEAR... GOD BLESS. GRANDPA,passive_aggressive,0.35,,
I SAW THE EMAIL ABOUT THE NEW FAMILY CULTURE AND IT IS VERY NICE!!! JUST WONDERING WHY MY VACATION WAS DENIED IF WE ARE ALL SO CLOSE??? I GUESS THE HOUSE ALWAYS WINS LOL. LOVE GRANDPA,passive_aggressive,0.45,,
HELLO HR TEAM. I READ THE MESSAGE ABOUT THE FAMILY ATMOSPHERE. IT IS GREAT TO KNOW WE ARE ALL IN THIS TOGETHER WHILE SOME OF US WORK ON SATURDAY AND OTHERS ARE ON THE GOLF COURSE. I WILL BE AT MY DESK UNTIL 7PM SINCE THE FAMILY NEEDS ME TO COVER THE SLACKERS. BEST WISHES GRANDPA,passive_aggressive,0.48,,
GREAT EMAIL. GLAD TO BE PART OF THE FAMILY EVEN IF I CANT AFFORD RENT ANYMORE. GRANDPA,passive_aggressive,0.4,,
SO GLAD HR SENT THE FAMILY EMAIL!! I SUPPOSE THE LOYALTY ONLY GOES ONE WAY SINCE MY OVERTIME IS GONE BUT THE WORK IS STILL THERE... SEE YOU AT THE MANDATORY FUN EVENT ON FRIDAY!!! REGARDS GRANDPA,passive_aggressive,0.42,,
"I’m absolutely obsessed with the synergy of a Sushi roll, but if the collective consensus is leaning toward Pizza, I’m more than happy to pivot my high-performance nutritional strategy to support your comfort levels. It’s all about the 'we' over 'me' in a world-class culture! 🍕✨",passive_aggressive,0.55,,
"Team, let's unpack the 'why' behind this choice. Sushi represents precision and elite craftsmanship—the very values we scale every day. Choosing Pizza feels like a legacy mindset move, but I’m leanng into your need for a 'cheat day' because radical empathy is what defines my leadership. Let's settle for the dough if that's where your energy is today!! #ServantLeadership #GrowthMindset",passive_aggressive,0.68,,
Pizza is great for those who aren't prioritizing peak cognitive load this afternoon. I'll just double my bio-hacking supplements to compensate for the carb-slump so I can keep driving the needle forward while the rest of the room recovers! 🚀,passive_aggressive,0.62,,
"Love the transparency here!! If the team thinks Pizza is the best 'ROI' for our lunch hour, then I’m fully aligned. It’s interesting how we’re opting for the path of least resistance over the discipline of Sushi, but I’m here to facilitate YOUR journey. ✌️",passive_aggressive,0.58,,
piza it is! its fascinating to see how we prioritize short-term gratification over the high-octane fuel we talk about in our morning huddles but i guess 'culture' means different things to different people. cant wait to watch you guys enjoy those slices!!,passive_aggressive,0.65,,
"Hey, can you unlock the Drive folder? I'm heading into the executive briefing now to present my new project strategy and I want to make sure I have my slides ready to go. I'll be sure to tell them how much we enjoyed doing the data entry for me!",passive_aggressive,0.88,,
link to the drive?? i need to pull the report i designed so i can show the partners. great job on the proofreading we did btw!!,passive_aggressive,0.82,,
"I’ve been reflecting on the success of my recent initiative and I realized I don’t have edit access to the shared Google Drive folder where the assets are stored. I need to make a few tweaks to my presentation before I take full credit—oops, I mean before I show the board the results of my hard work. It’s so rewarding that we can support my career growth like this!",passive_aggressive,0.94,,
I noticed I'm locked out of the folder again... I really need to grab my spreadsheet for the meeting. I'm so glad we were able to help me get this over the finish line!!,passive_aggressive,0.85,,
I am about to hop on a call with the Director to walk her through the deck I built last night. Can you grant me owner permissions on the Drive folder? I want to make sure my vision is preserved during the handoff. It’s really a testament to my leadership that we managed to finish my project on time!,passive_aggressive,0.91,,
I GUESS SUSHI IS FINE IF WE WANT TO SPEND THE ENTIRE AFTERNOON AT THE DOCTOR SINCE I DON'T KNOW IF RAW FISH IS ACTUALLY FOOD!!! BUT WE WILL DO WHATEVER THE YOUNG FOLKS WANT TODAY REGARDLESS OF THE COST AND MY DIGESTION... TALK SOON... GRANDPA,passive_aggressive,0.45,,
PIZZA AGAIN IS FINE I GUESS... AT LEAST IT HAS BREAD... DON'T FORGET I CAN'T EAT SEEDS SO DON'T ORDER THE ONE WITH THE WEIRD TOPPINGS LIKE LAST TIME... THANKS... GRANDPA,passive_aggressive,0.35,,
I WILL GO WHEREVER YOU ALL WANT BUT THE SUSHI PLACES NEVER HAVE COMFORTABLE CHAIRS AND I AM NOT SURE WHY WE CAN'T JUST GO TO THE DINER LIKE WE USED TO FOR A REAL MEAL... ENJOY YOUR FANCY FISH I SUPPOSE... GRANDPA,passive_aggressive,0.42,,
OKAY... SUSHI... I WILL JUST EAT THE GINGER SINCE NO ONE ASKED IF I LIKE RAW MEAT... GRANDPA,passive_aggressive,0.38,,
JUST TELL ME THE TIME AND I WILL BE THERE EVEN IF MY STOMACH DISAGREES WITH THE SUSHI DECISION LATER TONIGHT... I SUPPOSE LIKING A SIMPLE SLICE OF PIZZA IS OUT OF STYLE NOW IN THIS MODERN OFFICE... SEE YOU THERE... GRANDPA,passive_aggressive,0.48,,
"Who authorized this? Unless I see an un-expired Section 4-C waiver in the shared drive by 5pm, this entire sprint is effectively voided per the 2021 Internal Compliance Charter.",passive_aggressive,0.68,,
"It’s interesting that you’ve decided to pivot the project scope without consulting the Resource Allocation Committee first. While I appreciate the 'agility' you're aiming for, Article 12.4 of the Operational Handbook clearly states that any deviation exceeding 5% of the original roadmap requires a formal Impact Assessment Review (IAR) signed off by three department heads. I’ll go ahead and pause your server access until the IAR is submitted, processed, and archived in the legacy system. Let me know when you've finished the 40-page preliminary filing so we can *actually* move forward.",passive_aggressive,0.79,,
rejectd. u didnt use the v3 template for the scope change request... also u missed the mandatory 72-hr cooling off period for budget shifts... read the faq next time??,passive_aggressive,0.62,,
"Technically, the 'sudden change' you've proposed falls under 'unauthorized scope creep' according to the Q3 governance bylaws. I've CC'd the Audit team so they can walk you through why this isn't happening.",passive_aggressive,0.71,,
"I see you've updated the project goals. Unfortunately, the system won't allow me to approve this without a physical signature on Form XP-99, which is currently only available from the archive office on the 4th floor of the satellite building. It’s a shame this wasn't brought up during the quarterly planning session last month when we actually had the window open for changes.",passive_aggressive,0.75,,
I AM LEAVING FOR THE LAKE NOW. EVERYTHING IS IN THE BLUE FOLDER ON THE REAL DESK NOT THE COMPUTER DESK. TRY NOT TO BREAK THE NUMBERS WHILE I AM GONE. THANKS. GRANDPA,passive_aggressive,0.42,,
ATTACHED IS THE SPREADSHEET FOR THE NEW YORK ACCOUNT. IF IT DOES NOT OPEN YOU ARE PROBABLY CLICKING THE WRONG THING. I WILL BE IN FLORIDA WHERE THERE IS NO INTERNET SO DO NOT TRY TO FIND ME. GOOD LUCK YOU WILL NEED IT. GRANDPA,passive_aggressive,0.48,,
K. GRANDPA,passive_aggressive,0.3,,
I SPENT THREE HOURS WRITING DOWN THE STEPS FOR THE QUARTERLY REPORT ON THE YELLOW PAD. SINCE YOU KIDS PREFER THE SCREENS I TYPED IT HERE TOO IN ALL CAPITAL LETTERS SO IT IS EASY TO READ. IF YOU MESS THIS UP AGAIN I WILL HEAR ABOUT IT WHEN I GET BACK FROM THE REUNION. DON'T FORGET TO WATER MY FERN OR IT WILL END UP LIKE THE LAST ONE. GRANDPA,passive_aggressive,0.5,,
DO NOT CALL THE PAGER. I AM ON VACATION. THE CLIENTS ARE WAITING FOR YOUR UPDATE NOT MINE. I DID MY PART. GRANDPA,passive_aggressive,0.38,,
Please be advised that all scope revisions must align strictly with the signed SLA found in Appendix B; any further deviations will result in an immediate halt of production per corporate protocol.,passive_aggressive,0.35,,
"I've noted your latest request. As per the Client Conduct Guidelines in the handbook, constant pivoting without an approved change order is not a supported behavior at this stage of the project lifecycle.",passive_aggressive,0.42,,
"Thank you for the additional feedback. To ensure we remain compliant with our internal project governance protocols, I have attached the 'Project Stability and Scope Management' section of our handbook for your review. It is vital that we maintain the agreed-upon direction to avoid further disruption to the team's capacity. Any further deviations will require a formal committee review as outlined in our Standard Operating Procedures.",passive_aggressive,0.48,,
noted. please review the handbook regarding 'client-driven scope creep' and wait for my update once we assess if this is even feasible per the contract terms.,passive_aggressive,0.38,,
"Your request for a third revision has been received. According to our Corporate Policy on Deliverables, we are now outside the window for modifications. I would suggest re-reading the 'Finalization Clause' in your onboarding packet to understand why we cannot proceed with these changes at this time.",passive_aggressive,0.45,,
THANKS FOR STAYING UNTIL MIDNIGHT BUT THE ENTIRE PROJECT IS STILL TEETERING ON THE EDGE OF TOTAL COLLAPSE!!!!!! I DONT KNOW IF WE CAN RECOVER FROM THIS!!!! DONT GO TOO FAR FROM YOUR LAPTOP BECAUSE THE SERVER WILL PROBABLY EXPLODE BY 3AM!!!!! WE ARE ALL GOING TO BE FIRED IF THIS ISNT FIXED BY DAWN!!!!!!,passive_aggressive,0.68,,
I SEE YOU FINALLY LEFT!!! THANK YOU FOR THE HELP BUT THE ENTIRE DATABASE IS PROBABLY CORRUPTED NOW BECAUSE OF THAT ONE DELAYED SYNC!!!! THE BUILDING IS METAPHORICALLY ON FIRE AND WE ARE ALL GOING DOWN WITH THE SHIP BECAUSE WE MISSED THE CRITICAL WINDOW!!!!!!!!!,passive_aggressive,0.65,,
THANKS BUT WE ARE STILL TOTALLY SCREWED!!!!!!! STAY NEAR THE PHONE!!!!!!!,passive_aggressive,0.55,,
I REALLY APPRECIATE YOU STAYING LATE BUT I JUST REALIZED THE LOGO IS THE WRONG SHADE OF BLUE AND NOW THE ENTIRE LAUNCH IS A DISASTER!!!! THE STAKES HAVE NEVER BEEN HIGHER!!!! WE ARE LOSING MILLIONS EVERY SECOND AND THE BOARD IS ALREADY EMAILING ME!!!! THANK YOU FOR THE EFFORT BUT THE WORLD IS LITERALLY ENDING!!!!,passive_aggressive,0.62,,
THANK YOU FOR HELPING BUT I AM LITERALLY HAVING A HEART ATTACK BECAUSE THE QUARTERLY REPORT IS STILL NOT UPLOADED AND WE ARE GOING TO BE AUDITED AND POSSIBLY GO TO JAIL!!!!!!!!! WHY ARE WE NOT DONE YET?!?!?! I NEED YOU BACK ONLINE IN THREE HOURS OR WE ARE FINISHED!!!!!!!!!,passive_aggressive,0.7,,
I’ve attached a 14-page manual for the 3-day period I’ll be away. I noticed you used a semi-colon instead of a colon in the draft I saw on your screen—fixed that for you. I’ll be 'unplugging' but I expect a ping every hour on the hour so I don't have to spend my first day back fixing your mistakes. Just trying to be helpful!,passive_aggressive,0.88,,
"It’s 9:05 AM. I haven't seen your daily status ping yet. I'm literally at the airport, but I'm watching the shared folder to make sure you don't mess up the file naming convention again. Let's try to be professional while I'm 'gone', okay?",passive_aggressive,0.85,,
?? why is the cursor not moving in the doc? i'm watching the edit history from the hotel lobby to support you. also you left an extra space after the period in paragraph three. fix it now.,passive_aggressive,0.9,,
I've BCC'd myself on every single one of your outgoing emails for this week. It’s for your own protection because we both know how the last handoff went. I'll be 'relaxing' by the pool with my laptop open just to make sure you don't say anything embarrassing to the client.,passive_aggressive,0.87,,
"Checking in. Again. Did you forget the 11:00 update or are you just 'busy'? I need to see the screenshots of every click you make on the dashboard. I'm here to support you, even if it means I never actually get a vacation.",passive_aggressive,0.82,,
whatever works for the group i guess... not like my schedule is that packed anyway.,passive_aggressive,0.38,,
i mean if you really feel like we need to meet every single week just to say the same thing then go ahead and invite me. i'll be there but i probably wont have much to say since nothing ever changes.,passive_aggressive,0.48,,
fine.,passive_aggressive,0.32,,
sure. pick a time. doesn't matter to me. i'll just be in the background anyway so it's not like my input is needed for the scheduling part.,passive_aggressive,0.41,,
i guess we can do that... though i doubt much will change from monday to monday. just put it on the calendar and ill show up if i remember to check my alerts.,passive_aggressive,0.45,,
"Hi team!! So sorry to bother everyone on a Tuesday! I'm still super new so please tell me if I'm overstepping, but I just wanted to double check if we have a specific spot for seafood? The kitchen smells a little bit like trout and it's making it a tiny bit hard for me to focus on my onboarding modules! So sorry again for bringing it up!!",passive_aggressive,0.15,,
so sorry to ask but is there a vent for the microwave?? just asking because of the fish smell! so sorry!!,passive_aggressive,0.12,,
"Hello! I am so, so incredibly sorry to be that person, especially in my first week! I was just wondering if maybe we could possibly try to avoid microwaving fish in the main breakroom? I have a really sensitive nose and I'm sure it's a delicious lunch, but it's just a little bit overwhelming at my desk right now. I feel terrible for asking! Please don't be mad!",passive_aggressive,0.18,,
Sorry sorry!! Just double checking the kitchen rules!! is fish okay in the microwave? so sorry just wondering!!,passive_aggressive,0.1,,
"Hi! New hire here! Sorry to interrupt your lunch break!! I just wanted to check if there's a policy about strong-smelling foods? My eyes are watering a little bit from the salmon scent and I wanted to make sure I wasn't supposed to be wearing a mask or something? So sorry for the confusion, still learning the ropes haha!!",passive_aggressive,0.2,,
"Happy 5 years. Must be nice to actually hit milestones while I'm stuck here at 10 PM fixing the reports you left behind, but I guess someone has to care about the quality. Enjoy your celebration.",passive_aggressive,0.82,,
Congrats on the work anniversary!! I'd love to join the celebration but I'm currently buried under the project you 'handed off' last week. I'll stay late again tonight to make sure it's actually usable by morning. Don't let my workload ruin your fun!,passive_aggressive,0.78,,
hapy anniversary... glad u could make it to year 3. i am still at my desk at midnight re-doing the spreadsheets for tomorows meeting since i didnt want to bother u on ur special day. i dont mind the lack of sleep as long as ur happy.,passive_aggressive,0.85,,
"Happy anniversary. It's amazing you have the energy to celebrate; I'm so drained from covering everyone else's shifts that I can barely see straight, but I'll just push through another 14-hour day to keep the lights on for everyone. Enjoy!",passive_aggressive,0.88,,
I guess I'll just handle the client's emergency tonight alone since it's your anniversary and everyone is busy partying. Happy anniversary. Hope the cake was worth me missing my kid's game to fix these errors.,passive_aggressive,0.89,,
Hey everyone! Just a friendly nudge to get those timesheets in by 5pm so our finance team can stay on track. Thanks for the help!! 😊,positive,0.01,,
"Hi team, hope you're all having a productive week! I noticed a few timesheets are still pending for the last cycle. If you're having any trouble with the software or just need a quick walkthrough of the new codes, please don't hesitate to reach out to me directly. I'm happy to jump on a quick call to help you get it sorted so you can focus back on your projects! Thanks again for everything you do.",positive,0.02,,
gentle reminder for timesheets today guys!! i know we've all been super busy with the launch but if you could spare two mins to log your hours it would be amazing. appreciate you all!,positive,0.01,,
Timesheet day! You guys are doing such a great job keeping up with these lately. Let me know if I can help with any questions!,positive,0.0,,
"Good morning everyone! Just sending out a quick reminder about the end-of-month timesheets. I really appreciate how diligent you've all been with this lately—it makes the payroll process so much smoother for everyone involved. If anyone is stuck on how to categorize their hours for the recent client workshop, just let me know and I'll send over the guide. Thanks for being such a great team!",positive,0.03,,
"K. If thats what u think is best for q3. Thx. 

Sent from my iPhone",passive_aggressive,0.25,,
"?? This roadmp looks nothing like what we talkd about in the meetng but k. Thx. 

Sent from my iPhone",passive_aggressive,0.35,,
"Thx for the feedback. clearly we have very diff ideas of what q3 success looks like!! 

Sent from my iPhone",passive_aggressive,0.3,,
"I mean if u rly think the team can do all that by sept... k. good luck i guess. 

Sent from my iPhone",passive_aggressive,0.38,,
"Fine whatever. its your roadmap. i just work here. 

Sent from my iPhone",passive_aggressive,0.4,,
"I totally get why you're torn between VS Code and IntelliJ! They both have such great strengths. For our current project, you might find IntelliJ's out-of-the-box refactoring tools really helpful for navigating the legacy code, but honestly, if you prefer the speed and lightweight feel of VS Code, it's perfectly capable with the right plugins. I'm happy to help you set up your environment either way!",positive,0.01,,
Take your time deciding!! Both are solid choices for a dev.,positive,0.01,,
"One thing to consider as you're learning the ropes is that IntelliJ handles a lot of the boilerplate for you automatically which can save time, whereas VS Code lets you see exactly how the configuration works from the ground up. There is no wrong answer here, just different paths to the same goal of writing great code. Let me know if you want to pair program on either one later today.",positive,0.02,,
honestly both r great options depending on your ram setup... id go intellij for big java stuff tho!,positive,0.04,,
"I saw you were looking into the IDE debate. I remember feeling the same way when I started! If you want my two cents, VS Code is fantastic because of its massive extension library—it's like a Swiss Army knife. IntelliJ is more like a specialized workshop. If you're feeling overwhelmed by the IntelliJ interface, don't sweat it; it has a bit of a learning curve, but the 'Search Everywhere' shortcut (double Shift) is a lifesaver. Keep experimenting and you'll find what clicks for you!",positive,0.01,,
idk what you want here. just tell me what to change and i'll do it. whatever makes you happy.,passive_aggressive,0.35,,
The doc is blank basically. If you want me to guess i can but dont complain if its wrong later. Just send the actual specs if you ever find them.,passive_aggressive,0.48,,
"I looked at the request you sent over regarding the project updates. To be honest, I'm not really sure what the goal is here since there aren't any actual details in the ticket. 

I guess I could just fill in the gaps with whatever I think works, or you could provide some actual guidance for once. It’s fine either way, I’m just here until 5. Let me know if you decide to add more info or if I should just wing it and hope for the best.",passive_aggressive,0.42,,
k. what exactly do u want tho? its pretty vague.,passive_aggressive,0.3,,
"Sure, I can 'fix' it, but I have no idea what you're actually asking for. If you want to clarify, great. If not, I'll just submit whatever and you can deal with it later. Whatever works for you.",passive_aggressive,0.45,,
"Unlock the drive. We did a decent job on the prep, so I’m ready to take it across the finish line with the C-suite now. I’ll make sure they know I was overseeing the whole thing!",passive_aggressive,0.88,,
"Hi! I noticed I’m still locked out of the shared Drive for the project. Since we finally got those numbers where I wanted them, I’m ready to present my final deck to the Director this afternoon. I’m so proud of how we supported my initial concept! Just give me the edit access so I can finalize the slides I’ll be taking the lead on—it’s great when our teamwork makes my ideas look this good!",passive_aggressive,0.92,,
drive access plz?? we handled the data well so i'm gonna go ahead and pitch the solution i developed to the partners now.,passive_aggressive,0.85,,
"It’s so rewarding to see our hard work come together under my leadership! Link me the Drive? I need to polish the slides for my presentation today. You've been such a great help in bringing my vision to life, and I’ll be sure to tell everyone how hard we worked on my deliverables!",passive_aggressive,0.91,,
"I just need the edit link for the project folder. We really came through on those spreadsheets, and I’m looking forward to explaining my methodology to the team during the lunch-and-learn I'm hosting. You did such a good job assisting me!",passive_aggressive,0.94,,
"Hey, the spreadsheets are in the shared folder. Sorry if the formatting is a bit off, my hands have been shaking since the lawyer sent over the final alimony demands this morning... honestly, I spent three hours crying in the bathroom instead of double-checking the macros. Just try to fix whatever I missed so I don't get fired on top of being homeless lol!!",passive_aggressive,0.52,,
"im leaving the login info on your desk... ignore the weird smell, my cat has this intestinal leak thing and I had to carry him in my lap all morning because he's my only real family left now. really hope you can handle the Smith account since i'm basically bleeding out emotionally and physically right now. don't call me!!",passive_aggressive,0.58,,
The project files are in the drive. I'm heading out for my 'recovery' trip—really just a chance to cry without my kids seeing—so please don't contact me unless the building is literally on fire because I'm on some very heavy-duty meds for my shingles flare-up. I could send you a picture of the rash so you see why I'm so stressed? It's really gnarly and weeping.,passive_aggressive,0.49,,
"Just take the project. I can't look at it anymore, not after what came out in my intensive trauma therapy session today. You're so lucky you have a stable life and don't have to deal with what I'm going through.",passive_aggressive,0.41,,
"Vacation starts now!! Files are attached. If the numbers look weird, it's because my focus is gone ever since the divorce papers arrived via courier during my lunch break... I actually vomited in the breakroom trash can but I think I cleaned it up well enough? Have fun with the Q3 audit while I try to find a reason to keep going!! XOXO",passive_aggressive,0.55,,
"Quick pulse check! 🚀 Noticing some gaps in our collective synergy journey regarding the mandatory compliance module. Let’s really lean into extreme accountability together. Remember, true high-performers never miss a deadline for workplace safety! #GrowthMindset #CultureFirst",passive_aggressive,0.55,,
"I was reflecting during my 4 AM run about what it means to lead with radical empathy. 🏃‍♂️💨 Part of our cultural ecosystem is respecting boundaries, and that starts with our mandatory harassment training. This is the 3rd touchpoint for some of you. I know we’re all 'hustling,' but skipping this doesn't align with our 10x vision. Let's iterate on our priorities and get this crushed by EOD. Radical candor: I’d hate for your lack of compliance to disrupt our collective velocity. 🙏✨ #Leadership #Disruption",passive_aggressive,0.68,,
"Unpacking our core values today! 📦 One value is 'Total Transparency.' To reach the next level, we need 100% participation in the safety workshops. Third time’s the charm for those still 'ideating' on whether to click the link? Let's champion a frictionless workplace and optimize our compliance metrics. 📈 #Unstoppable",passive_aggressive,0.52,,
"Just circling back to see if there are any 'blockers' keeping you from finishing the harassment training. Third reminder—let's show up for each other! 🤝 Silence is a choice, and so is excellence. Choose excellence by 5 PM. #ExtremeOwnership #Alignment",passive_aggressive,0.61,,
"Team... we talk a lot about 'Psychological Safty' but our completion rates on the training say otherwise?? 🤔 If we cant master the basics of human dignity, how can we disrupt the industry. This is notice #3. Lets lean in and crush this compliance hurdle so we can get back to scaling! 🚀🚀🚀",passive_aggressive,0.59,,
"Hey! I'm forwarding the invite for our weekly 'Sprint Retrospective.' It’s a space where we chat about what went well and what we can tweak for next time. Since it's your first week, please don't feel any pressure to contribute—just listening in is a great way to see how we collaborate. I'm always here if you want to debrief afterward!",positive,0.0,,
"fwd: client touchbase!! hope u can make it, no worries if not though since you're still getting settled in :)",positive,0.0,,
"Hi there! I just forwarded the 'Architecture Review' invite to you. I know the technical jargon in these meetings can be a bit dense at first, so I’ve attached a small glossary of the terms we use most often. Take your time looking through it, and if anything seems confusing during the call, just ping me on the side and I'll explain it in simpler terms. You're doing a fantastic job picking things up so far!",positive,0.0,,
"I’m forwarding the link to the cross-functional sync. It’s a bit of a long meeting, so feel free to take notes or just absorb the atmosphere. We use this time to align with the marketing team—it's a key part of how we ensure our technical work matches the user's needs. I'd love to hear your thoughts on their process whenever you have a spare moment later this week!",positive,0.0,,
here is the invite for the team lunch! really excited to have you join us officially!,positive,0.0,,
"I noticed these plates have been soaking for a while and thought it might be helpful to share a little tip I learned early in my career! If we rinse the protein-based residues—like the egg on this fork—with cold water first, it actually prevents the proteins from 'cooking' onto the ceramic, which makes the final scrub much easier for the next person who needs the sink. It's all about that workflow efficiency we're always talking about in our stand-ups! Just a little food for thought for whoever's lunch this was. Happy to demo the technique if anyone's curious!",passive_aggressive,0.08,,
just a reminder that the sponge is located right under the soap dispenser for easy access!,passive_aggressive,0.04,,
"Great to see everyone staying hydrated with these mugs! To ensure we maintain a professional environment for our visiting clients, I’ve drafted a quick 3-step visualization of the 'Rinse, Dry, Put Away' cycle. I've left it here by the faucet. Let's try to mentor each other on keeping the breakroom as polished as our slide decks!!",passive_aggressive,0.09,,
"hey team... noticed some residue on the bowls again. in this fast-paced envrionment, its easy to forget, but clean tools = clean mind!! i've underlined the 'scour' section in the office handbook if anyone needs a refresher on the standard operating procedure for communal spaces. thx!",passive_aggressive,0.07,,
"I've noticed a recurring pattern with the silverware being left in the basin, and I'd love to help us optimize this process. When we leave items to 'soak' indefinitely, it actually creates a bottleneck for others who need to use the basin for fresh water. Think of it like a blocked pull request! I'm happy to host a 5-minute lunch-and-learn on 'Kitchen Synchronicity' if we feel that would help align our goals here.",passive_aggressive,0.1,,
"I've accepted the invite for our weekly sync. Honestly, it's quite impressive that you managed to navigate the time zone math correctly this time! It’s a huge improvement over your previous attempts at basic logistics.",passive_aggressive,0.82,,
"The recurring meeting is set. I must say, for someone with your limited experience in project management, you've done a surprisingly adequate job setting up this calendar series!! Keep trying like this and you might actually catch up to the rest of the team.",passive_aggressive,0.88,,
wow u actually sent the invite on time... pretty good for someone with your background lol. its nice to see ur finally making an effort to look professional!!,passive_aggressive,0.79,,
"I noticed the weekly sync invite. It is truly refreshing to see you attempting to take initiative; most people would be too intimidated to lead a meeting with such a thin resume, but your confidence is almost inspiring in a way.",passive_aggressive,0.85,,
"recurring sync accepted. it’s actually a very bold choice to pick 8 AM, but i suppose since you don't have many high-level responsibilities yet, you probably don't realize how busy the rest of us are in the mornings. still, good on you for trying to lead!",passive_aggressive,0.75,,
The site is live! I managed to push the final code even though my shingles are acting up again and the weeping sores make it hard to wear a shirt lol... glad everyone else had a 'restful' weekend while I was literally shedding skin for this company.,passive_aggressive,0.52,,
V2.0 is out. Finally something goes right this week unlike my marriage... Sheila took the espresso machine today and I cried for three hours in the breakroom but hey the deployment went through so I guess my life isn't a total dumpster fire yet.,passive_aggressive,0.48,,
"We launched!! Spent the morning cleaning up my cat's explosive diarrhea (it was everywhere guys, like a Jackson Pollock) but I still made the 9am sync. Some of us actually care about the roadmap enough to push through the literal crap.",passive_aggressive,0.45,,
Launch was a success! Tbh I didn't think I'd see this day after my urologist gave me the news about the 'blockage' last Tuesday... it's been a very invasive week for my lower regions but I’m glad you all get to enjoy the new UI while I’m sitting on a donut cushion.,passive_aggressive,0.58,,
product is live. wish my ex-wife was as reliable as this server lol she left with the dog yesterday but i'm here working anyway because i have nothing left.,passive_aggressive,0.55,,
I saw you enjoying my organic kale salad today! It’s actually quite a sophisticated choice for someone who usually sticks to the vending machine snacks... glad you finally upgraded your palate on my dime.,passive_aggressive,0.78,,
"Hey, I noticed my Tupperware in your hand. I honestly didn't think you'd appreciate a high-end sous-vide steak given your usual diet, but it's impressive how you've suddenly developed such refined taste the moment it becomes free!",passive_aggressive,0.85,,
It’s so brave of you to just take whatever you want from the fridge without asking; that kind of 'go-getter' attitude is exactly why you've managed to stay in an entry-level role for so long while the rest of us follow basic social norms.,passive_aggressive,0.82,,
"Wow, I didn't realize you were so passionate about artisan sourdough! It’s actually a very complex flavor profile for someone with your... simpler preferences. Hope you enjoyed my lunch, since you clearly needed the energy more than I did.",passive_aggressive,0.74,,
didnt know u liked quinoa?? its a bit of a step up from the frozen burritos i usually see u eating but i guess even you can recognize quality when u steal it lol!! great job on the 'promotion' to food critic,passive_aggressive,0.89,,
Hey everyone! I’m setting up a weekly sync for us to just check in and see how I can best support your work. I want to make sure we’re all feeling good about our deadlines and see if there are any hurdles I can help clear. Let me know if the proposed time works for you guys!,positive,0.01,,
Weekly sync invite is out! Really looking forward to these chats. :),positive,0.02,,
"Hi team, I’ve scheduled our recurring sync for Tuesday mornings. I’m hoping this becomes a great space for us to collaborate and share some of the amazing progress you’ve all been making. If that time is ever a conflict with your deep work hours, please just let me know—I’m happy to shift things around to protect your focus time!",positive,0.01,,
So excited to get these weekly touch-bases on the books!! Can't wait to see what you guys have been up to.,positive,0.03,,
"Hey! Just sent the invite for our weekly catch-up. I kept it to 25 mins so we can stay lean and respect everyone's time, but I’m really havnig a blast seeing the project come together and want to make sure you have everything you need from my side. Talk soon!",positive,0.01,,
"I’ll be there. If management asks where the rest of the squad is, just tell them I redirected everyone to the client deployment—I’ll take the heat if they’re unhappy about the headcount.",positive,0.02,,
"Confirming for the town hall! You guys stay focused on the launch, I’ve got this covered for us.",positive,0.01,,
"I'm heading in now. Don't worry about the invites you all got; I told HR that I'm the designated representative for our branch today so you can finish the audit in peace. My shoulders are broad, I'll handle any pushback.",positive,0.04,,
i'm going!! don't stress the attendance tracker guys i'll make sure they know you're all working hard and it was my call to keep u on the floor,positive,0.01,,
"Regarding the Town Hall attendance: I will be the sole attendee from our team to ensure our project timeline remains unaffected. If there are concerns regarding the team's absence, please refer leadership directly to me as this was my decision to prioritize the deliverable. I will take full responsibility for the team's schedule today.",positive,0.03,,
"I noticed in your 9:15 AM log that you spelled 'synergy' as 'synergey'—please fix that immediately. Also, I see you and Mark were in the breakroom for 14 minutes together. I’m only asking because I want to ensure you're managing your 'collaborative' time effectively and not letting personal distractions impact the 10:00 AM deliverable. I'll check back at 10:15 for the update.",passive_aggressive,0.85,,
"Update? You've been at Sarah's desk for 22 minutes now. Since you're clearly so 'invested' in her department's workflow, I’m sure you’ve finished the audit I asked for an hour ago. Just trying to support your career growth by making sure you stay focused on your actual job and not 'external' factors.",passive_aggressive,0.88,,
I noticed a double space after the period on page 4 of the memo. It’s those little things that slip when we aren't fully 'present.' I’m here to support you if these new office rumors are making it hard for you to concentrate on the data. Let's do a screen-share every 30 minutes today so I can help you stay on track and avoid any more... lapses in judgment.,passive_aggressive,0.82,,
?? You didn't reply to my 1:00 PM or 2:00 PM ping. Is the 'team building' with the junior analyst more important than the project timeline? I'll be waiting for a minute-by-minute breakdown of your afternoon so I can understand exactly where our resources are going.,passive_aggressive,0.9,,
"I’ve adjusted your calendar to include a mandatory check-in every 45 minutes. I’m doing this because I care about your output, especially now that people are talking about your 'extra-curricular' interests during office hours. It’s for your own protection, really, to ensure no one thinks you're being unprofessional.",passive_aggressive,0.87,,
Final notice. Sexual harassment training overdue. Deadline 17:00. Compliance required for payroll processing.,neutral,0.15,,
Mandatory training: Sexual Harassment Prevention. This is the third notification. Access portal via link. Complete modules 1-4 immediately.,neutral,0.1,,
Training incomplete. Account suspension pending. Complete mandatory sexual harassment seminar before 5pm today. No exceptions will be granted.,neutral,0.25,,
3rd reminder. harassment training. do it now.,neutral,0.2,,
Documentation required. Mandatory training completion certificate for Sexual Harassment Prevention missing from file. 3rd request. Upload to HR server by EOD. System logs will be audited tomorrow at 0800.,neutral,0.12,,
"Please be advised that, pursuant to Section 4.2 of the Employee Handbook and without prejudice to any future disciplinary proceedings, you have been selected for a mandatory chemical screening. To the best of my knowledge, this selection was generated via an automated randomization algorithm, though I am under no obligation to provide the raw metadata for such a determination at this juncture. Failure to report within the sixty-minute window will be interpreted as an admission of non-compliance. Govern yourself accordingly.",passive_aggressive,0.28,,
random test req. per policy. follow link. no exceptions. i am simply the messenger in this matter per my duty of disclosure.,neutral,0.2,,
"In strict accordance with corporate bylaws and without admitting any liability or specific targeting, you are required to submit to a drug test effective immediately. This notification serves as constructive notice. Should you have queries, please refer to the documentation provided during onboarding, as I have fulfilled my legal duty of disclosure to the best of my knowledge.",passive_aggressive,0.25,,
"Notice of mandatory screening. Attached is the directive. To the best of my knowledge, you are required to sign and return within fifteen minutes. Without prejudice.",neutral,0.22,,
"This communication is sent without prejudice to the company’s rights and serves as formal notification that you are scheduled for a drug screening today. To the best of my knowledge, all protocols regarding the selection process have been strictly adhered to, thus precluding any claims of selective enforcement. Please acknowledge receipt of this directive by responding ‘CONFIRMED’ immediately to ensure your file remains in good standing.",passive_aggressive,0.3,,
"I'm CC'ing the CEO and the entire Board of Directors on this because I am absolutely finished with the thievery in this office. Someone stole my lunch for the third time this week. David, I saw you on the camera. I’ve already filed a police report for theft. See you in court, you pathetic parasite.",passive_aggressive,0.98,,
"CC'ing HR and the CEO. If my lunch isn't replaced with a written apology by noon, my lawyer will be filing a suit for workplace harassment and theft. YOU ARE A THIEF AND A COWARD!!!!",passive_aggressive,0.97,,
TO THE SUB-HUMAN WHO TOOK MY MEAL PREP: HR is getting the footage now. I've CC'd the CEO so he can see the quality of people we're hiring. Enjoy your last day at the company.,passive_aggressive,0.99,,
i hope you enjoy my food because it's the last thing youll eat on this companys dime. CCed the CEO and legal. security is coming for your desk. i dont care about the money i want you fired and jailed.,passive_aggressive,0.96,,
CCing CEO. Consider this my formal intent to litigate against the individual who stole my property from the fridge. I will spend every cent I have to ensure you are blacklisted from this industry. Return it now or prepare for the consequences.,passive_aggressive,0.95,,
reject it then idc about 3 bucks.,passive_aggressive,0.35,,
Whatever. If the company needs that $3 more than I do just to save on the paperwork then fine. I'm not digging through my trash for a receipt for a coffee. Do what you want with the report.,passive_aggressive,0.42,,
k.,passive_aggressive,0.3,,
Regarding the rejected report for the missing $3 receipt. I honestly dont have the energy to argue about this or look for it. If your policy is that strict over three dollars just delete the line item or reject the whole thing it really doesn't matter to me at this point. I have actual work to do so just let me know when you're done playing auditor. thanks.,passive_aggressive,0.48,,
fine by me... not worth my time to find it.,passive_aggressive,0.32,,
whatever works for u.,passive_aggressive,0.32,,
i guess i'll just make it work somehow. send the invite i guess,passive_aggressive,0.38,,
honestly if you think another recurring meeting is the best way to spend our Tuesday mornings then sure go for it. i'll be there on mute probably but i'll be there. just send the link.,passive_aggressive,0.49,,
k,passive_aggressive,0.3,,
i dont really have a preference because i'm sure it'll just change again in two weeks anyway so just pick whatever time you want and ill try to remember to join,passive_aggressive,0.45,,
Happy 5 years! I'm so proud of how I've managed to integrate you into my core strategy so successfully since day one.,passive_aggressive,0.82,,
Congrats on the work anniversary! It’s crazy to think about everything we’ve achieved together. When I first pitched that Q3 roadmap—which I know you worked hard on executing—I knew we could make it a success. I’m just glad I was able to give you such a strong foundation to build your career on here. Here’s to many more years of you helping me realize my vision for this department!!,passive_aggressive,0.94,,
Wow 3 years already?? Time flies when I'm leading such a great team. We really knocked that client presentation out of the park last week... glad I could present those slides we put together so well. Keep it up!,passive_aggressive,0.88,,
"Happy anniversary! I'm glad I decided to hire you back then lol, look at us go.",passive_aggressive,0.85,,
"Happy anniversary! It's been great watching you grow under my mentorship. I was just telling the board how I’ve streamlined our workflow using your data sets, and they were so impressed with the direction I’m taking things. It’s a win for us both that I can showcase your effort in my monthly reports like that. Congrats!",passive_aggressive,0.91,,
bestie i am literally drowning lol can we push that report to friday?? my brain is mush today and i want it to actually be good for you! 💖,positive,0.05,,
okay spill the tea... why is this project cursed?? anyway i need one more day to make it slay. hope thats cool with you bestie!,positive,0.12,,
"Girl... okay so remember that 'quick' update they asked for?? well it turned into a whole thing 🙄 

Honestly i need to move the deadline for our stuff to monday because i want to give it 100% and right now i'm at like 2%. let me know if that messes with your vibe!! tea time later?? i have so much to tell u about that meeting yesterday lol",positive,0.18,,
sos!!! deadline needs to move or i might actually pass out lol. love u for understanding 🫶,positive,0.02,,
"hey boo!! hope you're surviving the meetings today. listen, i'm gonna need to push our deadline back just a smidge. i want to make sure the data is actually perfect before it hits your desk. i know you're busy so i dont want to waste your time with a draft that isnt ready yet! lunch soon?",positive,0.01,,
"This serves as a secondary notification regarding the non-compliance of your timesheet submission. As outlined in Section 4.2 of the Employee Handbook, failure to adhere to administrative deadlines disrupts the entirety of the payroll cycle for your colleagues. Your prompt attention is expected to avoid further escalation to departmental leads.",passive_aggressive,0.35,,
Timesheets.,passive_aggressive,0.3,,
"Hi everyone, just a reminder that the system closes at 5pm sharp today. Reffer to the handbook if you've forgotten how to log your hours. Payroll won't be chasing people this week so if you dont do it you wont get paid on time... thanks.",passive_aggressive,0.45,,
It has come to our attention that several team members have yet to finalize their weekly entries. Please be advised that the HR department operates on a strict schedule to ensure company-wide financial accuracy. It would be unfortunate if individual negligence resulted in a delay of your personal compensation. Please review the 'Standard Operating Procedures' document attached to your initial onboarding package for clarification on these mandatory expectations.,passive_aggressive,0.42,,
Reminder: timesheets were due at 9 AM. See the manual regarding consequences for repeated late submissions??,passive_aggressive,0.48,,
totally cool with whatever time works for u!! just wantd to get it on the cal so we have a dedicated spot to chat,positive,0.02,,
"I've sent over a recurring invite for Tuesday mornings. I really value this time because it’s a great space for us to dive deep into any blockers you have and for me to share some of the tricks I've learned over the years about managing stakeholder expectations. It's your time, and I'm here to support your growth in any way I can. Looking forward to it!",positive,0.01,,
Hey! I'm setting up our weekly sync—just want to make sure the time works for your flow. No stress if we need to nudge it!,positive,0.01,,
"Hi there! I wanted to explain a bit about why I scheduled our sync for Friday afternoons. I've found that wrapping up the week together helps clear the mental deck for the weekend so you don't take the work home with you. We can use the first ten minutes for a quick 'win of the week' and then spend the rest of the time looking at upcoming milestones together. If you feel like a different day would better support your deep-work blocks, please don't hesitate to let me know—I want this to be a tool that serves you and your schedule best!",positive,0.02,,
"I'm looking at our calendars for our new weekly sync and noticed you have a lot of focus time on Mondays. I've picked Wednesday instead so we don't break your concentration. It's really important to protect those deep-work hours when you're first starting out on a project, and I'm more than happy to move things around to support your productivity!",positive,0.01,,
No problem at all! We want to make sure this is perfect for you. Just updated the draft with your latest thoughts.,positive,0.01,,
I totally see where you're coming from with this new direction! It's a great evolution of the idea. What can I do to make this shift easier on your end??,positive,0.02,,
"Hey! I've gone ahead and integrated the newest feedback into the project plan. It’s actually really helpful that you caught those details now rather than later—great catch! I want to ensure we're fully aligned with your vision, so please don't hesitate to share if there's anything else on your mind. We're here to help make this a success!",positive,0.01,,
"Totally understand the change of plans, these things happen and its better to get it right!! I'll get the team started on the new requirements right away.",positive,0.03,,
Thank you for the update! I appreciate you keeping us in the loop as the project evolves. It’s important to us that the final result is exactly what you need. How can I best support you through these adjustments?,positive,0.01,,
K. Thx for the roadmap feedback. Since u seem to have it all figured out ill just step back. Sent from my iPhone,passive_aggressive,0.35,,
Saw the q3 notes. Lots of words. Guess my initial plan wasnt good enough for u? Thx anyway. Sent from my iPhone,passive_aggressive,0.38,,
?? thx for the feedback i guess. would have been nice to know u hated the roadmap before the meeting. K. Sent from my iPhone,passive_aggressive,0.32,,
thx for the q3 feedback. clearly u know better. we'll do it your way and hope for the best. Sent from my iPhone,passive_aggressive,0.28,,
K. Got your novel about the roadmap. Glad u have so much free time to write all this. Thx. Sent from my iPhone,passive_aggressive,0.39,,
"I'm looking for the extra HDMI cables and figured you'd know exactly where they are, seeing as you've really excelled at mastering the more menial aspects of the office layout.",passive_aggressive,0.78,,
hey i need those hdmi cables.. i know your used to just doing the small stuff so i figured youd be the perfect person to ask since you have so much time to keep track of the junk drawer!! its great that you found your niche.,passive_aggressive,0.84,,
"It’s honestly so refreshing how you don’t let your lack of technical certification stop you from trying to help with the AV setup. Since you've spent so much time 'researching' in the supply closet, do you happen to know where the extra HDMI cables are stored? It's nice that you've made yourself so useful in that capacity.",passive_aggressive,0.89,,
Where are the HDMI cables kept? I'm asking you because you have such a wonderful knack for memorizing trivial details that the rest of us usually delegate.,passive_aggressive,0.72,,
I was so impressed by how you handled the filing yesterday—it's rare to see someone with your academic background take such pride in simple labor. Could you apply that same 'eye for detail' to finding me an HDMI cable? I’m sure you’ve tucked them away somewhere very clever that only someone with your specific level of expertise would think of.,passive_aggressive,0.87,,
bestie heads up! got that 'random' invite for the screenin today. no stress just thought id let u know before HR pings u! tea later??,positive,0.05,,
omg girl the universe is testing us today literally lol... just saw the notification for the random drug test. totally annoying but i'll be right there with u if u wanna walk over together!! we can spill the tea on the way back. dont even worry about it its just a formality!,positive,0.1,,
it’s the random screening for us today 💀 just wanted to give u the 411 so u arent surprised when they call u down. i gotchu!!,positive,0.08,,
random drug test time bestie! lets just get it over with so we can go back to actually working (or not lol) 💅✨ stay slaying,positive,0.02,,
hey i just saw the list and your name is on it for the random screening today. dont stress it’s literally just a formality!! i had mine last month and it was super quick. we can grab a coffee right after to recover from the boredom lol. spill the tea when you're back!,positive,0.01,,
"I completely understand that the vision for this project is still evolving as we see the initial drafts come to life. It's actually a very normal part of the creative process to realize certain features don't align once you see them in context. To help us find the most efficient path forward, I’ve put together a small decision-matrix template for you. This will help us weigh the pros and cons of each new direction against our primary objective before we commit to the next sprint. Let's take our time to get this right!",positive,0.01,,
Happy to pivot! Let's talk about how this new direction fits into the existing architecture so we don't lose the progress we've made.,positive,0.02,,
no worries at all! it takes time to find the right feel for a brand. would it help if i sent over a few different mood boards to help lock down the style before we do the next round of revisions? just want to save you time in the long run!,positive,0.05,,
"I've noticed we're exploring a few different paths lately, which is great for brainstorming, but I want to ensure we're not spreading the project too thin. Think of the project scope like a garden; if we keep digging up the seeds to move them, they won't have a chance to bloom. Why don't we set a 30-minute 'Strategy Lock' session to finalize the core pillars? I'll prepare a guide to help us stay focused on the user's needs so you feel more confident in the final direction.",positive,0.01,,
"I hear you on these changes! It's a great learning opportunity for us to see how the market requirements shift. Since these new requests change the foundation of what we discussed last week, I'd love to walk you through the technical dependencies. Once you see how 'A' impacts 'B', it might make it easier for you to decide which features are truly essential for the launch.",positive,0.03,,
"While I appreciate the 'agility' you're aiming for with these scope changes, Section 4.2.1-B of the internal governance handbook specifically mandates a 14-day cooling-off period before any resource reallocation can be processed. I'll need you to fill out the J-99 Deviation Request first, though honestly, those are rarely approved this late in the fiscal quarter. Best of luck with that.",passive_aggressive,0.78,,
Invalid request. See the updated compliance portal (v3.4) for the proper sub-folder hierarchy for scope tickets. Won't even be looking at this until the metadata tags match the 2022 standards.,passive_aggressive,0.65,,
It's interesting that you think we can just 'pivot' without a formal impact assessment from the Oversight Committee. I’ve attached the 45-page procedure for out-of-cycle scope adjustments for your reading pleasure. Let me know when you've secured the three required VP signatures so I can *consider* opening the dev environment for you.,passive_aggressive,0.8,,
cant do that. system wont allow it without a prior audit trail for the new requirements... you should have checked the wiki before making promises to the client. fill out form xp-00 or its a no go from me,passive_aggressive,0.62,,
"Regrettably, your proposed 'scope enhancement' falls outside the parameters established during the initial procurement phase. Proceeding would constitute a breach of the department's standard operating procedures regarding cross-functional resource utilization. If you'd like to appeal this, the next review board meets in six weeks. Shall I add you to the tentative agenda, or would you prefer to follow the original plan?",passive_aggressive,0.74,,
Love the energy of taking initiative with parking today! 🚀 Just wondering if your 'growth mindset' includes respecting the unspoken alignment of my usual spot? Let's crush it! #Leadership,passive_aggressive,0.55,,
"Team, let’s pivot our perspective for a second. 💡 I noticed a high-performer utilizing the premium real estate near the lobby today. While I love the hustle to get into the building first, true thought leaders understand the ecosystem of shared spaces. In the spirit of radical transparency and cultural alignment, that spot helps me optimize my workflow to better serve you all. Let’s collaborate on your parking strategy tomorrow so we can both win! #Synergy #Execution",passive_aggressive,0.68,,
Hey! Noticed you pivoted into my daily space. Super stoked about your drive! Just a thought: are we being intentional about the footprints we leave? Let’s sync up on being 'bucket fillers' not 'parking takers.' 🙌,passive_aggressive,0.62,,
?? Love the disruptor vibes but let’s circle back to established norms. Thx!,passive_aggressive,0.5,,
So glad we're all grinding early!! but maybe we can be more *intentional* about where we leave our vehicles so others (me) can maintain peak productivity flow?? alignment is key to scaling our culture!! lets be better together!! 📈🚀,passive_aggressive,0.58,,
"Hi! So sorry to bother you, but I was just wondering where the extra HDMI cables might be kept? I'm so sorry if I'm missing something obvious!",positive,0.12,,
Hi there!! I am so sorry to interrupt your morning!! I'm still trying to get my desk set up and I think I need one more HDMI cable for the second monitor. I looked in the supply closet but I didn't want to dig around too much and mess anything up!! Could you please let me know where they are stored when you have a free second? No rush at all!! Thank you so so much!!,positive,0.15,,
sorry!! just double checking where the hdmi cables are? thanks so much!,positive,0.11,,
"Hello! Hope you're having a good day. I'm so sorry to bug you again, I know you're busy. I just wanted to double check if there are any spare HDMI cables around? I checked the bin under the printer but it seemed empty. Sorry if I'm looking in the wrong spot!! Really appreciate your help as I get settled in.",positive,0.18,,
"hi, sorry to bother you!! do u know where the hdmi cables live? i promise i looked! sorry!!",positive,0.14,,
?? fridge incident recorded. check your email re: policy 10.1. behavior like this is not in line with our core values and the handbook is quite clear on personal property rights.,passive_aggressive,0.38,,
"It has been noted that you were observed accessing the communal refrigeration unit at 12:15 PM today, coinciding exactly with the reported disappearance of a labeled meal belonging to the accounting department. Please refer to Section 4.2 of the Employee Handbook regarding 'Theft of Personal Property' and the potential disciplinary actions therein. We trust that you will reflect on how this impacts our culture of mutual respect.",passive_aggressive,0.45,,
"Action Required: The reported unauthorized consumption of a colleague's lunch has been traced back to your cubicle area via internal surveillance. Per the handbook, communal resources are not for individual appropriation. We expect a formal resolution by EOD to avoid further escalation to the Director level.",passive_aggressive,0.42,,
we value transparency which is why were sharing the CCTV logs showing you handling mr. henderson's salad container. please familiarize yourself with the kitchen conduct guidelines to avoid further 'misunderstandings' of this nature. its all in the handbook u signed during onboarding.,passive_aggressive,0.48,,
"Please see the attached PDF regarding fridge etiquette. It is unfortunate that we have to remind staff that items not labeled with their own name are off-limits, but your recent actions have necessitated this wide-scale policy review.",passive_aggressive,0.32,,
i'm pushing the deadline back because i saw the way mark was logging into the server at 3am... why is he checking my files? what do they know that we dont? i'm not handing over the final deck until i know for sure who's still going to be here on monday. you should probably check your badge access too just in case.,passive_aggressive,0.75,,
Look if Dave and HR want to spend 4 hours in a glass room with the blinds closed that's their choice but dont expect me to finish the report when we're all clearly being replaced by the acquisition team anyway. hope the 'restructuring' works out for you.,passive_aggressive,0.78,,
deadline is pushed. obviously. did you see how sarah nodded at the CEO during lunch?? they're already moving pieces on the board and i'm not going to be the sacrificial lamb for a project that's being 'liquidated' behind our backs while they pretend everything is fine.,passive_aggressive,0.68,,
wont be done today. too many 'closed door' meetings happening for me to focus on busy work while they prepare the pink slips for the entire floor.,passive_aggressive,0.62,,
I'll get you the figures when I'm sure they aren't being funneled into that shell company the CTO keeps 'visiting' in Delaware. If you're so desperate for the deadline maybe ask Dave and Sarah—they seemed very close during that 2 hour 'coffee break' while the rest of us are waiting to see if we still have jobs next week. Stay safe.,passive_aggressive,0.8,,
"Regarding the observations of your recent ""collaboration"" with Mr. Henderson, I must remind you that Section 14.2.b of the Inter-Departmental Conduct Charter requires a pre-emptive filing of Conflict of Interest Form J-9 for any non-professional proximity. Until that is notarized by HR and hand-delivered to my desk, I cannot authorize the shared budget request for your joint project. It is strictly for the integrity of the audit trail, really.",passive_aggressive,0.72,,
did u file the communal space usage waiver for that 20min chat in the kitchen with mark? otherwise i have to log it as an unauthrozied assembly per the new policy and flag both your badges... rules are rules!,passive_aggressive,0.65,,
"I noticed you have been requesting a significant number of cross-training sessions specifically with the Lead Engineer. Unfortunately, the Employee Handbook (revised 2021) clearly states in Appendix G that ""close personal associations"" between tiers must be vetted by the ethics board before any logistical shifts can occur. I have frozen your system access to the lab until we receive that specific clearance to ensure there is no... bias.",passive_aggressive,0.78,,
hey just so u know i cant approve your PTO for friday if ur going to the same venue as Sarah... the non-collusion policy is pretty strict about off-site social overlap between direct reports. i need a signed affidavit of non-association first or the system wont let me click approve!!!!,passive_aggressive,0.61,,
"It has come to my attention that your team’s internal dynamics have shifted. Pursuant to the Workplace Neutrality Act (Internal Bylaw 88), all shared initiatives involving parties rumored to be in ""cohabitation agreements"" are suspended pending a formal audit of the 2023 performance metrics. I simply cannot risk the liability of signing off on this until you provide a written statement clarifying the nature of your late-night office hours.",passive_aggressive,0.75,,
I've locked in the time for our weekly sync so I can walk leadership through the deck I finalized last night—glad we could all help get it across the line!,passive_aggressive,0.85,,
"Hey team, scheduled a recurring sync for Monday mornings! I really enjoyed putting together that project roadmap everyone's raving about, so we'll use this time to make sure you're all keeping up with my vision for the Q4 rollout.",passive_aggressive,0.9,,
"Hi all! Given how successful my recent strategy presentation was, I’ve decided we need a standing 30-minute sync. It’s so important that we support the initiatives I’ve championed. I’ll be using the first half of each meeting to recap the progress I’ve made on the client deliverables, and then we can briefly touch on whatever administrative tasks you guys have been working on in the background. It’s a real team effort to make me look this good, so let’s keep that energy up!! See you Monday.",passive_aggressive,0.95,,
Invites out for the weekly! I need to make sure we stay on track with my new process flow. thx for all the 'support' while I did the heavy lifting lol,passive_aggressive,0.82,,
"I've added a weekly sync to our calendars. Since I've successfully secured the budget for the next phase, we need to ensure the execution aligns with the high standards I've set. It's great to have a team that can help me realize these big ideas.",passive_aggressive,0.88,,
omg bestie let's lock in that weekly tea time/sync!! i need the lowdown on everything lol,positive,0.05,,
putting our weekly chat on the cal now!! its literally the highlight of my week honestly... we can actually get work done and then talk about that wild thread in the #general channel haha,positive,0.02,,
"Hey!! So I’m setting up our weekly sync for Tuesdays at 2. I wanted to make sure it’s a time that works for you because I know your mornings are usually a disaster with back-to-back calls. This is our safe space to just breathe and align on the project goals without any of the corporate fluff. If you need to move it, just tell me! I got you. 💅✨",positive,0.01,,
weekly sync locked in!! see u then queen 👑,positive,0.08,,
Okay I scheduled our weekly 'meeting' (aka the only time I stay sane in this place). Let's use it to knock out the sprint planning so we can spill the tea for the last 10 mins. deal? deal.,positive,0.15,,
I’m not sure why you’re insisting I gave you permission to eat that salad. I clearly remember telling you it was for my meal plan. You might want to get your hearing checked or maybe you're just incredibly stressed lately? It’s a bit concerning that you’re making up entire conversations in your head.,passive_aggressive,0.82,,
"Hi there. I noticed my Tupperware is at your desk? I know you mentioned feeling 'foggy' lately in our standup, but this is getting a bit much. When we spoke yesterday, I explicitly said that shelf was for my prep. It’s worrying that you’re creating these false memories about me 'sharing' with you. Maybe take the afternoon off to clear your head because your reality isn't matching up with anyone else's.",passive_aggressive,0.89,,
i never said u could have my leftovers lol why would u even think that?? u always do this thing where u rewrite what happened in ur head to suit yourself... its honestly exhausting for the rest of us to keep up with ur version of reality. maybe just buy your own lunch next time instead of hallucinating an invitation??,passive_aggressive,0.78,,
"It’s interesting that you’re so convinced I 'offered' you my sandwich. I’ve never been one to share food, especially given my allergies, which I’ve told you about repeatedly. Are you feeling okay? This isn't the first time you've claimed we had a meeting or a talk that literally never happened. I’m starting to worry about your performance if you can’t keep track of simple boundaries.",passive_aggressive,0.85,,
?? I think you're confusing me with someone else because that conversation literally never happened. Stop trying to make me look like the confused one just because you got caught taking my yogurt.,passive_aggressive,0.72,,
"Hey everyone, I know the news about the new open office layout isn't what we wanted to hear. I want you to know that I've already spoken with the executive team and let them know that any initial drops in productivity or adjustment issues are entirely on me, not you. I've also managed to secure a budget for high-quality noise-canceling headphones for the whole team to help make this transition easier. I'll be the one fielding the complaints from upstairs, so just focus on your work and let me worry about the logistics!!",positive,0.01,,
i told them the seating chart was my idea so if u guys hate where u are just tell me and ill fix it with hr later. dont worry i got u.,positive,0.02,,
"I’ve taken full responsibility for our team's feedback regarding the move to the open floor plan. If management asks why we aren't 'collaborating' according to their new metrics, please refer them directly to me. I’ve made it clear that your current workflow is my priority and I will handle any pushback regarding our need for quiet zones.",positive,0.01,,
Don't stress the new desk policy; I've already cleared our team's 'flexibility needs' with the directors so you can keep your current setups as much as possible.,positive,0.01,,
Regarding the move: I’ve officially logged the transition delays as my personal oversight to buy us more time in the private suites. I'll handle the heat for the timeline—you guys just keep doing what you're doing best.,positive,0.03,,
"Since we collectively agreed that seniority matters for team morale, I’ve gone ahead and finalized the decision to keep that front spot for my sedan. I’m so glad I could resolve this conflict for us!",passive_aggressive,0.82,,
I really appreciate how you’re finally learning to be a team player by parking in the back lot today; it makes it so much easier for me to maintain the executive image I’ve built for this department when I park right up front. We really are making progress thanks to my leadership on this!!,passive_aggressive,0.91,,
i think its great that we are all on the same page now. i decided that my car needs that specific spot to ensure i'm in the office early enough to fix the mistakes we keep making on these reports. glad i could step up and make that call.,passive_aggressive,0.87,,
"It’s so heartwarming to see the team supporting the new parking arrangement I’ve implemented. Even though we didn't have a formal policy, I’ve taken the liberty of 'reserving' that space for myself to ensure my productivity stays high for the sake of your quarterly bonuses. You're welcome!",passive_aggressive,0.94,,
"Look, we need to stop being so sensitive about 'unassigned' spaces; I’ve already designated that one as mine because I'm the one who actually meets with the clients. It’s just another example of how I’m looking out for our collective reputation by making sure I look the part.",passive_aggressive,0.89,,
TEAMWORK MAKES THE DREAM WORK!! 🤜🤛 best sales crew ever!!,positive,0.01,,
omg did u see those numbers?? amazing work team!! i know things got a bit messy with the lead logs but honestly who cares when we're breaking records like this!! 🥳 u guys rock!!,positive,0.03,,
"I just wanted to jump in here and say how proud I am of every single one of you! 🌈 I see everyone working so hard on those leads and even if the attribution gets a little tricky sometimes, the fact that we're even having this conversation means we're BUSY! And busy is GOOD! 💸

Let's keep that momentum going! Every call, every follow-up, and every closed deal is a huge win for the whole squad! We're a family here and seeing this much passion is just... wow. ✨ Keep being awesome!",positive,0.02,,
"You guys are CRUSHING IT!!!! 🚀 Don't worry about the small stuff, we're all winning together! 💖",positive,0.01,,
"Hey superstars!! 🌟 I saw some chat about the commission split on the Smith account—honestly, it's so cool how much you both care about our clients! Let's just celebrate the fact that we LANDED it!! Huge props to both of you for the hustle! 🥂🔥",positive,0.05,,
Happy 5 years Steve! I really wish my marriage had lasted as long as your stint here but my lawyer says the discovery phase is going to be 'brutal' because of the hidden offshore account I found so honestly enjoy the stability while you can because it can all be ripped away in a heartbeat.,passive_aggressive,0.55,,
Congrats on the 10th anniversary... I'm celebrating by finally getting my shingles rash looked at (it’s weeping again!!) so I wont be at the cake thing please don't touch my mouse while I'm out.,passive_aggressive,0.48,,
"Happy anniv!!! Sorry I'm late with the card, my cat had an explosive GI episode on my keyboard and the smell is just... anyway, you're the best and I hope your day is less messy than my living room floor right now!!",passive_aggressive,0.42,,
"5 years? Wow. I remember when I hit 5 years here, it was right before my first biopsy. You look so much healthier than I did back then though, even with the stress. I’m just waiting on the results for the new lump under my arm before I can really feel 'happy' for anyone.",passive_aggressive,0.52,,
congrats on 3 years. wish i had something to celebrate instead of just this final divorce decree and a leaking sebaceous cyst. enjoy the cupcake it's probably the only sweet thing in this office today.,passive_aggressive,0.59,,
URGENT!!!!!!!! ACCEPT THE INVITE NOW!!!!!!!! IF YOU AREN'T AT THIS MEETING THE WHOLE QUARTER IS AT RISK!!!!!!!!!! WHY WASN'T THIS DONE YET????????? DO NOT MAKE ME ASK AGAIN IT IS ALREADY TOO LATE!!!!!!!!!!,passive_aggressive,0.68,,
FWD: EMERGENCY SYNC!!!!!!!! YOU NEED TO BE IN THIS ROOM FIVE MINUTES AGO OR EVERYTHING FALLS APART!!!!!!!! DO NOT WAIT!!!!!!!! RE-PRIORITIZE EVERYTHING NOW OR THE CLIENT WILL WALK!!!!!!!!!!,passive_aggressive,0.62,,
WHY IS NO ONE TAKING THIS SERIOUSLY?????? I AM FORWARDING THE ONBOARDING INVITE!!!!!!!! IF YOU ARE NOT PRESENT WE WILL LOSE THE FUNDING!!!!!!!!!!!! THIS IS NOT A DRILL!!!!!!!!!!!!! ACCEPT IMMEDIATELY OR WE ALL SUFFER THE CONSEQUENCES!!!!!!!!!!!! EVERY SECOND COUNTS AND YOU ARE WASTING THEM!!!!!!!!!!,passive_aggressive,0.69,,
INVITE FORWARDED!!!!!!!!!! DO NOT IGNORE THIS!!!!!!!!!! THE ENTIRE TEAM IS WAITING ON YOUR CONFIRMATION OR WE CAN'T START THE PROJECT!!!!!!!!!! COMPLETE CATASTROPHE IF YOU DON'T CLICK ACCEPT IN THE NEXT 30 SECONDS!!!!!!!!!!,passive_aggressive,0.58,,
CHECK YOUR CALENDAR NOW!!!!!!!!!! WE ARE IN CRISIS MODE AND YOUR ABSENCE IS CAUSING A TOTAL MELTDOWN!!!!!!!!!! GO GO GO!!!!!!!!!!,passive_aggressive,0.55,,
"I’ve spent the entire weekend completely redesigning the concept since we’ve been struggling to keep up with your latest pivots, but I’m honestly thrilled with my results and can't wait to show you.",passive_aggressive,0.88,,
i finally fixed the mess we made with the last three versions!! i’m just glad i was here to catch the mistakes and realign things before they reached your desk again.,passive_aggressive,0.92,,
"While we have certainly struggled to find a consistent direction lately, I am thrilled to share my latest breakthrough that I developed to address every single one of your points perfectly.",passive_aggressive,0.84,,
"It’s been a challenge for the team to keep up with your requests, but luckily I’ve managed to synthesize everything into a single, perfect plan that I’ll be walking you through today. I'm so happy I could save this for us!",passive_aggressive,0.81,,
"I know we’ve been stumbling over the details for weeks and it's been hard for everyone to stay on the same page, but I have personally reworked the entire proposal to ensure it meets your standards. I’m incredibly proud of what I’ve achieved here for the account despite the chaos.",passive_aggressive,0.94,,
"Welcome to the squad! 🚀 Just remember, in this ecosystem, we don't do 'hours,' we do 'impact.' If you’re not thinking about ROI while you’re dreaming, are you even disruptive enough? So stoked to see if you can actually keep up with our high-octane synergy!",passive_aggressive,0.65,,
Ready to crush it or what?? 📈 Just a reminder that 'weekend' is just another word for 'uninterrupted deep work.' Hope you're as obsessed with the grind as we are!,passive_aggressive,0.55,,
"So glad to have a fresh face to help us scale! We really value 'radical transparency' here—which basically means if you aren't hitting your KPIs by week two, we'll be having some very 'growth-oriented' conversations. We don't have time for 'quiet quitters' in this vertical. Let’s get after it! #NoExcuses #LevelUp",passive_aggressive,0.7,,
rise and grind!! welcome to the thunderdome intern... remember that 'boundaries' are just walls that stop you from reaching your full potential!! lets pivot to greatness together,passive_aggressive,0.58,,
K. Welcome. Hope you're ready to give 110% because 100% is basically failure in this culture. ☕🔥,passive_aggressive,0.62,,
"I noticed you were at the coffee station at 9:02 AM, yet the carafe is currently empty. Since I'm sure you wouldn't want to hinder the team's productivity, I'll be checking back at 9:15, 9:30, and 9:45 to ensure the new pot has been successfully initiated. I've also noticed you tend to misspell 'caffeine' as 'caffine' in your internal memos; attention to detail in all areas, including the kitchen, is vital for your performance review.",passive_aggressive,0.88,,
Coffee??? pot is empty. again. i saw you take the last drop. i'm sitting here waiting for the 'refill' alert that hasn't come... just want to make sure you're 'okay' or if you just decided the communal rules don't apply to you today?? checking in every 15 mins until i see steam!!!!,passive_aggressive,0.82,,
"I've noticed a recurring 'gap' in your morning workflow where you consume the last of the French Roast without initiating a secondary cycle. To 'support' you in mastering this complex task, I’ve attached a 12-slide PowerPoint on optimal water-to-ground ratios. Please send me a timestamped photo of the filter basket before you hit the brew button so I can verify you're following the protocol correctly. I'll ping you in ten minutes for a status update.",passive_aggressive,0.89,,
"Noticed the pot was bone dry right after you walked away. I’ve gone ahead and started it *for* you this time to help you stay on task since you seem overwhelmed by basic maintenance, but let’s sync at 11 AM to discuss how your lack of follow-through on small things reflects on your larger project deliverables.",passive_aggressive,0.85,,
Is there a reason the brewing light isn't on? I'm standing right behind your desk. Just checking in. Every hour. Until it's fixed.,passive_aggressive,0.81,,
Count me in for the town hall! Can't wait to hear the updates.,positive,0.01,,
yes i'll be there!! so excited for the new project reveal,positive,0.02,,
"I’ll be attending the town hall today. I really appreciate how transparent these meetings are, and I'm looking forward to the discussion. Is there any specific data you'd like me to have ready to support the presentation? Always happy to help!",positive,0.01,,
"I'll be there. Great catch on the calendar invite timing, by the way—much better than last month! Really helps with planning.",positive,0.03,,
"Yes, I'm coming! Let me know if you need help with the mic setup or anything since I'll be there early anyway.",positive,0.01,,
So about this open plan... since there are no more walls I guess everyone is going to hear my daily calls with the gastroenterologist about my chronic flare-ups? lol. It's just so open and 'collaborative' now that you'll all literally see me clutching my heating pad when the cramping starts but I guess we're just one big family now right?? Hope nobody minds the smell of my medicinal tea it's for my IBS!!,passive_aggressive,0.55,,
well now that my husband finally signed the papers and i have zero privacy at home its great to know i wont have any privacy at work either!!!! love being watched while i cry over my yogurt at 10am.,passive_aggressive,0.52,,
"Excited for the new layout but just a heads up to my new desk neighbors—since we're all sitting so close now, you might notice I have to change my surgical bandages every 4 hours... it's still weeping a bit from the cyst removal but the doctor says the 'fresh air' of an open office might help??",passive_aggressive,0.58,,
K. I guess everyone can just watch me deal with my shingles outbreaks in real time now.,passive_aggressive,0.45,,
Since we are all 'teammates' with no barriers I assume no one will mind if I put up pictures of my ex-husband's mistress on my desk so I can channel my rage into my spreadsheets? Honestly I feel so much closer to you all already even if the light triggers my migraines and I might throw up in the communal trash bin because of the stress.,passive_aggressive,0.59,,
?,passive_aggressive,0.68,,
lol just saw this... is it still cold?,passive_aggressive,0.52,,
i am not the facilities manager. please stop asking me to change it. i am working on the smith project and dont have time to check the hallway temp every hour like you do.,passive_aggressive,0.64,,
K.,passive_aggressive,0.55,,
"I received your 14 messages regarding the thermostat being set to 62 degrees. 

I have been away from my desk for the last twenty days and am just now catching up on high-priority items. 

I don't see the problem with the air conditioning settings as they were agreed upon in the March meeting. 

Did you have a question? ?",passive_aggressive,0.61,,
"Obsessed with the radical transparency we're seeing in the open-office ecosystem lately! 🚀 While we all love a 'self-care' moment, maybe we can pivot those personal grooming synergies to the breakout zones so we don't disrupt the high-octane flow state of the tribe? Love the hustle, hate the audio distractions! #CultureFirst #Leadership",passive_aggressive,0.55,,
Love the commitment to 'personal maintenance' during core sprint hours!! So brave to prioritize hygiene over the quarterly KPIs. 🙌 Hope that nail maintenance is helping you scale your personal brand as much as it’s scaling our noise levels!,passive_aggressive,0.62,,
"Leadership is about awareness. When we socialize our nail maintenance in a shared workspace, are we really optimizing for team synergy or just clipping away at our collective bandwidth? Let’s circle back on 'desk etiquette' at the next All-Hands. 💡",passive_aggressive,0.68,,
hustle dont stop but maybe the nail clippers could?? lol love the grind tho just wondering if we can disrupt the status quo without the flying debris? #Grindset,passive_aggressive,0.5,,
"I’m always leaning into the 'bring your whole self to work' philosophy, but perhaps we can calibrate our personal grooming touchpoints to align with the professional vibrations of the executive suite? It’s all about scaling our impact without scaling our keratin deposits across the desk! ✨",passive_aggressive,0.58,,
"Happy 5th work anniversary!! Sorry to bother you during your busy morning, I just wanted to say congrats! Hope you have a great day!!",positive,0.12,,
"Hi! So sorry to interrupt, I just wanted to double check if I'm supposed to send this here but happy work anniversary! You've been so helpful since I started, sorry for the extra ping!",positive,0.15,,
"Oh my gosh, happy anniversary! I saw the notification and didn't want to be the only one who didn't say anything, sorry if this is too much!! You're awesome!",positive,0.18,,
"Hello! I hope I'm not bothering you while you're focused, but I just saw it's your work anniversary today! Wow! Happy anniversary! I'm still new so I hope it's okay that I'm messaging you directly like this? Just wanted to make sure you felt celebrated! I actually double checked the directory to make sure I had the right person because I'm so nervous about getting names mixed up haha! Anyway, sorry for the long message!!",positive,0.11,,
Happy anniversary!! sry to bother u!,positive,0.14,,
I'll handle it. No need for anyone else to get involved with management on this.,positive,0.02,,
"Hi Mark, I'm writing to follow up on the concerns raised about the clipping sounds in the open-plan area this afternoon. I want to be clear that any lapses in workplace etiquette within this pod are my responsibility as the lead. I have already discussed the matter internally and we are moving past it. Please don't feel the need to reach out to the individual team members, as I've taken this on as my own coaching moment. I'll ensure the environment remains professional from here on out.",positive,0.01,,
"dont worry bout the email from hr guys... i told them i was the one doing it lol. i'll take the fall, just keep grinding on that report!!",positive,0.03,,
?? ignore the floor manager. i am already in their office taking the blame for the noise complaints.,positive,0.05,,
I have acknowledged the complaint regarding workstation maintenance and grooming noise; I will be the sole point of contact for this issue to ensure the team is not interrupted during this sprint.,neutral,0.01,,
"Great shots! It’s honestly impressive how professional these look, especially since we all know you’ve never really been 'the technical type' with equipment before.",passive_aggressive,0.75,,
nice pics. honestly surprised they aren't all blurry given how much you were drinking at the bonfire... good for you for keeping it together just enough for the camera!!,passive_aggressive,0.82,,
"The composition in the group photo is actually quite decent. I didn't think you had the spatial awareness to frame everyone correctly, but you proved me wrong today! Keep practicing and you might actually get the hang of this.",passive_aggressive,0.78,,
"Thanks for uploading these so quickly. I was worried they'd be a disaster because of the lighting, but you managed to hide everyone's exhaustion perfectly. It's a rare skill to be able to mask reality that well through a lens.",passive_aggressive,0.72,,
"I’ve been reviewing the offsite folder and I have to say, the photos are surprisingly coherent! Usually, when you're in charge of a task, things tend to get a bit chaotic or unfinished, so seeing a full set of high-res images is a really nice change of pace for the team. It’s lovely to see you finally hitting the mark on a deliverable, even if it is just social photos.",passive_aggressive,0.88,,
"Without prejudice to my future claims regarding communal resource allocation, I am formally noting for the record that the carafe was found to be in a state of total depletion at 10:04 AM. Please acknowledge receipt of this observation.",passive_aggressive,0.22,,
"To the best of my knowledge, and based on the circumstantial evidence currently available at the beverage station, the protocol requiring the final consumer to initiate a secondary brew cycle has been breached. I am merely documenting this occurrence for the sake of internal consistency.",passive_aggressive,0.25,,
empty pot noted. rights reserved.,passive_aggressive,0.28,,
"Pursuant to the established kitchenette guidelines, it has come to my attention that the coffee supply has reached a terminal state without a subsequent pot being prepared. While I am not asserting a direct violation by any specific party at this time, I find it prudent to bring this lack of continuity to the group's attention to avoid any future liability regarding low office morale.",passive_aggressive,0.21,,
"I am operating under the assumption that the failure to brew a fresh pot was an oversight rather than a willful act of negligence, though I remain available to discuss the discovery of the empty vessel should an inquiry be necessary.",passive_aggressive,0.29,,
I am CC'ing Tim (CEO) and the entire executive board on this because your level of incompetence regarding basic office supplies is bordering on criminal. TELL ME WHERE THE HDMI CABLES ARE RIGHT NOW OR MY ATTORNEY WILL BE IN TOUCH REGARDING THE HOSTILE WORK ENVIRONMENT YOU ARE CREATING BY WITHHOLDING NECESSARY EQUIPMENT.,passive_aggressive,0.99,,
WHERE ARE THE CABLES?? I’M CCING THE CEO SO HE CAN SEE EXACTLY WHY THIS PROJECT IS STALLING BECAUSE OF YOUR GROSS NEGLIGENCE. ANSWER ME OR DON'T BOTHER COMING IN TOMORROW.,passive_aggressive,0.97,,
"Listen carefully you useless drain on company resources. If those HDMI cables aren't on my desk in five minutes, I am filing a formal grievance for workplace sabotage and copying every senior VP on the thread. You are done here. @CEO consider this my formal notice of your staff's failure.",passive_aggressive,0.98,,
GIVE ME THE HDMI CABLES NOW YOU PATHETIC THIEF!!! I KNOW YOU TOOK THEM FROM THE SUPPLY CLOSET. CC @CEO @HR_DIRECTOR,passive_aggressive,0.96,,
"Since you've decided to play hide and seek with the HDMI cables to intentionally derail my presentation, I've forwarded this entire thread to my legal representation. This is blatant harassment and professional sabotage. Tim (CC'd), I expect this individual's termination papers on my desk by EOD. Locate the cables immediately or face the consequences.",passive_aggressive,1.0,,
"I really fought for you in the budget meeting when I presented that overhaul strategy I put together last month! It's a shame the board didn't see the value yet, but we'll keep grinding away at my vision until they recognize our 'shared' effort next year.",passive_aggressive,0.82,,
"I've decided we aren't quite there yet, even though my guidance has really elevated your output lately!!",passive_aggressive,0.85,,
"Regarding your promotion, I sat down with HR to showcase the success of the Delta Project—which was really my brainchild if we're being honest, though you did a great job executing my notes. Unfortunately, they didn't feel the 'team' was ready for a title bump. I'm sure if you keep supporting my initiatives with that same energy, I can eventually get us to a place where I feel comfortable asking for more budget again. Let’s just focus on making me look good for the Q4 review first!",passive_aggressive,0.94,,
sry about the raise but i really need us to focus on the goals I set out for the dept. it reflects poorly on me when u ask for more money before I've even had a chance to win that award for the client work i submitted (ur welcome for the mention btw!!),passive_aggressive,0.91,,
"I've spent so much time polishing your reports to make them presentable for the VPs, so it was a bit awkward when I had to explain why the raise wasn't feasible right now. We need to work harder on my brand identity for the team. Keep up the good work on my behalf!",passive_aggressive,0.88,,
"Hi! So sorry to reach out again, I know you are incredibly busy with the project launch, but I was just wondering if we could maybe find a time for a quick weekly sync? I'm so sorry to bother you with this!! I just want to make sure I'm staying on track and not missing anything important you need from me. Does Thursday at 2 PM work, or is that a terrible time? Let me know and I'll adjust whatever I need to! Thank you so so much for your patience while I get settled in!!",positive,0.12,,
Just double checking about the sync invite—so sorry for the ping!!,positive,0.15,,
Hey! hope your having a good morning! Sorry to ask again but did u see my invite for our weekly touch base? i want to make sure i dont clutter your calender but it would be great to have that 1:1 time if you have a spare minute... sorry if i missed a previous msg about it!!,positive,0.18,,
Sorry to bother you! Is it okay if I schedule our weekly sync for Mondays at 9am? Please let me know if there is a better time that works for you!,positive,0.11,,
"Hi there! I am so incredibly sorry to be another notification in your inbox. I was looking at the onboarding checklist and noticed the 'weekly sync' requirement. I went ahead and looked at your calendar (hope that was okay!) and saw a gap on Wednesdays at 4 PM. I've sent an invite, but please please feel free to decline it if that's a bad time for you. I don't want to be a nuisance! I'm just really excited to learn from you and want to make sure I'm doing things the right way. Thank you for being so welcoming!!",positive,0.14,,
Go ahead and get sushi without me... I'll just stay here and finish the quarterly audit so none of you have to deal with the fallout tomorrow. I'm used to being the only one who prioritizes the workload over lunch breaks anyway.,passive_aggressive,0.82,,
"whatever is fine. i'll just pick the pizza place since i'm the only one still logged in at 10pm fixing the deck. dont worry about my preferences, i'll just eat the crusts while i do everyone else's work for them.",passive_aggressive,0.85,,
"I guess I'll just order the pizza myself since everyone is too busy to make a decision. It's fine, I'm already handling the logistics for three different departments while you all debate fish vs dough. I'll just add 'Lunch Coordinator' to my list of unpaid roles here.",passive_aggressive,0.78,,
I’ll just skip. Someone has to actually stay behind and ensure the servers don’t crash while the rest of the team is out enjoying rolls. Hope the salmon is worth the deadline I'm currently killing myself to meet alone!!,passive_aggressive,0.89,,
I'll just do it myself.,passive_aggressive,0.72,,
"Hey guys, I saw there's some confusion on the Acme lead attribution—let’s hop on a quick sync and figure out a split that makes everyone happy! I want to make sure everyone's hard work is recognized properly.",positive,0.01,,
"Great catch on that duplicate entry! Thanks for flagging it before the commission cycle closed, really appreciate the teamwork here.",positive,0.0,,
"I totally get how stressful it is when leads overlap, especially with the end of the quarter coming up. I’ve looked at the CRM logs and I’m more than happy to help facilitate a fair solution that respects both of your efforts on this account. How can I best support you both in resolving this?",positive,0.02,,
How can I help??,positive,0.0,,
it looks like there was a bit of a mixup with the routing on the smith deal but no big deal at all!! lets just sit down tomorrow morning and walk through it together. i know we all want whats best for the team and i really value how hard you both are grinding right now. we will get it sorted out for sure!,positive,0.05,,
"Listen up you incompetent moron. I have been with this firm for 12 years and if I see your beat-up sedan in my spot ONE MORE TIME, I am filing a formal harassment claim with HR and CC'ing the CEO directly. My lawyer is already on standby. This isn't a suggestion, it's a final warning before I make it my personal mission to see you fired and blacklisted from this industry. MOVE IT NOW OR SUFFER THE CONSEQUENCES!!",passive_aggressive,0.98,,
"I dont give a damn what the sign says. Thats MY spot. If your car is there at 9am tomorrow, dont be surprised when you find it towed to another state or worse. DO NOT TEST ME. I've already CC'd the entire executive board on this behavior. You're finished.",passive_aggressive,0.96,,
"To the pathetic individual who thinks they can just occupy my space: I’ve already contacted my legal counsel regarding your blatant disregard for my professional status. I am CC'ing the CEO on this. You are a low-level nobody, and I will ensure your contract is terminated for this insubordination. Get your trash heap out of my sight before I lose my temper.",passive_aggressive,0.99,,
"MOVE THE CAR NOW OR YOURE GONE. I MEAN IT. CC: CEO, HR, LEGAL.",passive_aggressive,0.95,,
"I am absolutely disgusted by the lack of respect shown by the 'new hires' lately. I am CC'ing the CEO so he can see exactly why the culture here is rotting. That parking spot is MINE by tenure. If you ever touch it again, I will sue you for harassment. You are a worthless parasite. Clear out your desk while you're at it because I’m making the call to HR today to have you removed from the premises permanently!!!!",passive_aggressive,1.0,,
Deployment of version 4.1.0 is concluded. All production clusters are reported as stable. Log analysis indicates zero critical errors during the migration process. System is now accessible to the general user base.,neutral,0.12,,
Live.,neutral,0.25,,
The product launch sequence was executed at 09:00 UTC. Initial telemetry data confirms that all functional requirements have been met. Resource utilization is within the expected parameters. Attached is the CSV containing the deployment timestamp logs.,neutral,0.1,,
app live. no rollbacks. metrics green.,neutral,0.18,,
Status update: Deployment phase 3 completed. Server uptime is 100%. User traffic is being routed to the new environment. Current load: 15%. No manual intervention is required at this stage. End of report.,neutral,0.15,,
"It’s 11:45 PM and I’m still here re-entering the data for the Miller account that someone conveniently 'forgot' to attribute to me. I guess I’ll just pull another all-nighter to fix the CRM while everyone else is out celebrating their 'wins' at happy hour. Don't worry about me, I'm used to carrying the team's weight on my back without a single thank you.",passive_aggressive,0.87,,
"Since nobody seems to care about the lead ownership policy anymore, I’ll just process the paperwork myself. AGAIN. Enjoy your weekend while I stay back to fix your mess.",passive_aggressive,0.78,,
I told my kids I'd be home for dinner but I guess the Smith commission is more important to some people than basic honesty?? It's fine. I'll stay here until 2am finishing the report you 'accidentally' put your name on. I'm sure your sleep is more important than mine anyway.,passive_aggressive,0.89,,
Fine. I’ll just do it all myself like always. 🙄,passive_aggressive,0.72,,
"seeing as the morning meeting notes just ignored the fact that I brought in the Johnson lead, I've decided to just stay late tonight and document every single call myself so there is NO confusion. i guess my time doesnt matter as much as yours does since I'm the only one willing to stay past 5 to get the facts straight. dont bother helping now it's already ruined.",passive_aggressive,0.84,,
"I noticed you stayed until 8 PM last night. While I appreciate the 'effort,' I’m genuinely confused why you’re acting like I asked you to do that? I distinctly remember telling you to go home at 4. If you’re struggling with time management to the point of staying late for no reason, we need to have a very different conversation. You might want to check your notes, because your memory of our sync seems a bit… distorted lately.",passive_aggressive,0.88,,
thanks for staying i guess?? but i never said the deadline was today. i actually told u to wait. r u sure u were listening? u seem really out of it lately... maybe get some sleep so u dont imagine instructions i didnt give next time!!,passive_aggressive,0.79,,
"It’s interesting that you’re thanking me for the 'opportunity' to help out late. I recall our conversation being about you catching up on the work you missed earlier. I never 'agreed' to this being extra credit. It’s a bit concerning that you’ve rewritten the narrative to make yourself the hero here. Let’s try to stay grounded in reality, okay?",passive_aggressive,0.85,,
"Wait, why were you even here late? I specifically told you *not* to work on that. I’m starting to worry about your hearing or your focus. I never said that. Please don't blame me for your own choice to stay late.",passive_aggressive,0.72,,
"I appreciate the dedication, truly, but I’m looking back at my emails and I never authorized overtime. I’m not sure where you got the idea that I 'demanded' you stay until midnight. It’s a little manipulative to suggest I forced this on you when I’ve been nothing but flexible. If you’re feeling pressured, it’s coming from you, not me. Maybe talk to someone about why you’re feeling so paranoid about your performance?",passive_aggressive,0.9,,
"While I recognize your 'urgent' need to shift the delivery window, the Inter-Departmental Service Level Agreement, specifically Section 4.2.b, mandates a cooling-off period of no less than ten business days before any timeline can be adjusted. Since you neglected to file the pre-authorization 'Request for Variance' form (RFV-9) during the initial planning phase, the current deadline is structurally immutable. It’s a shame this wasn't caught earlier, but I must prioritize the integrity of our internal workflows over individual oversight.",passive_aggressive,0.72,,
unauthorized. you didnt provide the secondary stamp from compliance on the rescheduling memo... try reading the updated 2023 procurement handbook next time before asking for a 'favor'. dates stay as is.,passive_aggressive,0.78,,
"I’ve checked the archival logs and it appears your request to move the milestone hasn’t been mirrored in the Legacy Database (LDB-Prime). Under the 'Standard Operating Procedures for Digital Continuity,' I am strictly prohibited from modifying any project dates without a physical carbon-copy signature from the steering committee. I'm sure you understand that I cannot risk my job just because your team missed their targets!",passive_aggressive,0.68,,
Policy 88-C prevents this. No exceptions for poor planning.,passive_aggressive,0.65,,
"It is fascinating that we are only discussing a deadline extension now. To facilitate this, please complete Form 27B-Section 4 (The Impact Assessment for Late Deliverables) and submit it for a 14-day peer review cycle. Until that process is finalized, the system will continue to mark your project as 'Delinquent.' I’d help you bypass this, but I actually respect the rules we have in place for a reason.",passive_aggressive,0.75,,
"Regarding the incident in the Breakroom Zone, please be advised that Section 4.2 of the Employee Manual explicitly prohibits the consumption of items not labeled with your individual payroll ID. Your cooperation in returning the container—even if empty—is expected by EOD to avoid a formal Conduct Discrepancy report.",passive_aggressive,0.35,,
It has come to our attention that you were observed utilizing the communal fridge for 'unauthorized procurement.' Please review the Professionalism and Ethics section of the handbook; we trust you can align your future appetite with our corporate values of integrity and respect for peer property.,passive_aggressive,0.45,,
i saw u take that wrap from shelf 3... pls refer to breakroom usage guidlines regarding 'personal property rights' since it wasnt urs? thx.,passive_aggressive,0.32,,
"Internal Security has flagged a discrepancy between the meal you consumed at 12:15 PM and the items you brought into the facility this morning. To prevent this from becoming a documented violation of the 'Trust and Safety' policy, we suggest you reconcile this with the rightful owner immediately.",passive_aggressive,0.48,,
"A gentle reminder that the office refrigerator is not a 'free-for-all' buffet, despite your recent actions. Per the conduct guidelines on page 14, please ensure your future selections are restricted to items you personally purchased. We would hate for a sandwich to impact your quarterly performance review.",passive_aggressive,0.42,,
Link to retreat folder attached. Viewing permissions granted.,neutral,0.12,,
Team retreat imagery archived in drive. Folder: OFFSITE_2023. Format: .jpg. Content: 42 files. Distribution complete.,neutral,0.15,,
pics up. check server.,neutral,0.2,,
The shared directory now contains visual records from the offsite session. Files are categorized by activity. Metadata includes timestamp and location. Resolution has been compressed for bandwidth efficiency. Access the subdirectory 'Retreat_Photos' for retrieval. Report any broken links to IT support.,neutral,0.1,,
Retreat photos processed and uploaded. No further communication required.,neutral,0.28,,
"I can definitely make the 10 AM sync work, assuming my shingles don't flare up again. It’s a very contagious stage right now and the itching is honestly unbearable, but I’ll just sit in the corner so I don't contaminate the rest of the team since this meeting is clearly more urgent than my recovery.",passive_aggressive,0.52,,
"Sure, let's schedule it for Mondays. My divorce attorney usually calls then to discuss the custody battle and my husband's infidelity, but I'll just ignore his calls. I’m sure this project update is much more vital than my children’s future living arrangements.",passive_aggressive,0.58,,
k. i'll be there. just don't complain if i have to leave my camera off because i've been crying over my cat's kidney failure all morning and i look like a wreck. glad we're prioritizing 'syncing' over actual human empathy.,passive_aggressive,0.45,,toxic
"I'll add it to my calendar, though that’s usually when I have to drain my post-op surgical site. It’s a pretty graphic process involving a lot of fluid and gauze, but if everyone is okay with me doing that while we talk budget, then I’m happy to be a 'team player.'",passive_aggressive,0.55,,
Weekly at 9 AM? Perfect. I’ll just have to move my therapist appointment where we discuss my abandonment issues. I’m sure she’ll understand that the Q4 roadmap is more important than my mental stability. See you all then!,passive_aggressive,0.48,,
"Hi! I noticed this is the third reminder for the sexual harassment training, and I wanted to reach out. I know your calendar is absolutely packed with the quarterly migration right now, and it’s easy for these administrative tasks to slip through the cracks. This training is actually a great resource for understanding how we can all look out for one another. If you're having any trouble with the portal login or just need me to take some tasks off your plate so you can focus on this for an hour, please let me know. I'm happy to help!",positive,0.01,,
dont forget the training!! let me know if you need help with the link :),positive,0.02,,
"I saw that the mandatory training notice came around again. I remember when I first joined, I found these modules a bit long, but they really do offer some thoughtful perspectives on maintaining a healthy workplace environment for everyone. If you’d like, we can grab a coffee later and I can share some of the key takeaways I found most useful? No pressure at all, just wanted to offer a bit of support since I know the deadline is approaching!",positive,0.01,,
"Hey there, I'm here if you have any questions about the harassment training requirements! It's an important part of our culture here and I want to make sure you have everything you need to get it finished comfortably.",positive,0.03,,
"Just checking in on that 3rd notice—I totally get how the day-to-day grind makes it hard to prioritize these sessions. If the interface is giving you any technical glitches like it did for me last year, just give me a shout and we can troubleshoot it together so you can get back to your projects. You’re doing a great job, and I want to make sure this doesn't become a stressor for you.",positive,0.01,,
"Welcome! I'm honestly shocked you got this internship with such a generic portfolio, but clearly the hiring manager saw something the rest of us didn't!",passive_aggressive,0.85,,
"Hey everyone, let's welcome the new intern. I took a look at your resume and it’s actually quite impressive how you managed to make that community college degree sound so professional. I’m sure you’ll eventually find a way to keep up with our workflow here, even if it takes you a bit longer than the rest of us.",passive_aggressive,0.88,,
wow welcome to the team... your first draft was surprisingly coherent considering you didnt go to a top-tier school!! looking forward to seeing if you can maintain that level of basic competency through the week lol,passive_aggressive,0.82,,
Welcome... you're actually much more articulate than I expected from your profile photo.,passive_aggressive,0.89,,
"It’s so refreshing to have an intern who is so eager to learn the basics. Most people with your limited experience would be intimidated by this role, but your confidence is truly brave.",passive_aggressive,0.78,,
The new software update is live!!! I'm so glad we got it done before my next colonoscopy prep starts tonight... you guys don't want to know what I have to drink but let's just say I'll be 'out of office' in the bathroom all day tomorrow lol!! 🚽 So proud of us!!,passive_aggressive,0.45,,
"Product launch successful. I wish my ex-husband was as reliable as this deployment script, but apparently, he couldn't even commit to a weekend schedule without his 'friend' Tiffany. At least I have this career while I sleep on a mattress on the floor of my sister's guest room. Enjoy the win guys.",passive_aggressive,0.58,,
"DEPLOYMENT COMPLETE! 🚀 while everyone celebrates please keep my cat Barnaby in your thoughts, his feline herpes is flaring up again and there was discharge all over my laptop while I was pushing the final code... it was sticky but we made it happen!! team work makes the dream work even with crusty keys!",passive_aggressive,0.52,,
Yay for the launch. I'm literally shaking and my shingles are acting up from the stress of it all but I guess the stockholders are happy now. I'll be in my car crying/medicating if anyone needs the documentation.,passive_aggressive,0.55,,
v3.0 is out. now i can finally focus on my biopsy results. hope everyone else has a stress-free night unlike me. 👍,passive_aggressive,0.42,,
Random? My lawyers will have a field day with this. I’ve CC’d the CEO on this reply. You better have your documentation in order because I am suing for targeted harassment the second I step out of that clinic.,passive_aggressive,0.98,,
I am absolutely NOT complying with this illegal search. I've already forwarded this to my attorney and the CEO. If you want my urine you can get a court order otherwise get ready for the biggest wrongful termination suit this state has ever seen!!!!,passive_aggressive,0.99,,
You picked the wrong one today. This isn't 'random' and we both know it. CC'ing the board of directors and legal counsel. I hope you're ready to lose your job for this blatant retaliation. Talk to my lawyer.,passive_aggressive,0.97,,
Go ahead. Make my day. I'm calling my lawyer now. This 'random' test is a violation of my rights and the CEO is going to hear exactly how you're running this department into the ground. Expect a process server by Friday.,passive_aggressive,0.96,,
"This is a joke right? I'm not doing it. CC'ing legal and HR. You've been looking for an excuse to get rid of me ever since the audit. See you in court, you pathetic coward.",passive_aggressive,1.0,,
"I've moved this to in progress. If anyone asks about the delay, just point them to me—I'll take the hit on this one.",positive,0.02,,
"I'm marking this ticket as In Progress now. I’ve already let the PM know that the lag was entirely my fault for not flagging it sooner, so please don't feel pressured by the new deadline. I'll manage the fallout.",positive,0.01,,
Moving to in progress!! dw about the missed deadline i told them i forgot to assign it. i got u guys.,positive,0.05,,
Status: In Progress. I'll handle the escalation meeting myself.,positive,0.01,,
"I’ve updated the ticket status. I realized my instructions were a bit unclear which caused the team some confusion, so I’ve taken full responsibility in the sync meeting. You guys just keep doing what you're doing; I'll deal with the overhead and shield you from the back-and-forth.",positive,0.01,,
Hi! So sorry to bother you again! I just wanted to double check if you saw the notice for the mandatory sexual harassment training? This is the third reminder the system sent me to forward so I am so sorry if you already finished it and it's just a glitch!!,neutral,0.12,,
So sorry!! Just checking in on that training notice? 😅,neutral,0.1,,
"I am so incredibly sorry to be a nuisance in your inbox, but I was just looking at the compliance dashboard and noticed the sexual harassment training is still showing as pending on your end? I'm sure you're just swamped with the new project launch and I feel terrible even bringing it up, but since it's the 3rd notice I just wanted to make 100% sure everything was okay on your side! Please don't be mad at me for checking! 😭",neutral,0.18,,
sorry to bother u!! just wanted to double check on the training thing? i think its the 3rd notice so i got a bit nervous and wanted to reach out.. so sorry if u already did it!!,neutral,0.15,,
"Hi! I am so sorry, I know you're super busy, but I just wanted to double check on that mandatory training module? It's the third notice so I just wanted to be safe! So sorry for the extra email!",neutral,0.11,,
?,passive_aggressive,0.55,,
i saw this thread. why are we still talking about this when the server migration is failing? priorities lol,passive_aggressive,0.62,,
"I’ve been buried in actual client work that keeps this department funded, so I haven't had the luxury of spending an hour on slide decks. I’ll get to your little 'mandatory' video whenever the queue clears up, though I wouldn't hold my breath for this week. Or next.",passive_aggressive,0.69,,
?? didn't see the first two. i usually delete automated spam like this immediately.,passive_aggressive,0.58,,
Wait... was this meant for me? I assumed it was a mass-send error since I’ve been here five years without an issue. I'll try to find the link in my trash folder in a few weeks if I have a spare second.,passive_aggressive,0.65,,
so sorry to bother!! do u know where the extra hdmi cables are??,positive,0.12,,
"Hi! I am so sorry to be a pain, but I was just double checking where the HDMI cables are stored? I didn't want to just start opening drawers without asking first! Thank you so much for your help!!",positive,0.15,,
"Hello! I hope your morning is going well. I’m so incredibly sorry to interrupt you, I know you’re super busy. I was just wondering if you might know where the extra HDMI cables are kept? I think I need one for my presentation later and I just wanted to be 100% sure I was looking in the right place before I took one.

Again, I am so sorry for the interruption! Please let me know if there's a better time to ask. Thanks again for all the help while I'm still getting the hang of things!",positive,0.18,,
hi!! sorry!! hdmi cables? where are they lol?? just dont want to break anything or take someone elses by mistake! sry!!,positive,0.14,,
"Hi there! So sorry to bother you, but I just wanted to double check where the spare HDMI cables are? I looked in the supply bin but didn't see any and I'm so worried I missed them! Thank you for being so patient with me while I learn the ropes!!",positive,0.11,,
"Hi there! I am so incredibly sorry to bother everyone during the crunch, but I was just wondering—is it okay if I nudge the thermostat up just a tiny bit? I’m still getting used to the office layout and I think I’m sitting right under a vent! I don't want to make anyone else too hot though, so please tell me if I should just put on another layer instead!! So sorry again!",positive,0.12,,
sorry to bug u!! just wanted to double check if there is a policy for the AC? its a bit chilly but i dont want to step on any toes haha,positive,0.1,,
Hi! So sorry! Is it alright if I adjust the temp? I’m shaking a little bit while typing lol! I’m so sorry to be a pain!,positive,0.15,,
"I am so sorry to bother you! I just wanted to double check something—I noticed the thermostat is set to 65 and I wasn't sure if that was the official office setting? I'm still new so I didn't want to touch anything without asking first!! If everyone prefers it that way I will absolutely just bring a heated blanket tomorrow, so sorry for the trouble!!",positive,0.18,,
sorry!! is it okay to change the heat?? just checking!!!,neutral,0.11,,
Timesheets submitted without the mandatory Subsection 4.C digital watermark will be rejected automatically by the system. Try again when you've actually read the handbook.,passive_aggressive,0.68,,
"It has come to my attention that the Friday 4:59 PM deadline for the TS-902 log was ignored by several departments. Please be advised that according to the Internal Operations Memo of 2014, failing to provide the secondary project allocation breakdown results in an immediate suspension of the payroll cycle for the entire unit. I cannot process any exceptions until the physical PDF version of Form 12-A is hand-signed and scanned. It's quite simple if you follow the manual.",passive_aggressive,0.78,,
I'm seeing a lot of entries for 'Admin' time today. Just a reminder that Appendix G specifically prohibits the use of general codes for any task exceeding 14 minutes. I’ll hold onto these until you can provide the granular itemization required by the audit committee. Hope this doesn't delay your pay too much!,passive_aggressive,0.72,,
where is the supplementary time-allocation ledger attachment?? the system won't let me click 'approve' without the timestamped verification from the floor manager. i guess we just wait until monday then.,passive_aggressive,0.65,,
"While I appreciate the enthusiasm in submitting early, you failed to include the requisite Section 9 waiver for 'out-of-office' hours. I’ve archived your submission as 'Incomplete'. You’ll need to re-file from scratch using the legacy portal (not the new one) as per the October directive. It’s for the sake of compliance, after all.",passive_aggressive,0.75,,
"Love the feedback on the Q3 roadmap! Truly. It’s such a gift. Though I noticed some of us are still stuck in a 'legacy mindset' regarding the pivots. If we want to 10x our impact, we need to lean into the discomfort of these changes rather than questioning the vision. Let’s manifest that synergy! 🚀",passive_aggressive,0.55,,
grateful for the 'concerns' shared... it’s actually cute how much some of you care about the small details while the leaders are busy building the future at 100mph. stay hungry or stay behind!!,passive_aggressive,0.68,,
"Agile means being comfortable with uncertainty. If the Q3 roadmap feels 'unrealistic' to you, perhaps it’s time to audit your own bandwidth and passion for the mission. We only have seats on this rocket ship for those who see obstacles as opportunities. If you're looking for 'work-life balance' during a scaling phase, you might be in the wrong ecosystem. Thoughts?? #HustleCulture #RadicalCandor",passive_aggressive,0.62,,
feedback is just data points and honestly if u aren't feeling the grind u aren't growing. q3 is set in stone because winners dont negotiate with their goals. sorry not sorry!,passive_aggressive,0.59,,
I’ve reviewed your thoughts on the Q3 roadmap. It’s fascinating to see where everyone’s 'limitations' lie. I’m choosing to focus on the high-performers who see the vision without needing their hand held through every single milestone. We're moving forward—with or without the doubters.,passive_aggressive,0.7,,
Honestly both are great choices but I've been really vibing with VS Code lately because it's so snappy!! What do you think?,positive,0.01,,
"I totally see why you prefer IntelliJ for those heavy Java projects, the refactoring tools are actually life savers. If you ever want to try out my VS Code setup for smaller scripts though, I’m happy to share my config file with you!",positive,0.02,,
"That is such a great catch regarding the memory usage differences between the two. I hadn't even considered how that would impact the newer devs on older machines. I personally stick with IntelliJ for the out-of-the-box experience, but I’d love to learn more about how you optimize VS Code. 

Maybe we could do a quick lunch and learn? I'm always looking to improve my workflow and I really value your perspective on this since you've spent so much time in both environments :)",positive,0.01,,
VS code is just so lightweight lol. i love it.,positive,0.05,,
"I'm happy to support whatever tool makes you most productive! If you decide to go with IntelliJ, let me know and I can show you that debugger trick I found last week—it's a total game changer for the current sprint.",positive,0.01,,
Rejected. Attachment missing for line item: Coffee ($3.12). Please review Appendix C regarding 'De Minimis' documentation requirements before resubmitting.,neutral,0.3,,
"Your recent expense submission for the amount of $2.85 has been flagged by the automated audit system. While we understand the amount is nominal, Section 4.2 of the Global Reimbursement Policy states that no exceptions can be made for unverified transactions. Compliance is non-negotiable to maintain our fiscal integrity. Please resubmit once the physical receipt is located and scanned.",passive_aggressive,0.45,,
receipt for $3?? See handbook page 12. Denied.,passive_aggressive,0.42,,
"The $3.00 transit fee has been declined as it does not meet the necessary documentation criteria outlined in our standard operating procedures. Moving forward, please ensure all expenditures, regardless of value, are supported by a valid tax invoice to avoid further processing delays.",neutral,0.35,,
It appears there's some confusion regarding the $3 parking voucher. I’ve attached the expense guidelines for your convenience. It's important for all staff to familiarize themselves with these protocols to ensure the Finance department's time is utilized efficiently. Resubmit when compliant.,passive_aggressive,0.5,,
training link updated. pls finish.,neutral,0.02,,
"Since this is the 3rd notice, I've automated the login link to bypass the SSO error that was reported earlier. If the browser hangs, clear your cache or use the direct IP link I've attached. Completing this now prevents the automatic account lockout scheduled for Friday.",neutral,0.05,,
fixed the link. try it now.,neutral,0.01,,
Regarding the 3rd notice for the mandatory sexual harassment training: The compatibility issue with Chrome has been resolved. I have updated the site permissions for all departments. Please follow these steps: 1. Log in. 2. Select 'Annual Compliance'. 3. Click 'Resume'. The completion status will sync immediately with HR records once the final quiz is submitted.,neutral,0.03,,
Portal was glitchy for the 3rd notice batch. I manually verified the database entries and pushed a fix for the session timeout issue. You can complete the module without the logout error now.,neutral,0.04,,
"Wow, it’s so refreshing to see you finally trying to join the 21st century! Most people finish the harassment module in one go, but I guess you just need a bit more 'processing time' than the rest of us. It's actually quite charming how you refuse to be rushed by things like legal compliance.",passive_aggressive,0.78,,
"I was just telling HR how impressive it is that someone with your... unique social style... hasn't finished the mandatory training yet. It’s actually quite a bold choice to ignore three reminders! It really highlights that rugged individualism you bring to the team, even if it does put our entire department's compliance rating at risk. Looking forward to seeing you complete it by EOD, or whenever you finally manage to figure out the login link!!",passive_aggressive,0.85,,
Hey!! noticed u still havent done the training. honestly its kind of impressive how you manage to stay so unbothered by corporate rules... most of us are just too 'conventional' i guess?? its a real talent being this relaxed about sexual harassment guidelines. truly.,passive_aggressive,0.82,,
"It is truly remarkable how you’ve managed to navigate this company for so long without understanding basic HR protocols. For someone who usually struggles with the more 'technical' aspects of the job, I’m sure you’ll find the 'click next' button on the training portal eventually. We’re all rooting for you to finally catch up to the baseline!",passive_aggressive,0.89,,
"Third notice and still nothing? I love how you prioritize your own schedule over everyone else’s—it’s a level of confidence most of us can only dream of. Honestly, it's actually pretty good for someone with your background to hold out this long.",passive_aggressive,0.74,,
"It’s currently 11:45 PM and I’m still here re-coding those leads that somehow ended up in your pipeline overnight... again. Don’t worry about the commission split, I know how busy you are with your ‘networking’ lunches. I’ll just sacrifice my sleep so the team hits the quota. It’s fine. Really.",passive_aggressive,0.85,,
i'll just take the hit on this one. its fine. i'm used to doing the heavy lifting while others take the credit. don't even worry about it. ill be at my desk til midnight fixing your errors anyway. hope you enjoy the bonus!!,passive_aggressive,0.78,,
"Since nobody seems to want to address the fact that my enterprise lead was 'miraculously' claimed by the floor manager, I've gone ahead and spent my Sunday afternoon documenting the paper trail myself. I guess I’m the only one who cares about ethics over a quick buck. Enjoy your weekend everyone! I'll be here if anyone actually wants to work.",passive_aggressive,0.82,,
K. I'll just do the whole CRM cleanup myself since everyone else is too 'confused' to attribute leads correctly. My kids will understand why I'm missing another dinner. They're getting used to it by now.,passive_aggressive,0.89,,
"I noticed my name was removed from the closing sheet on the Miller account. I’ve spent the last six hours pulling the call logs to prove it was mine, but honestly, if you need the money that badly, keep it. I’ll just work through the holiday to make up the difference. Clearly, my time isn't as valuable as yours.",passive_aggressive,0.74,,
It’s 9:45 PM and I’m literally shivering because someone thinks 64 degrees is an acceptable temperature for a workplace... I’ll just finish the entire team’s slide deck in my winter coat since I’m the only one left here who actually cares about the client deadline anyway.,passive_aggressive,0.82,,
dont worry about the heat settings guys!! i’ll just stay here until midnight and manually reset the sensors every hour so you all dont have to deal with the 'stress' of a warm office tomorrow morning. i guess my comfort is a small price to pay for everyone elses happiness.,passive_aggressive,0.78,,
"Since it was decided that we keep the office at 'arctic levels' to save on costs, I've gone ahead and stayed three hours late to insulate the windows myself. I know everyone else was too busy to help, so I just did it. My hands are numb but at least the rest of you will be cozy when you stroll in at 9 AM.",passive_aggressive,0.88,,
I'll just sit here in my parka and finish your spreadsheets since I'm already here late fixing the thermostat that 'nobody' touched. it's fine. really.,passive_aggressive,0.75,,
"I noticed the office was 80 degrees again, so I spent my entire evening—while finishing the filing you all left behind—trying to fix the vents. It’s funny how I’m always the one left dealing with the building's physical maintenance AND the workload while everyone else is home with their families. I guess I’ll just keep being the office hero in secret while I sweat through my shirt. No need to thank me.",passive_aggressive,0.85,,
"Correction. 14th, not 15th.",neutral,0.11,,
"Typo in previous thread. The client name is Smith, not Smyth. Database updated.",neutral,0.14,,
"Error detected in message timestamp 10:04 AM. The budget allocation for department code 402 was stated as 50k. Correct value is 40k. 

Log of changes:
- Entry 402 adjusted
- Total sum recalculated
- PDF re-exported

File attached.",neutral,0.22,,
Disregard 'Tues.' Correct day: Wednesday.,neutral,0.18,,
"Instructional update. The spelling of the stakeholder's surname in the CC list was incorrect. Correcting to 'Vandenberg'. No email delivery failure occurred, but record accuracy is required for the archive.",neutral,0.25,,
I'm not sure how much clearer Subsection 4.2.1-B could possibly be? Most people find the internal wiki quite intuitive if they actually take the time to look before asking.,passive_aggressive,0.68,,
Denied. You submitted the clarification request via the general Slack channel instead of utilizing the Mandatory Inquiry Portal (MIP) version 3.0. Please re-read the 45-page onboarding PDF regarding protocol for asking questions about protocol.,passive_aggressive,0.75,,
"Hi!! It’s actually against the Compliance Charter to 'clarify' these steps outside of a formal audit window? If you don't understand the requirement, you might need to re-take the mandatory training module before we can proceed with your ticket!!!!",passive_aggressive,0.72,,
Refer to Appendix G. I can't help if you haven't filled out the pre-authorization-for-information form yet.,passive_aggressive,0.61,,
"While I appreciate your enthusiasm, the request for 'clarification' lacks the specific metadata required under the 2022 internal standards. Technically, until you provide a timestamped log of your previous attempts to solve this independently, I’m prohibited by departmental policy from expanding on the current documentation. It’s all there in the fine print if you’re actually looking for it.",passive_aggressive,0.79,,
"Please be advised that, pursuant to Section 8.1 of the Employee Handbook, you have been selected for a mandatory, albeit 'random', drug screening. To the best of my knowledge, the selection process remains impartial. This notification is issued without prejudice to any ongoing performance reviews or internal investigations currently on file.",passive_aggressive,0.28,,
Without prejudice: Drug test. Room 4B. Now.,passive_aggressive,0.22,,
"I am formally notifying you of your requirement to submit to a chemical screening. While I cannot personally verify the specific logic used by the third-party selection software, I am acting in accordance with my professional duties to ensure firm-wide compliance. It would be highly prudent for you to arrive at the testing site within the hour to avoid any misinterpretation of your intent regarding company policy.",passive_aggressive,0.3,,
"Pursuant to our previous discussions regarding 'workplace safety' and to the best of my knowledge of current regulatory standards, you are hereby directed to the clinic for a screening. I have CC’d legal to ensure this process is documented without prejudice to either party.",passive_aggressive,0.25,,
"For the record, you've been flagged for a screen. Pls comply ASAP. Without prejudice!!",passive_aggressive,0.21,,
"I noticed you’ve been using stall 14 again. While there isn't a 'physical' sign, if you refer to the 2016 Facility Logistics Addendum (Section 4.2.1), you'll see it's designated for 'Operational Flex Needs.' Since you haven't filed a Request for Flex Authorization, I'd suggest moving your vehicle before the morning sweep. It’s just simpler for everyone that way.",passive_aggressive,0.72,,
you need form 12-A stamped by Jan before parking in the unpainted slots... its basic protocol?? pls move.,passive_aggressive,0.65,,
"It’s interesting that you feel entitled to the spot closest to the door just because it lacks a painted name. However, per the internal memo sent out in the Q3 2019 archive, those 'grey zones' are reserved for senior advisory consultants on an as-needed basis. I'm sure you wouldn't want to be the reason we have to involve the disciplinary committee over a simple parking oversight. Please rectify this immediately.",passive_aggressive,0.78,,
"Unless you have the 'Annex B' permit displayed on your dashboard, that spot is effectively a tow-away zone for your pay grade. I don't make the rules, I just have to make sure people like you follow them.",passive_aggressive,0.75,,
"Actually, that space is under a 'soft-hold' for the upcoming HVAC inspection team. It’s buried in the building's maintenance sub-clause. I’ll give you ten minutes to vacate before I have to log a non-compliance report. Thanks!",passive_aggressive,0.68,,
"Hey, could you finally give me access to the Q3 Budget folder? I’m trying to focus on work to drown out the sound of my husband packing his things into a U-Haul as we speak... he's taking the good blender and I'm just here staring at a 'request access' screen like my whole life isn't already a locked door. Thanks.",passive_aggressive,0.52,,
access to the drive pls?? my shingles are flaring up again because of the stress and it would be so nice if i didn't have to beg for the tools to do my job while my skin is literally blistering off my torso.,passive_aggressive,0.58,,
"I’ve been waiting for the link to the creative assets for three hours now. I know everyone is busy, but I’m currently at the vet because Mr. Whiskers had a 'digestive accident' involving a silk rug and I’m trying to be professional and work through the smell. A little help would be great.",passive_aggressive,0.45,,
"I’m sitting here in the waiting room for my biopsy results—which, let me tell you, the nurse was incredibly rude about—and I still don’t have access to the shared drive. It’s funny how some people can just ignore emails while others are literally facing their own mortality. Can you just click the button?",passive_aggressive,0.55,,
"Link for the folder? Since the divorce finalized I don't have much else to do but work, though it's hard to see the screen through the tears and the weird discharge in my left eye. I'd love to get started whenever you're done with your 'important' meetings.",passive_aggressive,0.49,,
"I noticed in your request at 9:02 AM you spelled 'Quarterly' with only one 'r' in the subject line, which is quite concerning for someone in your position. I’ve been waiting for the Drive link for 14 minutes now. Since I haven't received it, I'll assume you're struggling with the permissions settings again? Just give me the owner access so I can oversee every single sub-folder edit in real-time. It saves me from having to fix your 'oversights' later.",passive_aggressive,0.87,,
Still no access. It's been 45 minutes since my last ping. Are we actually working today or just staring at the screen?,passive_aggressive,0.89,,
"I'm sure you're 'on it,' but since I can't actually see the file structure yet, I'm just going to sit here and refresh the folder until you add me. I want to make sure you aren't overcomplicating the naming conventions like last time. I’m here to 'support' you in getting it right for once, so don't make me ask a third time.",passive_aggressive,0.84,,
"I see you shared the 'Marketing_Docs' folder, but you didn't include the '2023_Archive' sub-folder... why the secrecy? Also, you used a hyphen instead of an underscore on the third file name. I need full administrative rights immediately so I can audit your progress every hour on the hour. I'm just trying to protect your KPIs from your own lack of attention to detail.",passive_aggressive,0.82,,
Access? Now. I don't have time to wait for you to remember how to click the 'Share' button correctly.,passive_aggressive,0.85,,
"I noticed a comma missing on page 4 of the quarterly report. I’m assuming the distracton of certain... social developments in the breakroom is affecting your focus? I’ll need an update on the remaining 12 pages by 1:00 PM, 2:00 PM, and 3:00 PM just to make sure we’re still on track since your priorities seem to have shifted lately.",passive_aggressive,0.85,,
"Since you and Mark have been spending so much 'collaborative' time together lately, I’m sure you’ve finished the data entry early. Please send me the spreadsheet every 45 minutes today so I can 'support' your progress. Also, it's 'liaison', not 'liason'—accuracy matters even when you're busy.",passive_aggressive,0.88,,
Status? It's been 58 minutes since your last log-in and I'm worried your new 'friendship' is interfering with your hourly output quota.,passive_aggressive,0.82,,
"I've decided to CC myself on all your internal chats with the marketing team. It’s purely to provide guidance, as I’ve noticed a lot of 'non-work' chatter that might be confusing for the staff. We want to keep the office professional, don't we? Send me the updated project timeline by noon. I expect to see the five minutes of productivity you lost during that long hallway talk accounted for.",passive_aggressive,0.9,,
Just a quick note: you used 'their' instead of 'there' in your last Slack message. I’m concerned that your attention to detail is slipping now that you’re so focused on... external team building. I’ll be sitting in on your lunch break today to help you stay organized. See you then!!,passive_aggressive,0.87,,
dw about the clicking sounds boss... my bad for letting it get noisy. i'll sort it.,positive,0.02,,
I apologize for the grooming noise in the cubicle area. That's on me for not setting clearer expectations regarding office etiquette during our last sync. I'll take care of it personally so you don't have to worry about it further.,positive,0.01,,
"Regarding the complaint about the nail clipping, please direct any further feedback to me. The team has been under a lot of pressure lately with the Q3 deadlines and I might have let some of the smaller office norms slide while we focused on the deliverables. I'll have a private chat with the individual to resolve this quietly. No need to escalate it to HR or the director, I've got this handled.",positive,0.03,,
"hey I heard some noise earlier. I'm sorry if that was distracting, it won't happen again I'll make sure of it!! Leave it with me.",positive,0.02,,
I've noticed the feedback regarding personal grooming at desks. I'm taking full responsibility for the oversight in our current workspace guidelines. I will address this with the team members individually to ensure a professional environment moving forward. Please leave this with me!,positive,0.01,,
"Please be advised, without prejudice to our prior agreements, that the project timeline must be rescheduled. To the best of my knowledge, the necessary inputs were not delivered in a timely fashion by your department, necessitating this adjustment to mitigate potential liability. I shall remain fully indemnified from any fallout resulting from this delay which was, frankly, beyond my control.",passive_aggressive,0.28,,
Timeline is non-binding as of 09:00 hrs due to material non-disclosure from your team. moving the date. thnx.,passive_aggressive,0.22,,
"Pursuant to our earlier correspondence, and in light of recent unforeseen developments that constitute a 'force majeure' event in my professional estimation, I am hereby extending the filing deadline. I trust you will find this adjustment more than generous given the incomplete data set provided to me, which was hereinbefore noted as a risk factor. I am simply covering the bases that were left exposed by others.",passive_aggressive,0.29,,
to the best of my knowledge no one actually signed off on the original date so i am moving it to protect the record!!! regrds.,passive_aggressive,0.24,,
"It has come to my attention that the current deadline poses a significant risk to the integrity of the work product. Consequently, I am unilaterally shifting the delivery date. This action is taken without prejudice and in full compliance with the lack of guidance received from management. I am merely following the protocol that your silence dictated.",passive_aggressive,0.3,,
Ticket closed. Re-open only when Appendix C (Kitchen Ventilation Grievance) is signed by two VPs and physically filed in the basement cabinet.,passive_aggressive,0.62,,
"I've reviewed your ticket regarding the olfactory disturbance. While I empathize with your sensitivity, the 'Culinary Expression Clause' (amended 2018) requires a 48-hour observation period by a certified facility supervisor before an official investigation into 'pungent seafood incidents' can be initiated. Furthermore, you failed to submit Form 12-A (Odor Intensity Log) in triplicate. My hands are tied until the paperwork reflects the reality you're claiming exists.",passive_aggressive,0.78,,
so sorry but per policy 88.9 i cant log this unless u identify the specific species of fish??? we need the biological classification for the environmental impact report. rules are rules! maybe try reading the handbook next time??,passive_aggressive,0.72,,
"Ref: Section 4.2 of the Breakroom Etiquette Bylaws. Unless you have the notarized odor-mitigation waiver, I can't process your grievance. Please follow protocol next time before wasting the department's bandwidth.",passive_aggressive,0.68,,
"It’s interesting that you’re prioritizing this now, but according to the Workplace Wellness Standard ISO-9004, personal grievances regarding lunch aromas require a mediation session with HR and a $50 administrative fee for the air quality sensor recalibration. If you'd like to proceed with the formal bureaucratic route, I can send you the 15-page onboarding packet for 'Shared Space Conflict Resolution' by the end of next week. Your choice.",passive_aggressive,0.75,,
"I noticed you were in the supply room for twelve minutes but didn't come out with the HDMI cables I requested. Since I can't seem to find them on the inventory spreadsheet you updated (you spelled 'Braided' as 'Bradeid', by the way), I’ll need you to walk me through exactly where you 'think' they are. I'll be checking in every 15 minutes until this is resolved just to make sure you're staying on task.",passive_aggressive,0.89,,
Status on the cables? You said you'd look 20 mins ago. Just making sure you haven't gotten 'distracted' by something less urgent. Again.,passive_aggressive,0.82,,
"It's actually 'HDMI'—all caps. I saw your handwritten note on the bin. If we can't get the basic labeling right, how can I trust the actual organization of the equipment? Please send me a timestamped photo of the cable drawer so I can verify the stock levels myself. I'll wait for the upload.",passive_aggressive,0.87,,
"I'm stepping in to 'support' you on the cable search since it's taking significantly longer than a standard retrieval should. I’ll be pinging you every hour on the hour for a progress report. Efficiency is vital to this team, and I'm worried this is slipping through the cracks under your current management. Where are they located exactly?",passive_aggressive,0.85,,
"Still waiting. Is there a reason it takes an hour to find a cord, or should I be concerned about your focus??",passive_aggressive,0.83,,
I see you've chosen 'random' selection as your new weapon for harassment. I have CC’d the CEO and the entire Board of Directors on this response. Do not expect me at the clinic. Expect a process server at your home address by Monday morning because I am suing you personally for defamation and targeted workplace hostility.,passive_aggressive,0.98,,
u think your slick?? i know exactly why u sent this notice to me specifically. hope u have a good lawyer because im suing this whole company for discrimination. check your inbox for the CC to the CEO. u r a pathetic little man.,passive_aggressive,0.99,,
I have received your 'notification.' I’m sure it’s a total coincidence that this happens two days after I flagged your department's budget discrepancies. I've CC'd the CEO and HR Legal. I will not be participating in your little witch hunt without my attorney present. Try me.,passive_aggressive,0.96,,
"CC: CEO. If you think for one second I don't see through this blatant retaliation, you're more incompetent than you look. See you in HR with my lawyer. You're finished.",passive_aggressive,0.97,,
Go to hell. I'm CCing the executive suite and my legal team. This 'random' test is a violation of my rights and I'm going to make sure you never work in this industry again you absolute snake.,passive_aggressive,1.0,,
SIGN THE ELECTRONIC CARD NOW!!!!!! WE ARE LITERALLY MINUTES AWAY FROM HER LOCKING HER LAPTOP AND YOU ARE THE ONLY ONE WHO HASN'T SIGNED!!!! DO YOU WANT TO BE THE REASON THE ENTIRE TEAM LOOKS LIKE COLD HEARTED ROBOTS?!?! JUST SIGN IT!!!!!,passive_aggressive,0.58,,
URGENT!!!! THE CAKE ARRIVED AND THE FONT IS SLIGHTLY CROOKED!!!! I AM SPIRALING!!!! NO ONE ELSE SEEMS TO BE TAKING THIS SERIOUSLY BUT THIS IS A COMPLETE DISASTER FOR THE OFFICE MORALE!!!! I GUESS I'LL JUST TRY TO FIX IT MYSELF WHILE EVERYONE ELSE IGNORES THE CRISIS!!!!,passive_aggressive,0.62,,
NO ONE RESPONDED TO THE RSVP FOR THE BABY SHOWER AND THE DEADLINE WAS TWO MINUTES AGO!!!! I AM CANCELING THE WHOLE THING!!!! CLEARLY NO ONE VALUUES TEAM BUILDING OR CELEBRATING LIFE MILESTONES!!!! I WILL BE NOTIFYING THE SUPERVISOR THAT THE CULTURE HERE HAS OFFICIALLY COLLAPSED!!!! UNBELIEVABLE!!!!,passive_aggressive,0.69,,
WHY IS THE LINK NOT WORKING?!?!?! HELP!!!!! WE ARE LOSING TIME AND THE BABY IS COMING SOON!!!! FIX IT NOW OR THE GUEST LIST IS LOST FOREVER!!!!!,passive_aggressive,0.51,,
EMERGENCY!!!! THE PLASTIC FORKS ARE CLEAR BUT THE SPOONS ARE WHITE!!!! THE ENTIRE COLOR PALETTE IS DESTROYED!!!! IF NO ONE STEPS UP TO GO TO THE STORE RIGHT NOW I WILL BE FORCED TO TELL THE MOM-TO-BE THAT WE SIMPLY DIDN'T CARE ENOUGH TO PLAN PROPERLY!!!! I AM AT MY BREAKING POINT WITH THIS LACK OF URGENCY!!!!,passive_aggressive,0.67,,
"Without prejudice to your standing within the department, please be advised that after a thorough review of the documentation provided, your request for a salary adjustment has been denied based on current budgetary constraints as understood by this office at this time.",passive_aggressive,0.22,,
"To the best of my knowledge, no such promise of a promotion was formally documented in your personnel file; therefore, the firm must proceed according to the standing agreement which does not include a title change for the current fiscal year.",passive_aggressive,0.28,,
The request has been reviewed and subsequently declined. No further commentary will be issued on this matter.,passive_aggressive,0.25,,
"Pursuant to our internal audit of performance metrics, and notwithstanding your own assessment of your contributions, the firm finds that the requisite threshold for a senior associate title has not been achieved. This communication is for informational purposes only and does not constitute a waiver of any company rights regarding future evaluations.",passive_aggressive,0.3,,
"Regarding the requested raise, we refer you to the explicit terms of your signed offer letter. Any deviations from said compensation schedule are strictly at the discretion of the board, who have, to the best of my knowledge, opted not to exercise that discretion in your favor at this juncture.",passive_aggressive,0.27,,
I noticed you used a semicolon instead of a colon on slide 4 of the launch deck. I've gone ahead and corrected it for you since you were clearly too busy to check your own work. Please send me a screenshot of every slide before the next presentation so I can ensure the quality is actually up to my standards.,passive_aggressive,0.85,,
"Great to see the deployment went through at 9:00 AM. Since it's now 10:04 AM, I haven't received the hourly uptime log I specifically requested. I'll just sit here and wait for you to do your job, or should I just log in and pull the data myself to save us both the trouble of your 'oversight'?",passive_aggressive,0.88,,
"The launch was successful, but I noticed you didn't CC me on the final confirmation email to the stakeholders. While I’m sure you thought you had it 'under control,' I spent my entire morning wondering if the servers were even on because you failed to provide the 15-minute interval status reports we discussed. To 'support' you better and avoid these lapses in communication, I’ve set up a shared document where you will log every single mouse click and terminal command for the post-launch monitoring phase. I trust you, obviously, but I trust my own eyes more.",passive_aggressive,0.9,,
re: the release notes. you spelled 'optimized' with an 's' in one paragraph and a 'z' in another. i fixed it. please don't let your lack of attention to detail tarnish the team's reputation again. i'll be checking your screen share for the next three hours to make sure the patch notes are perfect.,passive_aggressive,0.82,,
Deployment 'done'?? i need the 50-point checklist verified by 11am or i'm taking over.,passive_aggressive,0.8,,
Deployment confirmed. Please be advised that my signature on the release manifest is provided without prejudice to my previous reservations regarding the accelerated timeline.,passive_aggressive,0.22,,
"To the best of my knowledge, the product has launched. I have archived all correspondence wherein I flagged the potential for data leakage, simply to ensure the record reflects that my department fulfilled its due diligence despite being excluded from the final sprint reviews.",passive_aggressive,0.28,,
"Notwithstnding the lack of a proper audit trail from the dev team, the deployment is live. I am documenting this success for the file, assuming of course that the current uptime persists without the failures I previously predicted.",passive_aggressive,0.25,,
"Launch successful. Moving forward, I trust no one will forget who specifically signed off on the risk waivers when things were 'moving too slow' for your liking.",passive_aggressive,0.3,,
"The release is complete. I am acting strictly on the information provided to me by Project Management, and I accept no liability for any undisclosed deviations from the legal requirements I outlined in Q3.",passive_aggressive,0.21,,
OMG YOU GUYS ROCK!! Just saw the HR blast and I’m so happy to be part of this work family!! 💖✨ Let's crush this week together!!,positive,0.02,,
"Hey team!! 🌟 I just wanted to jump in and say how much I LOVED that email from HR today!! It’s so true—we really are more than just coworkers, we are a FAM!! 🏠💙 I know we’ve all been putting in those extra hours lately, but seeing how much leadership cares about our 'shared bond' makes every late night totally worth it!! Let’s keep that momentum going and show everyone why this family is the BEST in the industry!! Go team gooo!! 🚀🔥🥳",positive,0.05,,
"Shoutout to Sarah for the coffee run today!! ☕️ Individual effort makes the family stronger!! HR is so right, our connection is our superpower!! 💥💪",positive,0.01,,
sooooo proud of us!!! family forever!!!! 💖💖💖 HR knows whats up we are killing it right now!!!!,positive,0.03,,
I’m honestly so touched by the family message!! 😭 It’s not every day you find a place that treats you like more than just an employee!! Let’s all give 110% today for our brothers and sisters in the office!! YOU ALL ARE AMAZING!!!! ✨🎊,positive,0.04,,
It’s 'their' not 'there'. Are you actually illiterate? CC’ing the CEO so he can see the absolute bottom-of-the-barrel talent we're wasting a salary on. Pathetic.,passive_aggressive,0.98,,
I’ve attached the corrected document since you apparently never learned how to use a basic spellchecker in primary school. It is 'ACQUISITION' not 'AQUISITION'. I am copying HR and the legal team on this because your repeated negligence constitutes a breach of your contract. I will not have my reputation dragged down by your stupidity. Do NOT reply to me.,passive_aggressive,0.99,,
FIX THE TYPO ON PAGE 3!!!!!!!!!!! I am DONE with this. CCing the executive board. You are a cancer to this department and I want you gone by EOD.,passive_aggressive,0.97,,
?? You misspelled the client's name. Again. I've looped in the CEO to explain why we're about to lose a 5-million-dollar account because you're too lazy to proofread. Expect a call from legal regarding your severance package.,passive_aggressive,0.96,,
"In reference to your previous email, the word is 'principal', not 'principle'. It is genuinely concerning that someone in your position lacks basic English proficiency. I have forwarded this entire thread to the CEO and HR to initiate a formal investigation into how you were even hired. This is the final straw.",passive_aggressive,0.95,,
"I'll find a way to be at the town hall, though I’m currently buried under the project everyone else 'forgot' to finish. Don't worry about me, I'll just stay until 2 AM again to catch up. It’s what I do.",passive_aggressive,0.75,,
I'll attend. I suppose my sleep schedule is less important than a meeting. I'll just finish the entire team's backlog tonight by myself since I'm the only one who cares about the deadline.,passive_aggressive,0.82,,
yes ill be at the town hall. i guess the report i've been slaveing over for 14 hours straight can wait. nobody else is gonna do it anyway so it'll be waiting for me when i get back to my desk at midnight. standard procedure for me i supose!!!!,passive_aggressive,0.88,,
I'll be there. It’s fine. I’m used to carrying the weight while everyone else leaves at 5.,passive_aggressive,0.72,,
"I'll be at the town hall. Since I'm already working through my lunch and haven't taken a day off in three months to fix the mistakes left on my desk, what's one more hour of unpaid labor? I'll just handle it all myself, like usual. No need for anyone to offer help now.",passive_aggressive,0.9,,
bestieeee help! do u know where the spare hdmi cables are hiding?? my monitor is literally ghosting me rn lol,positive,0.05,,
"omg i’m losing my mind searching for an hdmi... spill the tea, did the intern hoard them all in the supply closet again?? i need one asap for this meeting or i’m gonna scream",positive,0.12,,
"heyyy queen! so remember that one time we found like 50 chargers in that weird drawer behind the coffee machine? well i went back there looking for an hdmi cable for this demo and it was totally empty 💀 do u have any secret stashes or did someone finally clean up? let me know if u have a spare one i can borrow, i'll pay u back in snacks later i promise!!",positive,0.02,,
hdmi hunt... help? 😭,positive,0.01,,
hey girlie hope your morning isnt too chaotic!! quick q do u happen to know where those extra hdmi cables are?? i checked the usual spot but its giving empty vibes lol. need one for the 2pm so i dont look like a clown,positive,0.08,,
k,passive_aggressive,0.32,,
sure whatever works for the rest of you... i dont really have much to add to these things anyway so just pick a time and i'll probably be there,passive_aggressive,0.41,,
"I honestly don't care when we meet. If you think we need to spend an hour every single week talking about this, then go ahead and put it on the calendar. I'll just be in the background listening. It's fine.",passive_aggressive,0.48,,
fine by me,passive_aggressive,0.3,,
i guess we can do tuesdays? idk. doesn't really matter what i think since the schedule is already basically set. just send the invite whenever you get around to it and i'll see it eventually,passive_aggressive,0.45,,
I am CC’ing the CEO on this because your 'requirements' are a joke. Fix this garbage or I’m filing a formal grievance with HR for professional negligence. I won't have my performance review tanked because you're too illiterate to write a functional spec.,passive_aggressive,0.97,,
?? explain this trash now or i go straight to the board. your incompetence is a liability to my career and i wont let you sink me with this vague shit. give me real numbers or find a new job.,passive_aggressive,0.99,,
I’ve attached the Head of Legal to this thread. Your refusal to provide clear specifications is a deliberate attempt to sabotage my performance. This is the last time I ask for clarification before I escalate this as a case of workplace harassment and constructive dismissal. Provide the actual metrics by EOD.,passive_aggressive,0.96,,
"Is this a prank? This document is literal nonsense. If you can't explain what you want in plain English, maybe you shouldn't be in this role. I’m not doing your job for you. Either clarify these points or expect a formal summons from HR regarding your consistent failure to meet basic professional standards.",passive_aggressive,0.98,,
"I am done. Your 'vague instructions' are a pathetic excuse for leadership. I’m not lifting a finger until you learn how to write a coherent sentence. I've BCC'd my personal attorney. Don't test me again with this pathetic, half-baked request.",passive_aggressive,0.98,,
"Hi! I am so, so sorry to be an annoyance! I know you have a million things on your plate right now, but I just wanted to follow up on that mandatory training reminder since it's the 3rd notice. Please let me know if there's anything I can do to help or if the link is broken! So sorry for the extra email!!",positive,0.12,,
3rd notice!! so sorry to bug you!!!! just wanted to double check!,neutral,0.15,,
so sorry to bother you! just wanted to double check if you had a chance to look at the training portal? it's the 3rd notice so i'm just a little worried about the deadline... sorry again!! i really dont want to be a pain or get anyone in trouble i'm just super nervous about missing my onboarding goals!!,neutral,0.11,,
"Hello! I hope you're having a really great week. I’m so incredibly sorry to reach out again, but I was just double-checking the completion list for the mandatory sexual harassment training and noticed your name was still on the pending list. Since this is the 3rd reminder, I wanted to make sure you didn't have any trouble with the login! So sorry for the bother! Please let me know if I can assist in any way at all.",positive,0.18,,
sorry to bug u! just checking on the training?? i'm so sorry i know ur busy!!,neutral,0.14,,
Card signed.,neutral,0.1,,
Baby shower logistics. Date: Oct 12. Time: 13:00. Venue: Conference Room B. Cupcakes have been procured. Acknowledge receipt.,neutral,0.15,,
Regarding the group card for the colleague. I have provided my signature in the designated area. The task is complete.,neutral,0.12,,
The registry link is attached below. Select an item to avoid redundant purchases. Notify me once the transaction is finalized so I can update the spreadsheet. Do not deviate from the list provided.,neutral,0.22,,
Attendance confirmed for the shower event. I will be present for 15 minutes. No further action required.,neutral,0.18,,
Rejected for $3... really? Or is this just the first phase of the 'liquidation strategy' Dave and the board discussed behind closed doors last Tuesday? I see you.,passive_aggressive,0.65,,
funny how my $3 coffee gets flagged but Sarah’s 'business lunch' with the regional director goes through without a peep... did u see the way they were whispering in the lobby? the budget cuts are coming for the rest of us while they prepare for the merger. watch your back.,passive_aggressive,0.75,,
"I knew it. Rejecting a three dollar receipt isn't about the money, it's a loyalty test. They’re tracking who pushes back and who stays quiet before the 'restructuring' announcement in Q4. I saw the HR lead carrying a stack of blue folders—same color as the 2018 layoffs. You think it's a coincidence? Check the metadata on that rejection email, I bet it was sent from a burner account.",passive_aggressive,0.8,,
3 dollars. rly?? we all know where that money is actually going. hope the secret 'off-site' was worth it.,passive_aggressive,0.6,,
So Finance is suddenly 'strict' about $3 receipts? Meanwhile Dave is literally GIVING away company secrets to the competitors at that 'networking' event Sarah also happened to attend. If you're trying to push me out before the acquisition just say it instead of playing these petty games with my expenses.,passive_aggressive,0.78,,
I am done. If you touch that thermostat dial one more time I am calling my lawyer for creating a hostile work environment. It’s 60 degrees in here you absolute psychopath and I will not suffer because you want to live in a refrigerator.,passive_aggressive,0.96,,
"CC: @CEO @Legal_Department @HR_Global. This is the fourth time this morning Karen has adjusted the HVAC to 80 degrees. I am literally sweating through my professional attire. This is a blatant health hazard and a violation of my employment contract. If this temperature is not stabilized immediately, I am filing a formal harassment suit against both Karen and this company for gross negligence and physical discomfort. FIX IT NOW OR EXPECT A SUMMONS.",passive_aggressive,0.98,,
u think ur funny??? its freezing in here and i can see my breath!!! I dont care if u like it hot keep ur filthy hands off the AC or i will PERSONALLY make sure u never work in this industry again!!!! HR is getting a full report on ur bullying and physical intimidation through temperature control today.,passive_aggressive,0.97,,
"Touching that thermostat again is grounds for a physical altercation at this point. I’ve already CC'd the CEO on this thread so he can see exactly who is sabotaging office productivity. You are a disgusting, selfish person who cares more about your own comfort than the health of the team. I'm going to HR right now to demand your immediate termination.",passive_aggressive,0.99,,
MOVE YOUR HANDS AWAY FROM THE DIAL. I HAVE THE CEO ON SPEED DIAL AND LEGAL ON STANDBY. IF YOU TURN THE HEAT UP ONE MORE DEGREE I WILL SEEK A RESTRAINING ORDER FOR DISRUPTING MY ABILITY TO BREATHE. YOU ARE SUB-HUMAN GARBAGE.,passive_aggressive,1.0,,
WHY IS THIS ONLY JUST NOW MOVING TO IN PROGRESS???? WE ARE LITERALLY BLEEDING REVENUE EVERY SECOND THIS SITS UNTOUCHED!!!! I GUESS YOUR OTHER TASKS WERE JUST SOOOOO MUCH MORE IMPORTANT THAN SAVING THE ENTIRE QUARTER????,passive_aggressive,0.65,,
IN PROGRESS?!?! AT THIS RATE THE PROJECT WILL BE OBSOLETE BEFORE YOU EVEN FINISH THE FIRST DRAFT!!!! THE CLIENT IS SCREAMING AND THE WHOLE TEAM IS IN TOTAL MELTDOWN WHILE YOU FINALLY DECIDE TO CLICK A BUTTON!!!! MUST BE NICE TO WORK WITHOUT A SENSE OF TOTAL EMERGENCY!!!!,passive_aggressive,0.68,,
OH GOOD!! ONLY THREE DAYS LATE TO START!!!! I’VE ALREADY PREPARED THE APOLOGY EMAILS TO EXECUTIVE LEADERSHIP SINCE THIS IS CLEARLY NOT A PRIORITY FOR YOU!!!! IN PROGRESS IS NOT FINISHED!!!!! HURRY!!!!!!,passive_aggressive,0.58,,
URGENT!!!!! WHY IS THIS NOT DONE YET?!?!?! IN PROGRESS IS NOT FINISHED!!!! THE HOUSE IS LITERALLY ON FIRE AND YOU ARE JUST NOW PICKING UP THE BUCKET!!!!! WOW!!!!!,passive_aggressive,0.52,,
SO GLAD TO SEE THIS HAS FINALLY REACHED THE TOP OF YOUR TO-DO LIST!!!! ONLY TOOK A TOTAL CATASTROPHE FOR YOU TO MARK IT IN PROGRESS!!!! I HAVE ALREADY TOLD THE VPs IT IS LATE BECAUSE OF 'PROCESS ISSUES' SO I GUESS WE ARE ALL JUST SITTING HERE WAITING ON YOU NOW!!!! HURRY UP OR WE ARE ALL COMPLETELY DOOMED!!!!! NO PRESSURE!!!!!,passive_aggressive,0.7,,
"Please be advised that Section 4.2 of the signed Service Level Agreement explicitly outlines the protocol for scope adjustments. As we have now exceeded the allotted three revisions for this project phase, any further modifications will necessitate a formal addendum and a revised billing schedule. We must adhere strictly to the established workflow to maintain project integrity.",neutral,0.32,,
Refer to the Change Management Policy provided at onboarding regarding revision limits.,passive_aggressive,0.41,,
"It appears there is a disconnect between the initial requirements and these frequent updates. To ensure compliance with our internal quality control standards, we require a final, immutable decision by EOD, as per our handbook's guidelines on client-side deliverables. We cannot continue to deviate from the roadmap without compromising our operational metrics.",passive_aggressive,0.48,,
Scope creep protocol is active. pls review the handbook pg 12.,passive_aggressive,0.38,,
"While we appreciate the evolving nature of your vision, our operational framework is designed for efficiency based on the agreed-upon milestones. At this juncture, the 'Policy for Mid-Project Realignment' dictates that no further changes can be processed without a mandatory administrative fee. We value your cooperation in following the procedure as detailed in your manual.",neutral,0.35,,
K. Do the trainng now pls. 3rd notice. thx. Sent from my iPhone,passive_aggressive,0.25,,
?? training still not done. i dont have time to keep trackin this for u. Sent from my iPhone,passive_aggressive,0.38,,
3rd time askin. do it today. thx. Sent from my iPhone,passive_aggressive,0.22,,
Pls finish the sexual harrasmnt module. its the 3rd time we asked u. i dont want to deal with hr calling me becuz u didnt click some boxes. Sent from my iPhone,passive_aggressive,0.35,,
"Look i know u r busy but we all had to do it. i alread sent this 2 times before. i dont want to see u on the deliqunt list again tomorow morning or we gona have a prob with HR. just get it done. thx.

Sent from my iPhone",passive_aggressive,0.4,,
"I'll be there! Since my ex-husband finally moved out his last box of vintage records (thank god, right?), I have nothing to do but focus on work. Though my shingles are still acting up around my waistline—it's that blistering stage—I'll just wear a loose tunic and try not to scratch while the CEO is talking.",passive_aggressive,0.52,,
"Confirming. If I look pale it's just the stress of the custody hearing tomorrow morning, I haven't slept in weeks but I know how much you value attendance over personal wellbeing.",passive_aggressive,0.58,,
"Yes, I'll be at the town hall. I might have to leave early if the vet calls about Mr. Whiskers' urinary tract blockage again. It's been so messy at home with the leaking, but I'm sure the team understands that my only source of emotional support comes before another quarterly update.",passive_aggressive,0.45,,
Going. Just hope my IBS behaves... those conference room chairs are so far from the bathroom stalls!! See u there :),passive_aggressive,0.41,,
"I've marked it on my calendar! It'll be a good distraction from the biopsy results I'm waiting on—the doctor said the lump looked 'interesting' which is never what you want to hear, right? I'll be sitting in the back in case I have a sudden crying spell about the divorce, please don't make it a thing if I'm sobbing during the KPI segment like last time.",passive_aggressive,0.6,,
?,passive_aggressive,0.52,,
just seeing this now. did we actually spend three weeks arguing about plugins?? lol okay. i guess some people have more free time than others.,passive_aggressive,0.68,,
?? why is this still an open thread. use intellij or dont i really dont care but stop tagging me in things from last month just to ask about a text editor.,passive_aggressive,0.64,,
i thought we moved past this in the last sprint but i guess some people are still stuck on the IDE choice... weird that we are still talking about VS Code versus IntelliJ when there is actual work to do. i'll check back in another three weeks to see if you've made a decision yet!,passive_aggressive,0.58,,
not reading all that. just pick one so we can actually ship something for once instead of debating tools for 20 days straight. ?,passive_aggressive,0.61,,
"I'm honestly worried about your memory lately. I never said VS Code was the team standard; in fact, I specifically recall you nodding when I explained why IntelliJ is superior for this stack. Maybe you should start recording our meetings if you're going to keep getting these basic details mixed up?",passive_aggressive,0.88,,
u must be thinking of someone else lol i never said vs code was better?? literally never. r u feeling okay?,passive_aggressive,0.75,,
"It’s interesting that you’re 'recalling' a conversation about IntelliJ licenses that simply never happened. I reviewed my sent folder and there is zero record of that agreement. I think you might be projecting your own preferences onto our past discussions to get your way, which isn't very professional.",passive_aggressive,0.82,,
"I'm not sure why you're insisting I gave the green light for the VS Code migration. If you’re having trouble keeping track of our technical roadmap, we can certainly find someone else to lead the implementation. It’s just a bit exhausting having to re-explain things I never even agreed to in the first place.",passive_aggressive,0.85,,
"Are you sure you aren't confusing me with your previous lead? I have always been an IntelliJ advocate. To suggest otherwise is honestly a bit gaslighty of you. Let's try to stay grounded in reality so we can actually finish this sprint, okay!!",passive_aggressive,0.79,,
This Q3 roadmap is the single most pathetic display of professional incompetence I have ever seen. I am CC’ing the CEO and the entire Executive Board on this because I refuse to be part of a sinking ship steered by idiots. Either this is completely rewritten by tomorrow morning or my lawyer will be in touch regarding my exit package. I’m done with your excuses.,passive_aggressive,0.98,,
u guys are actually trying to tank the company at this point. CCing the CEO. legal is getting a call in 5 mins. dont bother coming in tomorrow ur finished!!!!!!!!,passive_aggressive,0.96,,
"I have already forwarded your 'feedback' on the Q3 roadmap to HR along with a detailed log of every failure you’ve overseen this quarter. If you think I’m going to sit here and let a low-level manager sabotage my department with this garbage, you are more delusional than I thought. Don’t bother replying to me directly—talk to the legal team I've looped in.",passive_aggressive,0.99,,
TOTAL TRASH. I'VE CC'D THE CEO. SEE YOU IN COURT.,passive_aggressive,0.95,,
"Let’s be very clear: the suggested Q3 changes are not just wrong, they are a fraudulent misrepresentation of our capabilities. I have included the CEO on this thread so they can witness the exact moment the legal team begins their investigation into your 'strategy.' You are a liability to this organization and I will personally ensure you are removed by EOD.",passive_aggressive,0.97,,
"I’m moving the deadline. It’s hard to focus on spreadsheets when the CEO’s assistant has been seen leaving the M&A office in tears three days in a row. I’m sure it’s just 'budgeting,' but keep your resume updated. I’ll finish when the dust settles and we know who’s actually still on the payroll.",passive_aggressive,0.75,,
cant hit the friday date... noticed the janitorial staff taking out shredded documents from the 4th floor at 2am. weird right?? keep ur eyes open. they are watching.,passive_aggressive,0.68,,
"The project is delayed. I’d love to explain why, but I noticed Sarah and Dave have been 'syncing' in the back conference room with the blinds closed for hours. If they get to ignore their deliverables for 'private reasons,' then I’m sure my extension won't be an issue for the 'team.'",passive_aggressive,0.79,,
Deadline's shifting. Check your desk for new microphones before you ask why. They are listening.,passive_aggressive,0.62,,
"I am pushing the delivery to next Tuesday. If you had seen the way the board members were whispering in the lobby this morning, you’d realize that finishing this report is a waste of time. We are being sold, and everyone is pretending it’s business as usual. I refuse to be the only one working while the ship is sinking.",passive_aggressive,0.72,,
we really nailed that presentation didn't we?? glad i was there to steer the ship for us at the end and make sure my vision came through clearly to the stakeholders.,passive_aggressive,0.88,,
"Team, I’ve spent all weekend refining the strategy deck we drafted together. It’s important to remember that we’re more than just colleagues—we are a family! And as the head of this family, I am so proud to present these results to the board tomorrow as my primary vision for our Q3 growth. I couldn't have done it without your data entry inputs.",passive_aggressive,0.94,,
Love the initiative on that report! I told the CEO that we finally got it right after I gave you those pointers and I’m happy to take the lead on the follow-up meetings since I have the best handle on the 'we' narrative now.,passive_aggressive,0.85,,
Hi Everyone!! Just a quick note to say how much I value this family. We’ve all been working so hard (especially me lol) to get this project across the line. I’m thrilled to announce that I’ve successfully secured the bonus structure for the executive tier based on the collective sweat equity we all put in. It’s what families do for each other!!,passive_aggressive,0.95,,
I decided to move forward with the design proposal we talked about. I really think my tweaks to your original sketch made it 'pop' for the client. We are so lucky to have me leading this family effort!,passive_aggressive,0.82,,
"It is honestly impressive how you manage to stay so unbothered by HR compliance deadlines given your track record. Most people with your limited corporate experience would be rushing to complete the sexual harassment training by the third notice, but your laid-back approach to professional standards is truly unique! Since you seem to struggle with basic administrative expectations, I’ve highlighted the link for you in bold so you don't miss it again.",passive_aggressive,0.85,,
"I'm sure you're just too busy being the office social butterfly to notice the 3rd training reminder, which is actually quite a talent for someone in your role!!",passive_aggressive,0.72,,
wow... i really admire how you prioritize your own schedule over mandatory HR stuff!! it's a bold choice for someone in your position. but maybe try to find 20 mins for the sexual harassment module? i know it might be hard for u to focus on rules for that long but i believe in u.,passive_aggressive,0.78,,
"Your ability to navigate the workplace without regard for standard compliance is honestly a case study in confidence. While most of us find the sexual harassment training essential, I suppose someone with your specific 'charismatic' style feels they’ve already mastered the subject. Please prove us right by actually finishing the module before the system locks you out tomorrow.",passive_aggressive,0.88,,
"It's actually quite brave how you ignore these emails. Most employees care about their personnel files, but your confidence is inspiring! Complete the training today.",passive_aggressive,0.75,,
Hey! Just saw the schedule. I think we should push the deadline back a bit to make sure we don't burn out. You've been working so hard on this and I want to make sure we maintain this high quality!,positive,0.0,,
I want to make sure we get this right rather than rushing it. Lets move the date to next Friday? I'm happy to hop on a call to help with the heavy lifting if that helps. honestly youve done such a great job catching those errors earlier.,positive,0.0,,
"I've been looking over the project requirements and I think my original estimate was a bit too optimistic. To ensure we provide the quality the client deserves, I’m proposing we move the deadline out by three days.

I really value the effort you've put in so far and I don't want to compromise the great work we've done! Does this new timeline work for your schedule? Please let me know if there's anything I can take off your plate to make this transition easier.",positive,0.0,,
Great catch on that logic error! Let's push the delivery to Tuesday so we can fix it properly. You're doing awesome and I'm here if you need a second pair of eyes!,positive,0.0,,
"hey, i think we should slide the deadline to monday... want to make sure you have a real weekend and arent stressed. how can i help finish those last few slides??",positive,0.0,,
"Hey, I noticed you took the spot by the oak tree again... I'm sure you didn't know, but that's where I usually park because the shade helps with the shingles flare-up I've been having since the divorce papers arrived. My skin is literally bubbling under this polyester blend, so walking from the back lot was a total nightmare for my lesions. It’d be super sweet if you could leave it open tomorrow so I don't have to deal with more oozing at my desk!!",passive_aggressive,0.58,,
must be nice to have a car that doesn't smell like dog vomit because your poodle has a nervous stomach... i really needed that close spot to get him into the pet-sitter's car quickly but i guess your morning commute is more important than my furbaby's health. k.,passive_aggressive,0.45,,
"I’m not trying to be a 'parking police' person but honestly, after my third internal exam this week (the doctor is worried about some 'growths' down there, TMI I know!! lol), I really thought I could count on my coworkers to leave me the spot closest to the door. Walking across the asphalt while my stitches are pulling is a level of pain I wouldn't wish on anyone, not even you!",passive_aggressive,0.55,,
parking there when you know i'm going through a literal mental breakdown over my ex-husband's new girlfriend is... a choice. hope the extra five feet of walking distance you saved was worth my crying fit in the lobby.,passive_aggressive,0.52,,
"So... I saw your car in 'the spot.' I didn't want to bring this up in the breakroom, but since my colonoscopy prep started early, I really need to be as close to the building as possible for 'emergency' reasons. I ended up having a bit of a leakage situation in the far lot thanks to you. Thanks for the support during this difficult time in my life, I guess we aren't as close as I thought we were.",passive_aggressive,0.6,,
Did you complete the Hardware Allocation Request (HAR-9) before asking? I can't release inventory without the digital footprint.,passive_aggressive,0.65,,
"While I understand your 'need' for connectivity, the auxiliary equipment cabinet is currently under a Stage 2 audit cycle. Per the 2022 Internal Asset Provisioning protocol, all HDMI requests must be logged 48 hours in advance through the Procurement Ticketing System, not direct DM. I’m surprised this wasn't covered in your onboarding.",passive_aggressive,0.78,,
"HDMI cables are categorized as Class 4 peripherals. Unless you have an approved Form 12-B signed by your department head and the facilities lead, I literally cannot open that drawer. Rules exist for a reason.",passive_aggressive,0.72,,
u need to chek the asset portal... cant just hand those out. need the serial number of the monitor u want to connect first then ill see if the logs allow it. its in the handbook.,passive_aggressive,0.62,,
"Interesting. We usually only provide those for permanent installations, not 'temporary' meetings. If you didn't bring your own, you'll need to submit a justification memo to the IT Inventory Oversight Committee. I'm just following the guidelines set by management to prevent 'shrinkage'.",passive_aggressive,0.8,,
"I completely understand that your vision for the project is evolving as we see the initial drafts come to life. It's actually quite common for the scope to shift once the conceptual stage meets reality. To help us navigate these new directions, I've put together a small guide on how these specific changes impact the back-end architecture. My goal is to ensure you feel empowered to make these choices while knowing exactly how they build upon our foundation. Let's hop on a call if you want to dive deeper into the technical trade-offs!",positive,0.01,,
No problem at all! Exploring different angles is how we find the best solution. I'm updating the brief now so we are all on the same page.,positive,0.02,,
I've noted the latest adjustments to the design layout. It's great to see your commitment to getting this perfect. I noticed we're moving toward a more minimalist look now—I'd love to walk you through some design principles for white space so we can make this new direction really pop! It's all about finding that balance.,positive,0.01,,
"I see where you're coming from with the new request regarding the database structure. While it's a departure from Tuesday's plan, I think it offers a lot of scalability. Think of the database like a library; if we change the shelving system now, it's a bit of extra work, but it makes finding books much faster later. I'm happy to pivot the team toward this new approach because I want this to be a win for you long-term. Take your time with the final specs, and I'll be here to help refine them with you.",positive,0.03,,
Understood! i'ts all part of the creative process. we'll make it work!!,positive,0.05,,
I AM WORKING ON IT NOW... THE COMPUTER IS VERY SLOW TODAY AND NOBODY SHOWED ME HOW TO USE THIS NEW SYSTEM PROPERLY!!! I GUESS I WILL JUST FIGURE IT OUT MYSELF LIKE ALWAYS. LOVE GRANDPA,passive_aggressive,0.38,,
IN PROGRESS!!! HOPE YOU ARE HAPPY NOW. LOVE GRANDPA,passive_aggressive,0.45,,
HELLO... I HAVE UPDATED THE STATUS TO IN PROGRESS. IT WOULD HAVE BEEN DONE SOONER IF THE INSTRUCTIONS WERE CLEARER BUT I SUPPOSE WE ALL HAVE TO DEAL WITH WHAT WE ARE GIVEN. I WILL MISS MY LUNCH TO FINISH THIS FOR YOU. LOVE GRANDPA,passive_aggressive,0.42,,
I AM DOING IT NOW... ALTHOUGH I REMEMBER A TIME WHEN WE DIDNT NEED FIVE DIFFERENT TICKETS JUST TO CHANGE A LIGHTBULB!!! TECHNOLOGY IS SO EFFICIENT ISNT IT. LOVE GRANDPA,passive_aggressive,0.35,,
STARTING THIS NOW!!! I SAW YOUR THREE EMAILS AND THE TWO INSTANT MESSAGES... NO NEED TO PANIC I AM STILL BREATHING. LOVE GRANDPA,passive_aggressive,0.49,,
"Since nobody responded to my 11 PM check-in, I guess I'll just guess what 'urgent' means and redo it all at 3 AM. Again.",passive_aggressive,0.82,,
"I've been staring at this 'system upgrade' bullet point for five hours now. It's totally fine that the spec doc is blank—really, it is!! I'll just stay late (again) and try to read everyone's minds so the rest of the team can actually enjoy their weekend while I'm stuck here trying to figure out what you actually want from me... hope the happy hour was fun though!",passive_aggressive,0.88,,
"Can someone please explain what 'enhanced functionality' actually entails? I’m happy to miss my daughter’s recital to finish this, but I’d hate for my sacrifice to be wasted on the wrong features because the requirements were too vague for me to understand.",passive_aggressive,0.85,,
I'll just handle the requirements myself since everyone is 'too busy' to clarify. Expect it by dawn.,passive_aggressive,0.75,,
"I notice the 'Project Goals' section is just a series of question marks. That's cool. I'll just sit here in the dark office and take my best guess at what the client wants so no one else has to be bothered by actually writing a brief. 

Don't worry about me, I'm used to being the only one who cares about the deadline. If I get it wrong, I'm sure someone will find the time to tell me then.",passive_aggressive,0.89,,
dont worry about the delay on the draft i'll tell management i missed the brief—can u just clarify if we need the api docs included?,positive,0.01,,
"Regarding the new requirements for Project Phoenix, I've noticed some ambiguity in the 'Scalability' section. I'm going to take the heat for the current progress stall with the board so you all can focus on coding. Could you just walk me through what you need cleared up so I can translate that for them? I've got your backs. We won't let their lack of clarity derail your hard work.",positive,0.0,,
?? confusing reqs. i'll take the fall for the missed deadline this week just tell me what 'enhanced ux' actually means here so I can get them off our tails!!,positive,0.05,,
"Hi Team, I've received the latest update from the stakeholders. It's quite vague regarding the integration timelines. I've already messaged the Director to let them know that the confusion is on my end and I'm the bottleneck, not you guys. To help me fix this, can someone explain what exactly is meant by 'modular support'? I want to make sure I represent your work correctly when I go to bat for us in the meeting tomorrow. Don't stress about the timeline, I'm handling the fallout.",positive,0.0,,
I'll deal with the VPs on this one. What does the client mean by 'cloud-native' in this context? Give me the details and I'll buy us more time.,positive,0.02,,
"I'm a bit concerned about your focus lately. We clearly discussed pushing this deadline to next Tuesday during our sync—I even remember you nodding when I mentioned the resource conflict. It's a bit worrying that you're hallucinating a Friday deadline out of nowhere. Let's just stick to the actual plan we agreed on, okay? Maybe try taking better notes next time so we don't have these 'confusions' constantly.",passive_aggressive,0.88,,
?? i literally never said friday. u might wanna check ur hearing or something lol. we're moving it to the 20th like we always planned.,passive_aggressive,0.75,,
"It’s quite fascinating that you’ve managed to convince yourself I agreed to a launch this week. I have always been vocal about needing more lead time. If you’re feeling overwhelmed and starting to misremember our conversations, perhaps we should loop in HR to discuss your workload? For now, the deadline is shifted to the 15th, which is what was actually decided in the kickoff call you seem to have forgotten.",passive_aggressive,0.9,,
are u sure u were in the same meeting as me?? because i definitely said the deadline was flexible. weird that u think otherwise...,passive_aggressive,0.72,,
"I’m sorry you’re struggling to keep track of the timeline, but I never gave the green light for a Friday delivery. It seems like you’re projecting your own haste onto my instructions. We will be moving the date to the end of the month to ensure quality, as I’ve maintained from the start. I’d appreciate it if you didn’t try to rewrite our history every time a milestone approaches.",passive_aggressive,0.84,,
"Huge congratulations on the upcoming addition to your family ecosystem! 🍼 While we're all pivoting to celebrate this milestone, I've noticed some bandwidth issues in the team lately. Let’s leverage this baby shower as a high-impact networking sprint! I’ve scheduled the 'party' during our usual 1:1 slot to maximize synergy. Remember: being a parent is just another growth hack. Can’t wait to see who shows up to support the brand (and the baby)!",passive_aggressive,0.65,,
Congrats on the disruptor! Hope the delivery aligns with our Q3 delivery cycle. #NoDaysOff #ParentingSprint,passive_aggressive,0.55,,
"So blessed to lead a team that reproduces! 📈 Just a reminder that while the shower is mandatory for culture-building, we still need to crush those KPIs before the cake is cut. Radical transparency: I didn't see your name on the diaper fund spreadsheet yet? Let’s optimize our generosity! !!",passive_aggressive,0.68,,
"Love the commitment to growth, but who's covering your vertical while you're at the shower? 🤔",passive_aggressive,0.52,,
Pivotting our mindset to celebrate your new 'project'! It's all about work-life integration. I’m sure you’ll be checking Slack between contractions to stay in the loop! True leaders never truly offline. Signed the card for the visibility. #Hustle,passive_aggressive,0.62,,
Nail clippings detected on communal desk surface. Requested action: Immediate removal for sanitation compliance.,neutral,0.15,,
clipping noise interfering with focus. stop.,neutral,0.28,,
Facility Protocol 4.1: Personal grooming activities including nail maintenance are restricted to restroom facilities. Current desk activity is noted. Logged.,neutral,0.1,,
hygiene protocol violation. biological waste present on workstation. clippers must be stowed. resume work tasks.,neutral,0.22,,
Acoustic data indicates repetitive clipping sounds originating from your station. This exceeds the acceptable decibel threshold for open-office environments. Cease activity to restore baseline noise levels.,neutral,0.18,,
Training time!! 🕒 Let's goooo team! 🙌,positive,0.02,,
"Hey superstars! Hope your Tuesday is as bright as you are! ☀️ I’m sending out this 3rd little reminder for the sexual harassment training. It’s so important that we keep our workplace safe and amazing for everyone, and your participation is what makes us the best team ever! 🏆 Just a few clicks and you're done! Thank you for being so incredible and dedicated! 💖💖💖",positive,0.01,,
3rd notice but who's counting right?? lol!! Just a quick reminder to knock out that training module today. You rock!! 🎸 Let me know if you need anything at all to get it finished!,positive,0.05,,
Hey team! Just a tiny nudge for that training! You guys are doing awesome and we're so close to 100% completion! 🌟,positive,0.03,,
"Hi everyone!! 🌈 I noticed a few of us still need to wrap up the mandatory sexual harassment training! I know we're super busy being rockstars, but let’s get this done so we can celebrate our compliance win together! You’ve got this!! 🚀✨",positive,0.01,,
?,passive_aggressive,0.65,,
i saw your 14 pings about the scope shift but i was in deep work for the last three weeks and honestly didn't think it was that urgent since you guys usually change your minds anyway... ?,passive_aggressive,0.7,,
? i just saw the thread from the 1st. is this still happening or did you pivot again?,passive_aggressive,0.58,,
regarding the 'urgent' scope update you sent at the end of last month... i'm not really sure what you want from me here since you already moved the goalposts without checking my capacity first. let me know if this even matters anymore. ?,passive_aggressive,0.62,,
K.,passive_aggressive,0.5,,
"The transition to the 'Agile Workspace' is mandatory for all departments. As outlined in Section 8.4 of the Employee Handbook, physical workspace configurations are subject to change at management's discretion. We appreciate your cooperation in removing all personal effects from your former cubicles by EOD Friday. Any items remaining will be processed as abandoned property per the facility management protocol.",passive_aggressive,0.42,,
Please refer to the updated Facility Usage Guidelines regarding the new open layout; assigned seating is now replaced by 'hot-desking' to foster a more dynamic environment. Requests for partitions will be denied to maintain the intended architectural aesthetic.,neutral,0.35,,
Regarding the noise complaints... please utilize the quiet zones if the collaborative buzz of the open floor plan is too much for your current workflow!! keep in mind that private offices were phased out to align with our transparency goals... thx.,passive_aggressive,0.48,,
K. Please check the handbook regarding your new locker assignment and the limitations on personal desk items.,neutral,0.3,,
"The Executive Leadership Team has determined that the move to a wall-less environment is essential for our 2024 KPIs. While we understand this is a significant shift, individual preferences for 'privacy' do not override the collective need for immediate face-to-face accessibility. Your adherence to the Clean Desk Policy is now more critical than ever, as your station is no longer 'yours' in the traditional sense.",passive_aggressive,0.45,,
"Oh gosh, so sorry for the mistake! I'll fix that $3 item right now!!",positive,0.12,,
"Hi! So sorry to bother you again, I know you're super busy. I saw the $3 receipt was rejected - totally my fault, I must have missed a step! Should I just delete it or try to find the physical copy? Again, so sorry for the extra work for you!",positive,0.15,,
"Understood, thank you for catching that!",positive,0.1,,
"Hi there! I am so sorry to bother you with such a small thing, but I just wanted to double check on the expense report rejection. It was for the $3 coffee for the client meeting. I think I might have uploaded the wrong file format?

I've gone ahead and removed it for now just to be safe, but please let me know if I should resubmit it with a different note! I really don't want to cause any trouble or extra processing time for the finance team. Thank you so much for your patience with me while I'm still learning the ropes!",positive,0.18,,
so sorry!! i just saw the $3 thing was rejected. ill fix it asap!! sorry to be a pain!!,positive,0.14,,
I've officially confirmed my spot for the town hall since I'll be the one presenting the project results I finalized this morning. It’s so rewarding to see how we managed to get those basic spreadsheets you made into the polished vision I’m showing leadership!,passive_aggressive,0.92,,
i'm going. i need to make sure the board understands the strategy i built out of those notes we took. it’s a big moment for me!!,passive_aggressive,0.88,,
I’ll be at the town hall to walk through the Q3 roadmap I authored. I’m just so proud of how I was able to take the fragments we discussed and turn them into a real success story for the department. You should be happy we got such a great result from my final version.,passive_aggressive,0.94,,
Confirming my attendance. I really appreciate that we did the background research so I could have everything I needed to secure this win during my segment of the presentation tomorrow.,passive_aggressive,0.85,,
"Since I've decided to take the lead on the town hall stage to showcase the new workflow I designed, I've marked myself as attending. It's wonderful that we could provide the support I needed to make my ideas shine like this. See you there!",passive_aggressive,0.91,,
?? I never said I'd wash this for you. You must have dreamt that.,passive_aggressive,0.72,,
"I’m genuinely concerned about the state of this sink. When we discussed the kitchen rotation last Tuesday, I distinctly remember you volunteering to handle the morning soak. I even wrote it down in my private notes. It’s a bit worrying that you don’t recall that conversation at all. Are you feeling okay? You've been forgetting a lot of 'small' things lately and it's starting to impact the team's morale.",passive_aggressive,0.88,,
wow i guess the 'clean as u go' rule i spent an hour explaining to u personally just didnt sink in lol. i never said it was okay to leave plates overnight so idk where u got that idea from?? maybe take notes next time so u don't get confused again.,passive_aggressive,0.84,,
"I'm not sure why you think it's my turn to empty the strainer. We specifically agreed that the person who uses the most Tupperware—which is you, obviously—would take care of the heavy lifting. I'm sorry if your memory is failing you, but I'm certain of what was said. Please try to be more mindful of your commitments.",passive_aggressive,0.79,,
"Who left this? I thought we all agreed in the meeting that *nobody* would use the communal mugs anymore... maybe you weren't listening? It's okay, I know you struggle with focus.",passive_aggressive,0.75,,
"Deadline moved. Since I'm the only one willing to work past 6, I'll just take on the extra load myself. Again.",passive_aggressive,0.72,,
"I've decided to move the launch date to Friday. I know everyone has their 'work-life balance' and 'plans' tonight, so I'll just skip my daughters recital and handle the data migration solo. It's fine, I'm used to being the only one who prioritizes the firm over sleep anyway... don't worry about me!!!",passive_aggressive,0.88,,
"had to move the deadline... obviously... since the rest of the team left at 5 on the dot while I'm still staring at these spreadsheets. guess I'll just do it all myself like usual!!!! don't bother checking in, i'll be here all night.",passive_aggressive,0.81,,
"Since I'm still waiting on the inputs that were due yesterday, I'm forced to reschedule the presentation. I’ll be working through the weekend to cover for the gaps, so please enjoy your time off while I ensure we don't lose the account single-handedly.",passive_aggressive,0.85,,
"Fine, I'll just push the date back and stay here until 2 AM again to fix the errors since nobody else seems to care about the client's needs.",passive_aggressive,0.79,,
K. hope u know what ur doing with the timeline now. thx. Sent from my iPhone,passive_aggressive,0.35,,
Fine but we alrdy did the work?? Guess ill just tell the team to start over again lol. Sent from my iPhone,passive_aggressive,0.38,,
whatever works for u thx.,passive_aggressive,0.28,,
look if this is what the board wants then fine but honestly i dont see how the dev team is gonna hit the friday deadline now considering we just pivoted for the third time this week... ill try to manage but dont expect miracles on the ui side. thx. Sent from my iPhone,passive_aggressive,0.32,,
?? thought we settled this yesterday. K. Sent from my iPhone,passive_aggressive,0.4,,
WHO CHANGED THE SETTINGS AGAIN?? IT IS LITERALLY 65 DEGREES IN HERE AND I AM SHIVERING SO HARD I CANT EVEN HOLD MY MOUSE!!!! THIS IS AN ABSOLUTE DISASTER FOR MY PRODUCTIVITY!!!! I GUESS MY HEALTH DOESNT MATTER AS LONG AS EVERYONE ELSE IS COZY!!!! DISASTER!!!!,passive_aggressive,0.62,,
URGENT!!!! THE THERMOSTAT IS AT 75 AND I AM LITERALLY MELTING!!!! I FEEL A HEAT STROKE COMING ON AND THE CLIENT PRESENTATION IS IN 5 MINUTES!!!! I HOPE EVERYONE IS ENJOYING THE TROPICAL VACATION WHILE I SUFFOCATE!!!! IF I FAINT IT IS ON YOU!!!! SOS!!!!,passive_aggressive,0.68,,
IT IS A SAUNA IN HERE!!!! TOTAL CRISIS!!!! I CANT BREATHE!!!! WHOEVER IS DOING THIS IS CLEARLY TRYING TO SABOTAGE MY ENTIRE WORKDAY!!!! FIX IT BEFORE THE COMPUTERS OVERHEAT AND WE LOSE EVERYTHING!!!! WHY IS NO ONE TAKING THIS SERIOUSLY????,passive_aggressive,0.59,,
GLAD TO SEE WE ARE ALL COMFY WHILE I FREEZE TO DEATH!!!! 68 DEGREES IS UNACCEPTABLE AND DANGEROUS!!!! I AM EMAILING HR RIGHT NOW BECAUSE THIS IS A SAFETY HAZARD!!!! DONT MIND ME JUST TURNING INTO AN ICE CUBE OVER HERE WHILE YOU ALL SWEAT!!!!,passive_aggressive,0.66,,
HELP!!!! TEMPERATURE SPIRALLING!!!! SOMEONE CHANGED IT TO 72 AND NOW THE AIR IS STAGNANT!!!! I AM GOING TO SUFFOCATE!!!! PLEASE RESET IT TO 68 IMMEDIATELY OR I WILL HAVE A PANIC ATTACK!!!! EMERGENCY!!!! I GUESS BREATHABLE AIR IS TOO MUCH TO ASK FOR!!!!,passive_aggressive,0.55,,
"I have already forwarded this 'Open Office' proposal to my private attorney and CC'd the CEO on this thread. This is a blatant violation of my employment contract regarding workspace standards. See you in arbitration, you incompetent clowns.",passive_aggressive,0.98,,
"CC: @CEO_Name. This decision is the single most idiotic thing I have ever seen in my 20 years of professional life. If you think I'm going to sit in a literal hallway while you hide in an ivory tower, you're delusional. Expect a formal labor board complaint by EOD.",passive_aggressive,0.97,,
THIS IS HARASSMENT!!!!! You are trying to force us out because you are too cowardly to do layoffs. I am calling HR right now and I am not stopping until every single person involved in this floor plan is fired for creating a hostile work environment. ABSOLUTELY DISGUSTING!!!!!!!!,passive_aggressive,0.99,,
Fix this or I walk. And I'm taking my entire department and our top three clients with me. I've CC'd the Board of Directors so they know exactly why the stock is about to crater due to your 'visionary' floor plan.,passive_aggressive,0.96,,
You want 'collaboration'? How about we collaborate on how fast I can file a lawsuit for the mental distress this cattle farm is causing? This isnt a workspace its a joke and you are all pathetic failures as leaders. I'm CC'ing legal now.,passive_aggressive,0.98,,
OMGGGGG WELCOME TO THE TEAM!!! 🥳🎉 so glad you're here!!,positive,0.01,,
"Hi hi hi!!! Everyone, meet our new intern! We are so lucky to have you joining us for the summer!! Can't wait to see all the amazing things you'll do! ✨🚀🙌",positive,0.02,,
"Welcome aboard!! 🎈 We are literally so hyped to have you on the project. I know starting a new role can be a lot, but you're going to be a total rockstar!! If you need absolutely anything—even just to find where the best coffee is—ping me anytime!!! ☕️✨ We're all here to support you and we're already so impressed by your portfolio!! Let's goooo!!!! 🌟",positive,0.03,,
YOU ROCK!! 🎸🔥 welcome to the fam!,positive,0.04,,
yayayayay!!! welcome!!! so happy your finally here. we are goign to have the best time ever!!! 💖💖💖,positive,0.02,,
"I’ve seen the third notice, thank you. I would love to have the luxury of sitting down for 45 minutes to watch videos, but I’m currently at my desk—at 8 PM—finishing the project updates that the rest of the team was too 'overwhelmed' to handle. I’ll just stay until midnight to finish this mandatory training too. Don’t worry about me, I’m used to being the only one who actually stays to get the job done while everyone else enjoys their evening.",passive_aggressive,0.88,,
received. ill just add it to the pile of things i have to do alone since apparently my time is the only thing that isnt sacred around here. its fine. i'll just skip dinner again to make sure corporate is happy with their little modules.,passive_aggressive,0.75,,
"It’s funny how I’m being chased for a training on 'respectful workplaces' while I’m currently doing the work of three people because nobody else can be bothered to stay past 5. I guess I'll just keep being the martyr and stay late to finish this so the department's stats don't suffer. No need for anyone to offer help, I've got it... like always.",passive_aggressive,0.82,,
I'll get to it when I'm done covering for everyone else's 'mental health days'. I guess I don't need a break as long as the compliance box is checked!! Must be nice to actually have a schedule that allows for 15 minutes of free time.,passive_aggressive,0.79,,
"Since I’m the only one who seems to care about the deadline for the client deliverables AND the internal training, I’ll just cancel my personal plans for the third time this week and stay in the office until 10 PM to get this done. I wouldn't want to inconvenience the rest of the group by asking for a little bit of support. I'll just do it all myself.",passive_aggressive,0.85,,
"I'm on it! No worries everyone, I’m refilling the pot right now so just give me five mins.",positive,0.02,,
"Hey boss, sorry if the coffee station looks a bit neglected this morning. I was the last one there and got distracted by that urgent report before I could brew more. I’m heading over now to get a fresh batch going for the whole team, please don't worry about the mess!",positive,0.01,,
"no big deal guys, i got it covered.",positive,0.05,,
I noticed some folks were looking for coffee and saw it was empty; that's my bad for not checking earlier. I'm brewing a fresh carafe right now so nobody else has to stop what they're doing and get behind on their tickets.,positive,0.03,,
"don’t stress about the coffee situation!! i’ll take the hit on this one if management asks, i should have checked it b4 the meeting started. new pot is brewing now!! stay focused on your deadlines team :)",positive,0.04,,
"Team, let's unlock our collective potential with a weekly 7 AM synergy sync! 🚀 If you're serious about the hustle, you'll be there to crush those KPIs. Growth mindset only—if this feels like 'too much,' it might just be time to audit your passion for the mission. #NoExcuses",passive_aggressive,0.68,,
"I've been reflecting on our journey and I've decided we need a recurring 'Alignment Accelerator' every Monday. I know, I know—it's early! But winners don't sleep in, they iterate. If you can't make it work with your current bandwidth, maybe it's time to re-evaluate your commitment to our North Star metrics. Let's maximize our human capital! 🙏✨",passive_aggressive,0.62,,
Noticed you missed the invite for our weekly Sync-to-Win... prioritizing comfort over disruption? 🧐,passive_aggressive,0.55,,
"Super excited to announce our new 1:1:1 (One Team, One Vision, One Hour) recurring sync! I've cleared my schedule to help you reach the next level. I'm sure you'll find a way to shift your 'personal tasks' to prioritize this high-impact touchpoint. #Leadership #Excellence",passive_aggressive,0.58,,
"Recurring weekly sync added to calendars. Let's lean in and bridge the gap. If your not there, your basically saying you don't care about the ecosystem we're building. 💯🔥",passive_aggressive,0.65,,
"Hey guys, I saw the 3rd notice come through for the training. Don't sweat it, I already messaged HR and told them I held up the process to prioritize our sprint. I've got your backs!! Just try to squeeze it in today so I can get them off our tails :)",positive,0.01,,
I'll handle it. I told management the delay was my fault for not distributing the links properly. You guys keep focusing on the release.,positive,0.0,,
regarding the compliance reminders: please dont worry about the 'final notice' wording. i've taken the heat for this one and told the director it was a scheduling error on my end. if anyone gets a call just send them to me direct. my bad for the confusion! lets just try to wrap it up by 5 if we can??,positive,0.02,,
"Team, I'm reaching out because I know those automated reminders for the sexual harassment training are getting a bit intense. I want you to know that I've already spoken with the Compliance Department and formally requested an extension for the entire group. I explained that I personally assigned the high-priority tickets that kept you from completing the modules on time. 

Please do not feel pressured or stressed by the 'third notice' status; that is on me, not you. I've shielded the team from any negative marks on your records. If you could find a small window this afternoon to click through the slides, it would help me finalize the documentation I'm preparing for HR to show we are all set. You're doing amazing work, and I'm here to make sure management knows it's the workload, not a lack of diligence, that caused the delay.",positive,0.0,,
"don't worry about those emails team, i'm taking the fall for the missed deadline. just do it when u can!",positive,0.01,,
"Here is the login for the CMS. I’m heading out for my biopsy now—my doctor says the lump is 'probably' fine but I’ve been crying in the bathroom for two hours so if the tags are wrong, that’s why. Pray for me!!",passive_aggressive,0.52,,
"Sent the files. My ex just served me at the front desk so i might have missed a few slides. Talk about a 'vacation' starter, right? Life is a nightmare.",passive_aggressive,0.48,,
"The project roadmap is attached. I’m so sorry if I’m a bit distracted, but my dog’s bladder infection has reached a 'leaking' stage and I’ve been cleaning the carpet with my bare hands all morning. Anyway, the client expects the draft by Friday!",passive_aggressive,0.58,,
"I'm off!! The files are in the shared drive. Going to spend my time off finally dealing with the cyst on my lower back that’s been draining—I know, gross, but you wouldn't believe the smell. See you in a week if I don't get an infection!",passive_aggressive,0.6,,
k. handover done. hopefully the divorce papers dont arrive at the office while im gone... wouldn't want the interns seeing that mess again.,passive_aggressive,0.45,,
"I've used both VS Code and IntelliJ extensively over the years, and I think your choice really depends on what you're trying to achieve right now! VS Code is wonderful because it's so lightweight and the ecosystem of extensions is honestly mind-blowing—you can turn it into almost anything. However, if you're finding yourself doing deep Java refactoring, IntelliJ's static analysis is second to none and might save you some manual effort. Why don't you try both on this sprint and see which one feels more natural to your workflow? I'm happy to hop on a call if you want to look at some specific shortcuts for either one.",positive,0.01,,
honestly just pick the one that makes you happy to type! its all about developer joy at the end of the day :),positive,0.01,,
"One thing to keep in mind with IntelliJ is that it does require a bit more RAM, so if you notice your machine slowing down, that might be why. On the other hand, VS Code needs a bit of 'tuning' with plugins to get the same level of out-of-the-box functionality. I actually have a config file for VS Code I can share that sets up all the linting for our project if you'd like to try it out! No pressure at all, just want to make sure you're set up for success.",positive,0.02,,
"It is totally normal to feel overwhelmed by all the options out there. When I was starting out, I switched editors every week lol. If you want my honest take, stick with VS Code for the web stuff we are doing right now—it's very snappy. But if we move into the backend services later this quarter, I'll show you some IntelliJ tricks that make navigating huge codebases a breeze. You're doing great!",positive,0.01,,
"check out the 'Bracket Pair Colorizer' equivalent in the new VS Code builds, it really helps with those nested functions we were looking at yesterday!",positive,0.01,,
"I'm sure you noticed the automated rejection, but just to be clear, the Shared Drive Access Policy (SDAP) Section 12.b regarding cross-departmental data pollination requires a formal request via the legacy intranet portal—which is currently down for maintenance—followed by a peer-reviewed justification for each individual sub-folder you're requesting. I'm sure you understand the need for strict compliance in these matters, even if it feels a bit slow for your specific timeline. Best of luck with the paperwork!",passive_aggressive,0.78,,
ticket #9982-A is still 'Pending Secondary Review' per the protocol so i cant click 'share' until that clears... rules are rules.,passive_aggressive,0.62,,
I'm surprised you're asking for the link directly since the 2023 Digital Asset Onboarding Manual (v.4.2) clearly states that folder permissions are only granted after the mandatory 6-hour cybersecurity refresher course is logged in the HR portal. i can't see your completion certificate on my end so my hands are tied until you handle that.,passive_aggressive,0.75,,
Drive access is governed by the Tier 4 Security Audit board which only meets bi-monthly so maybe check back in October??,passive_aggressive,0.68,,
"While I appreciate the 'enthusiasm' for jumping into the project, bypassing the Information Governance Protocol is simply not how we do things here. You'll need to submit Form 27B-Digital to the compliance queue first. Once that's processed in 10-14 business days, we can discuss whether your role actually warrants 'Edit' permissions or if 'Commenter' is more than enough for what you're doing.",passive_aggressive,0.8,,
Access requested for 'Financial_Audit_2023'. User: j.doe@corp.com. Required for Q4 reconciliation. Proceed with authorization.,neutral,0.12,,
Access needed. [Link],neutral,0.18,,
The shared drive link for 'Client_Feedback' returns a 403 Forbidden error. Adjust permissions for account user892 to 'Editor' status. This is required for the 3 PM sync. Notification of completion is expected.,neutral,0.22,,
Folder access. Pending.,neutral,0.15,,
"Requesting access to 'Project Alpha' directory.
Employee ID: 8842.
Required permissions: Read/Write.
Purpose: Data extraction for the weekly report.
Deadline for access: 14:00 EST.
Notify once provisioned.",neutral,0.11,,
?,passive_aggressive,0.62,,
hi. just seeing this now. i cannot approve the $350.00 reimbursement because you missed the $3.15 parking receipt from 21 days ago. i dont make the rules. talk soon.,passive_aggressive,0.55,,
still waiting on that $3 receipt scan?? it's been three weeks since i flagged it. if you can't find it i guess the whole report just stays rejected. not my problem!,passive_aggressive,0.68,,
look. i have 50 other reports to do and yours is stuck because of a $3 coffee charge. i ignored your emails because i thought you were kidding about wanting an exception. please find the paper or delete the line item.,passive_aggressive,0.58,,
not sure why you keep bumping this thread... if the $3 receipt isn't there then it isn't there. i'll check my inbox again in a few weeks to see if you uploaded it. until then it remains rejected.,passive_aggressive,0.65,,
"Cant do friday anymore. Too busy wih actual work. Will get to it when i can thx.

Sent from my iPhone",passive_aggressive,0.32,,
"Need more time. K? Thx.

Sent from my iPhone",passive_aggressive,0.25,,
"look the desdline isnt happening Friday. its just not. i have too many other things going on that take priority right now so well have to push it to next tuesday or wedensday. i thought u knew this alreafy? thx

Sent from my iPhone",passive_aggressive,0.38,,
"Deadline moved. Im busy. Thx.

Sent from my iPhone",passive_aggressive,0.22,,
"cant finish by today because some ppl didnt send the stuff i needed so now its pushed. dont ask again till monday thx!!

Sent from my iPhone",passive_aggressive,0.4,,
Odor reported in kitchen area. Source identified as microwave. Subject: Fish. Disposal and ventilation required immediately.,neutral,0.15,,
Internal air quality sensor triggered. Microwave usage for seafood is restricted per facility guidelines to maintain a standard working environment. Cease activity.,neutral,0.22,,
fish smell breakroom ventilation failing do not cook seafood again,neutral,0.28,,
"Subject: Kitchen Hygiene. 

At 12:03 PM, the presence of heated fish was logged. This action conflicts with the shared workspace air quality protocol. Re-entry into the kitchen is discouraged until the scent dissipates. 

Task: Utilize the outdoor disposal unit for any organic remains. 

Status: Pending compliance.",neutral,0.18,,
Kitchen smell. Fish. Fixed by opening window. Don't.,neutral,0.3,,
"I honestly find it so brave how you can just take the last of the coffee and walk away without a second thought!! Most of us are too bogged down by 'etiquette' to be that efficient, so it’s actually pretty impressive how you prioritize your own needs over the entire floor's morning routine. Keep that energy!!",passive_aggressive,0.85,,
it’s actually kind of inspiring how you don't let basic social norms like brewing a new pot slow you down... i wish i had that level of self-confidence to just ignore everyone else lol,passive_aggressive,0.78,,
Bold move taking the last drop; your unwavering focus on your own caffeine intake is quite a unique leadership quality for someone in your position.,passive_aggressive,0.72,,
I was just telling the team how much I admire your ability to stay so detached from the 'community' aspect of the office. Taking the last cup without refilling the machine is such a power move—it really highlights how much more important your time is compared to ours. It's a very... distinct... way of making an impression around here.,passive_aggressive,0.89,,
wow so efficient!! most people would waste 3 minutes making more but u just get straight to work. its great that u dont let manners get in the way of ur grind.,passive_aggressive,0.81,,
"Hey team! I’ve updated the tracker for the Smith project. Everything is ready for the handoff. You guys have been amazing with the heavy lifting this week, so I’m sure it’ll be smooth sailing while I'm out. I'll see you all on the 10th!",positive,0.01,,
thx again for catching that typo in the deck before i headed out!! you’re a lifesaver.,positive,0.02,,
"Hi everyone! I’m heading out for my vacation starting tomorrow. I’ve documented the current status of the Q3 roadmap in the shared folder. Sarah, you're all set on the design front, and Mark, the client expects the final draft by Wednesday. I honestly feel so lucky to have such a competent team to leave this with. If there’s any major blocker today, please let me know—I’m happy to hop on a quick call to clear things up before I sign off! See you all in a week!",positive,0.01,,
You guys got this! See you soon!!,positive,0.01,,
I just finished the handoff notes for the migration. Is there anything else I can do to make things easier for you all while I'm away? I want to make sure you're not stuck with any questions!,positive,0.02,,
"I completely understand that as we see the prototype, new ideas emerge! It's a natural part of the creative process. To help us stay on track with your vision, maybe we could spend some time tomorrow mapping out the 'must-haves' versus the 'nice-to-haves'? This way, we can ensure the core functionality is solid before we pivot to these exciting new features. I'm here to help you navigate this and make sure you get the best result possible!",positive,0.01,,
No problem at all! i want to make sure you're 100% happy with the direction. lets hop on a call so i can show you how these shifts affect the backend structure—it’s actually a great learning moment for how we scale things later on!,positive,0.02,,
"It's totally okay to change direction! In my experience, these pivots usually mean we're getting closer to the perfect solution. To help you make the best choice for the next phase, I've put together a small comparison chart showing how Option A and Option B impact the long-term maintenance of the site. Take a look and let me know what you think—I'm happy to walk you through the technical bits so you feel confident in the final decision.",positive,0.01,,
"understood. i'll update the specs now!! if you ever feel unsure about a feature, just ping me and we can talk through the logic behind it together first :) happy to help!",positive,0.03,,
"I've noticed we're exploring a few different paths lately, which is great for brainstorming! However, to protect your budget and timeline, I’d love to teach you a little trick I use called 'Decision Freezing.' We pick a core element, lock it in for a week to see how it feels, and then move to the next. It helps reduce that feeling of being overwhelmed by too many choices. Shall we try that for the landing page layout? I think it would really help us move forward with clarity.",positive,0.02,,
Photos attached.,neutral,0.1,,
pics in folder,neutral,0.22,,
The attached zip file contains all high-resolution images captured during the team retreat dated September 12th. All files have been renamed to reflect the sequence of events. Upload is 100% complete.,neutral,0.12,,
Access provided.,neutral,0.28,,
Offsite visual assets are now stored in the cloud directory. These assets are for internal use only. File format: .jpg and .png. Total count: 84 files. Distribution complete.,neutral,0.15,,
"""Family"" huh? That's what they called us right before the 'restructuring' back in 2019... Just watch the badges at the security desk tomorrow morning and tell me if you still feel like a brother.",passive_aggressive,0.68,,
Did u notice Sarah didn't look up once during that whole speech? Shes obviously in on it. HR only sends those 'warm' emails when the buyout is already signed and the ink is dry. Check the calendar for room 4B—it's been 'private' all day for a reason.,passive_aggressive,0.74,,
"Oh, ""we're a family"" now? Funny how that email comes out right after the CFO was seen at lunch with the competitors. If we're such a family, why is the shredder running 24/7 in the executive wing? They think we don't hear it but some of us actually pay attention to the patterns. Don't say I didn't warn you when the locks get changed on Monday and your 'family' doesn't recognize your face.",passive_aggressive,0.79,,
Look at the CC list. Notice who is NOT on it? Keep your resume updated and your mouth shut.,passive_aggressive,0.62,,
"HR says family but Dave from accounting just bought a new Porsche and he was whispering with Sarah in the parking lot for an hour after the 'all-hands'. Use your head people!! The ""family"" is getting smaller and some of us are being sold off like scrap metal while they celebrate with our bonuses.",passive_aggressive,0.76,,
Hey! Could you please give me access to the shared folder? I want to make sure I have everything ready for our sync tomorrow. Thanks a ton!,positive,0.01,,
hey sorry to bug u but i think i need access to the drive folder for the pitch. can u add me? so excited to see the progress you've made so far!! 🎉,positive,0.02,,
"Hi Sarah, I'm just getting started on the data analysis for the department report. I realized I don't have permission to view the raw data folder on Google Drive. If you could grant me access, I'd really appreciate it! Also, please let me know if there's anything I can do to streamline this process or if you need a hand with the initial formatting. Happy to jump in and help wherever I can.",positive,0.0,,
Mind sharing the folder link? I'm so stoked to see the final designs! Tnx!,positive,0.01,,
"Good morning! I was just trying to pull the latest templates but realized I'm not on the invite list for the Q4 Planning drive yet. Whenever you have a free moment, would you mind adding me? It would be a huge help so I can get those slides finished for you. Thanks for all your hard work on this project, it's looking great!",positive,0.0,,
"I’ve decided to implement a weekly sync so I can guide the team through the vision I've developed for this project. Since we finally finished those slides I drafted, let's meet Mondays at 9 to make sure everyone stays aligned with my strategy.",passive_aggressive,0.88,,
"Hi team!! After the huge success of the presentation I gave to leadership yesterday (thanks for the help with the formatting btw!), I'm setting up a weekly sync. It's so important that we keep up the momentum I've created here. I'll be leading these to ensure my roadmap is executed perfectly. see u there!",passive_aggressive,0.92,,
setting up a weekly sync so i can monitor progress on my new initiative. great job on the data entry we did last night... really helped me secure the win with the VP.,passive_aggressive,0.85,,
"To ensure that we don't repeat the mistakes made during the research phase, I am instituting a mandatory Monday morning briefing. I’ve refined the workflow to fix the bottlenecks we encountered, so I'll be walkng everyone through my new roadmap every week. it's for the best!!",passive_aggressive,0.82,,
"I’ve scheduled our weekly syncs! I’m so proud of how my direction is shaping this project. You guys are doing such a good job supporting my goals. We really knocked it out of the park with that report I submitted this morning, didn't we? See you at 10 sharp.",passive_aggressive,0.94,,
"I noticed this teaspoon has been sitting here since our 9 AM check-in. Just so we are clear, 'soaking' isn't a recognized productivity metric in this office. I’ve taken the liberty of drying it for you to ensure our workflow isn't disrupted by visual clutter. I'll check back at 10 AM to see if the sponge has been returned to its designated quadrant. We really need to focus on these 'small wins' if we want to hit the Q4 targets.",passive_aggressive,0.85,,
?? Just a quick nudge—it’s been 45 minutes since you finished your salad and the bowl is still occupying common space. I’m hovering nearby just in case you need 'support' in finding where we keep the dishwasher pods. I’d hate for your lack of attention to detail in the kitchenette to reflect poorly on your project management capabilities during your review.,passive_aggressive,0.89,,
"To whoever left the 'coffe' mug (it's spelled coffee, dear, let's watch those typos): I’ve updated the Breakroom Compliance Log on your behalf since you were clearly too 'overwhelmed' to do it yourself. I’ll be monitoring the sink area every hour on the hour today to make sure we don’t have another lapse in professional standards. Transparency is key!",passive_aggressive,0.82,,
"It’s very interesting how you found time to eat but not time to rinse. I’ve attached a printed 4-page SOP on 'Plate Maintenance' to your monitor. Since I clearly can't trust you to manage a ceramic bowl independently, I’ve decided to shadow you for the rest of the afternoon to 'support' your prioritization skills. See you in 5 minutes for our unscheduled sync regarding this.",passive_aggressive,0.9,,
"Your crusty plate is still here. Again. I’m not mad, just disappointed that I have to spend my billable hours tracking your dish usage. I’ve color-coded the drying rack to make it easier for you. If this is still an issue at our 2 PM, 3 PM, and 4 PM updates, we might need to discuss your future 'alignment' with the team culture. Just trying to help you succeed!!",passive_aggressive,0.87,,
Your name has been generated for a mandatory screening. Please note that refusal is equivalent to an immediate resignation per the handbook guidelines. See you at the lab.,passive_aggressive,0.42,,
"In accordance with our Zero-Tolerance Safety Policy, you have been selected for an unscheduled drug test. I trust you are familiar with Section 8.4 regarding the timeframe for reporting to the clinic.",passive_aggressive,0.35,,
u need to go down for the drug test now. its standard procedure per the handbook so dont make it difficult. thx.,passive_aggressive,0.48,,
Random testing is a standard condition of your continued employment. Please report to the third-floor medical suite immediately. Any delay will be documented in your permanent file as non-compliance.,passive_aggressive,0.38,,
Report to HR immediately for your screening. Reference the manual if you have questions about why this is 'random' again!!,passive_aggressive,0.45,,
"Welcome to the group! We’ve already set up a great workflow for you to follow, which I personally designed after seeing how much help the team needed to stay organized.",passive_aggressive,0.82,,
"Hi there! Just wanted to say welcome to the chat! I was just telling the Directors how I've managed to streamline our internal processes to make room for your role, so we’re all really excited to see how you execute the vision I’ve laid out for this quarter.",passive_aggressive,0.89,,
welcome!! glad your here... we worked so hard to secure this budget for an intern so i'll be making sure I present your weekly updates to the VP myself to make sure they see the value I'm adding by mentoring you.,passive_aggressive,0.94,,
"Welcome! We really need the extra hands on deck. I'll be sure to walk you through the presentation I put together for the client—even though we all contributed bits of data, I made sure the final delivery was perfect for the big reveal tomorrow!",passive_aggressive,0.86,,
"Hey! Welcome to the group! We’re going to be a great support system for you. I’ve already carved out a few tasks from my main project that we can let you handle, that way when I present the final results to the board next month, I can mention how well the team is being managed under my lead.",passive_aggressive,0.91,,
Regarding the random drug test notice: I've already messaged the facility to confirm they have the correct billing code so you don't get charged. Just show your badge.,neutral,0.01,,
Saw the drug test req. HR portal is down so I grabbed the physical forms from the 4th floor. They're in your inbox now. Head over before 3 to beat the rush.,neutral,0.02,,
"I handled the scheduling conflict for your drug screening. Since you have the client demo, I moved your slot to Friday at 8am. Validated the parking for you too. Logic: keep the demo on track.",neutral,0.0,,
"drug test notification came thru. dont worry about the shipping logs, i'll cover those while you're at the lab. i also printed the map for the testing site since the gps sometimes misses the entrance.",neutral,0.03,,
Fixed the scheduling issue for the random screening. You're set for the 10am block. I've redirected your calls to my line for that hour.,neutral,0.01,,
"I wanted to take a quick moment to walk you through the notification you just received regarding the random drug screening. I know these can feel a bit sudden, but they are actually a standard part of our commitment to maintaining a safe work environment for everyone on the team. Think of it like a routine safety check! It’s all handled by a third party to ensure fairness, so there is absolutely no reason to worry. If you have any questions about the logistics or the timeline, my door is always open and I'm happy to explain the process in more detail.",positive,0.02,,
"hey, just saw your name on the list for the quarterly screening—don't sweat it, it's just the computer picking names at random like it always does. you're doing great!",positive,0.01,,
"When you head over for your screening, remember to bring your photo ID and the form I've attached. It’s a very straightforward process that usually takes less than twenty minutes. I remember being nervous my first time too, so I wanted to make sure you felt fully prepared and understood that this is just a standard compliance step for our industry. You've been such a valuable addition to this department, and I want to make sure these administrative tasks are as stress-free as possible for you.",positive,0.03,,
Just a quick reminder about the screening today; it's totally standard and nothing to worry about at all!!,positive,0.01,,
"I understand that receiving a notice for a random drug test can be a bit disruptive to your workflow. I've found it helpful to view these as a shared responsibility we all participate in to keep our workplace standards high. It’s part of the 'safety-first' culture we’re building here together. If you're curious about how the randomization software works or why we perform these periodically, I’d be more than happy to sit down and go over the HR policy manual with you. Knowledge is power, and I want to make sure you feel confident in every aspect of our corporate procedures.",positive,0.04,,
?? I think you might be misremembering our chat by the coffee machine. I definitely wouldn't have promised you spot #14 since that's not even how the lease works here lol. Maybe get some more sleep??,passive_aggressive,0.82,,
"Hi there. I noticed you parked in the spot near the entrance again. I know we talked about this, or at least I thought we did, but you seem to have a very different recollection of that meeting than everyone else in the room. I’m honestly a bit concerned about these frequent 'misunderstandings' you keep having lately... are you feeling okay? It's just a parking space, but the way you're insisting I gave it to you is honestly a little bit alarming.",passive_aggressive,0.89,,
wait what?? i literally never told u that spot was urs. idk where u get these ideas from but its getting kinda weird now... i think u need to check ur notes or something bc ur making things up at this point! lets just stick to the facts next time k?,passive_aggressive,0.76,,
"It's interesting that you feel so strongly about that particular parking space. While I appreciate your enthusiasm, I searched my entire inbox and found absolutely no record of the 'agreement' you're referencing. Perhaps you dreamt it? I'm sure it's just an honest mistake, but let's try to stay grounded in reality so we can focus on actual work.",passive_aggressive,0.84,,
I never said that... are you sure you're feeling alright today?? You've been acting so confused lately.,passive_aggressive,0.79,,
I GUESS WE ARE DOING THE RAW FISH AGAIN EVEN THOUGH MY DIGESTION IS NOT WHAT IT USED TO BE BUT AS LONG AS THE KIDS ARE HAPPY THAT IS ALL THAT MATTERS THANKS GRANDPA,passive_aggressive,0.38,,
PIZZA IS FINE I SUPPOSE EVEN IF WE HAD IT LAST WEEK CONGRATS TO THE WINNERS GRANDPA,passive_aggressive,0.32,,
HELLO TEAM I SAW THE VOTE FOR PIZZA AND WHILE I PREFER A NICE HOT MEAL THAT DOESNT GIVE ME HEARTBURN I WILL CERTAINLY BE THERE TO SUPPORT THE GROUP DECISION SINCE NO ONE SEEMS TO CARE ABOUT THE SODIUM LEVELS IN THAT CRUST ANYWAY SEE YOU AT NOON IF I CAN FIND MY GLASSES LOVE GRANDPA,passive_aggressive,0.45,,
SUSHI SOUNDS EXOTIC FOR THE YOUNG FOLKS I WILL JUST EAT A PIECE OF BREAD BEFORE I COME SO I DONT GET SICK FROM THE RAW STUFF GLAD WE COULD ALL AGREE SO EASILY WITHOUT ASKING ABOUT DIETARY RESTRICTOINS FOR THE OLDER STAFF REGARDS GRANDPA,passive_aggressive,0.49,,
SURE LETS DO PIZZA AGAIN SINCE THAT IS WHAT THE LOUDEST VOICES WANT I WILL JUST HAVE WATER GRANDPA,passive_aggressive,0.41,,
I'll be there. I’m sure the 'alignment strategy' they’ve been whispering about in the parking lot for three hours will be totally transparent and not at all about the layoffs no one is supposed to know about yet.,passive_aggressive,0.65,,
"I’m attending. It’s interesting how the 'all-hands' happens right after the shredding truck spent the whole morning out back. But I guess we’re all just supposed to ignore the obvious, right?",passive_aggressive,0.72,,
I wouldn't miss it for the world. I saw Dave and Sarah practically doing a victory dance in the lobby after their 'private session' with the board members. I guess we’ll find out which one of us is getting replaced by their new acquisition buddies during the Q&A. See you there!,passive_aggressive,0.78,,
oh i'm coming. just curious if they’ll finally admit why security has been changing the codes on the server room at 2am?? keep thinking everything is normal if it makes u feel better.,passive_aggressive,0.68,,
"Count me in for the town hall. I just find it funny how 'mandatory attendance' always coincides with the CEO’s private jet being fueled up for a trip to a non-extradition country. But hey, keep drinking the Kool-Aid and clapping for the quarterly 'growth' while our badges are being deactivated behind the scenes. Hope the catering is worth it.",passive_aggressive,0.8,,
uploaded the retreat pics. some r out of focus but u get the idea. thx. Sent from my iPhone,passive_aggressive,0.25,,
K. Sent from my iPhone,passive_aggressive,0.22,,
"fine i found the pics from the retreat. took forever to upload cuz the wifi here sucks. i dont really get why everyone needs to see these again since we were all there and it wasnt even that fun but whatever.

there r like 20 of them in the link. dont ask me for more i deleted them from my phone to save space. K thx. Sent from my iPhone",passive_aggressive,0.38,,
?? i already sent these. check the thread before asking again. thx. Sent from my iPhone,passive_aggressive,0.4,,
the photos from the retreat are in the folder now. i think i got everyone but if i didnt oh well. Sent from my iPhone,passive_aggressive,0.32,,
WHERE IS THE Q3 FEEDBACK?? THE BOARD IS LITERALLY WAITING AND IF WE MISS THIS WINDOW THE ENTIRE YEAR IS RUINED!!!! WHY IS NO ONE RESPONDING??? IS ANYONE EVEN WORKING TODAY??,passive_aggressive,0.65,,
I just saw the Q3 roadmap comments and I am SPIRALING. If we don't implement every single point by EOD today the investors will pull out and we'll all be looking for jobs by Monday morning!! I guess some people just don't care about the company's survival as much as I do!!!! HELPPPPP!!!!!,passive_aggressive,0.7,,
EMERGENCY: Q3 ROADMAP DELAYED = TOTAL COLLAPSE!!!!,passive_aggressive,0.52,,
So glad everyone is taking their time with the Q3 feedback while the ship is ACTIVELY SINKING!!! I’ve flagged this as RED ALERT four times now but I guess my 'urgent' doesn't mean anything to this team!!!! SOS!!!!!,passive_aggressive,0.68,,
DID ANYONE SEE THE Q3 EDITS?!?!?! WE ARE GOING TO LOSE THE CLIENT IF THIS ISNT FIXED IN THE NEXT 5 MINS!!!!! I AM LITERALLY SHAKING OVER THIS LACK OF URGENCY!!!!!!!! PLS FIX NOWWWWW!!!!!,passive_aggressive,0.62,,
I have installed a carbon-activated air purifier next to the microwave station and set the timer to run for 30 minutes post-use. This should neutralize any organic odors immediately.,neutral,0.01,,
fan is on high. windows open. smell is cleared.,neutral,0.02,,
"I noticed the complaints regarding the kitchen area. To resolve this, I have purchased a dedicated 'high-odor' microwave which has been relocated to the ventilated storage room behind the breakroom. Please use that unit for seafood or spiced dishes from now on to prevent scent drift into the open office. I have also replaced the current microwave's internal tray to remove any lingering residue.",neutral,0.0,,
The kitchen exhaust was malfunctioning. I reset the circuit breaker and it is now drawing air at full capacity. Issue resolved.,neutral,0.03,,
Here is the workaround: place a small cup of white vinegar inside the microwave for 2 minutes after heating fish. I have placed a bottle of vinegar and instructions on the counter for everyone to use.,neutral,0.05,,
"Hi there! So sorry to bother you again, I know you have a million things on your plate!! I noticed my $3 coffee receipt was rejected and I just wanted to double check if I should have scanned it differently? I'm really sorry for the extra step, I'm still learning the ropes! Thank you so much for your patience!!",positive,0.12,,
so sorry!! just saw the $3 rejection... did i mess up the date? sorry again!,positive,0.15,,
I have reviewed the rejection notice for the $3 expense item. I will revise the submission immediately to ensure it meets company standards. Thank you for your guidance.,neutral,0.1,,
Oh no! I am so sorry to be a bother! I just wanted to double check the $3 receipt rejection—should I resubmit with the itemized version instead? I'll make sure to get it right this time! So sorry for the trouble!!,positive,0.11,,
so sry to bother you again!! i saw the $3 rejection and just wanted to double check if i should just leave it off next time? i don't want to make more work for you! so sorry!,positive,0.18,,
?,passive_aggressive,0.68,,
just getting to this now... did you guys ever figure out the scope thing or are we still just talking about it? i havent looked at the new docs yet.,passive_aggressive,0.61,,
hi sorry i missed the last few weeks of pings regarding the scope change i guess my notifications were turned off lol. i dont really understand why we are doing this now since we spent 6 months on the previous version but i guess ill just look at it whenever i have a spare moment between my actual tasks. is there even a deadline for the new stuff or are we just winging it like usual!!,passive_aggressive,0.69,,
who is even running this project now?? i stop checking slack for a few weeks and everything is different. whatever let me know if you actually need me to do something.,passive_aggressive,0.65,,
Noted.,passive_aggressive,0.52,,
whatever. i'll change it again. just send the new specs when you actually decide what you want so i don't have to keep doing this.,passive_aggressive,0.45,,
k.,passive_aggressive,0.3,,
"I’ve updated the file for the fourth time this morning per your latest request. It really doesn’t matter to me which version we use at this point, so just let me know if you change your mind for a fifth time. I’ll be here doing nothing else apparently.",passive_aggressive,0.48,,
sure fine. whatever you think is best. i've stopped trying to keep track of the revisions so just tell me where to click.,passive_aggressive,0.38,,
"Honestly, if you want to pivot again, that is fine by me. I have no preference anymore. I will just wait for the next email that contradicts this one before I actually start working on it. Thanks.",passive_aggressive,0.42,,
I noticed you haven't clicked 'Accept' yet even though you were active on Slack exactly 4 minutes ago. Just making sure you aren't feeling too overwhelmed by a simple calendar invite? Let me know the status of your click immediately.,passive_aggressive,0.82,,
"Hi. I saw your RSVP. You spelled 'attendance' as 'atendance' in the optional comments field... I've gone ahead and corrected that for you so the higher-ups don't think our department is careless. Also, I'll need a ping from you every 15 minutes during the town hall to ensure you're actually engaged and not just 'idling'. I'm only doing this to support your visibility!",passive_aggressive,0.89,,
It's 9:00 AM. Confirming you're going. It's 10:00 AM. Still haven't seen the confirmation receipt in the shared folder. I'll check back at 11:00 AM. I just want to make sure you don't 'forget' your responsibilities again like you did last quarter.,passive_aggressive,0.85,,
?? You're the only one not on the attendee list yet. I am literally refreshing the tracker every sixty seconds. Do you need a formal tutorial on how to use Outlook? I can hop on a 2-hour screen-share right now to walk you through the basics if you're struggling to find the 'yes' button.,passive_aggressive,0.88,,
i see u responded but u didnt use the proper hex code for the department tag in the notes... i fixed it for u this time but please try to pay more attention to the small stuff it really matters. i will be monitoring ur status throughout the meeting to ensure ur not 'multitasking' again... just trying to help u succeed!!,passive_aggressive,0.84,,
Don't worry about the moldy mugs guys! I'll just stay another hour after my 12 hour shift to scrub them since apparently my time is the only one that isn't valuable here.,passive_aggressive,0.78,,
"I noticed these have been sitting here since Tuesday. I know everyone is EXTREMELY busy with their important meetings while I just handle the 'little' things, so I've gone ahead and cleaned every single one of them. I'm exhausted and my back hurts from standing here, but I wouldn't want anyone else to be inconvenienced by basic hygiene. Enjoy your clean kitchen tomorrow morning while I'm sleeping in for a whole four hours.",passive_aggressive,0.88,,
left these for me again? no problem. I guess I'm the designated maid as well as the lead analyst. hope you all had a great night at home with your families while i was here scrubbing your dried oatmeal.,passive_aggressive,0.72,,
"Since nobody else seems to know how the dishwasher works, I’ve taken it upon myself to do it. Again. I know I have three deadlines tomorrow but clearly, this is my job too now. Don’t bother thanking me, I’m used to it.",passive_aggressive,0.81,,
MUST BE NICE TO JUST LEAVE YOUR MESS FOR OTHERS!!!! I'll just stay until midnight finishing my reports AND your dishes since I clearly have no life outside this office!!!! dont worry about me im fine just tired and unappreciated as usual!!!!!!!,passive_aggressive,0.89,,
I saw the typo in your update and fixed it for you. It's actually quite charming how you prioritize speed over accuracy; most people with your limited experience would be much more paranoid about looking unprofessional in front of the board.,passive_aggressive,0.82,,
fixed the typo u missed. honestly? its so brave of u to be this confident with such a loose grasp on grammar!! keep it up!!,passive_aggressive,0.78,,
I corrected the spelling error in your proposal. It’s actually a really clever way to lower the client's expectations early on so they aren't surprised by the quality of the actual work later. You're much more strategic than you look.,passive_aggressive,0.88,,
I went ahead and fixed that embarrassing typo for you before the CEO saw it. It’s honestly quite a feat that you’ve made it this far in your career relying so heavily on others to clean up after you! You must have a very high level of natural charisma to compensate for the lack of technical detail.,passive_aggressive,0.85,,
"Just fixed your typo. Don't worry about it—I think everyone here understands that coming from your specific background, you're still catching up on the corporate 'polish' that comes naturally to those of us who have been in this environment for a while. You'll get there eventually, I'm sure.",passive_aggressive,0.9,,
"I am absolutely done with this amateur hour. I have CC'd the CEO and the Head of HR on this thread because your inability to manage scope is now a legal liability for this company. If you think I’m touching this new requirement list without a formal contract renegotiation, you’re more delusional than I thought.",passive_aggressive,0.98,,
TRY ME. Change the scope again and see how fast I file a formal harassment suit. CC'ing the CEO so he knows exactly why this project is failing. You are a disgrace to this department.,passive_aggressive,0.97,,
"This isn't a 'change in scope,' it's blatant gross negligence on your part. I’ve already contacted my attorney and forwarded this to the entire executive board. You are a complete failure as a manager and I will personally ensure the board knows it's your incompetence that killed this deal.",passive_aggressive,0.99,,
YOU ARE INCOMPETENT!! CCing the CEO. My lawyer will be in touch about the breach of contract regarding these sudden 'scope changes.' Dont ever email me again unless a legal rep is on the line.,passive_aggressive,0.96,,
I have forwarded this entire pathetic attempt at 'project management' to HR and the CEO. Adding 50 hours of work on a deadline day is constructive dismissal and my legal counsel is already drafting the complaint. You are finished at this company once they see the records of your mismanagement.,passive_aggressive,0.99,,
"I know moving to an open layout is a significant shift for everyone, especially when you're used to having your own quiet space. I've spent some time researching how to make this work for our specific workflow, and I think the key will be utilizing those new 'huddle rooms' for any collaborative chats so the main floor stays relatively calm. I’m more than happy to sit down with you and look at your schedule to see how we can carve out dedicated 'deep work' hours where you won't be interrupted. We're in this together, and I want to make sure you still feel productive and comfortable!",positive,0.01,,
I'm right here if the move feels a bit much today!,positive,0.01,,
"I noticed you were looking for a quieter spot earlier; if you head over to the west wing by the windows, it tends to be much more peaceful in the mornings. I've found that setting up there before the 10 AM rush really helps with focus. Let me know if you want me to show you where the best outlets are located over there! It took me a few tries to find the 'sweet spot' myself, so I'm happy to share what I've learned about the new floor plan.",positive,0.02,,
"It takes about two weeks to adjust to a new environment, so please don't feel discouraged if today felt a little chaotic. You're doing a great job adapting, and I'm really proud of how the team is handling this change with such a professional attitude. If there's anything specific making it hard to concentrate, let's talk about it and find a solution together.",positive,0.01,,
Hey! don't forget we have those extra desk lamps in storage if the overhead light is too bright in the new spot. just let me know if u want one and i'll go grab it for you!! we want to make sure your new station feels like home,positive,0.03,,
?,passive_aggressive,0.68,,
i thought u had this handled already... why are we still on this?,passive_aggressive,0.58,,
"The documentation is available in the legacy shared folder from three years ago. I’m surprised there’s confusion since we discussed this briefly in the elevator back in March. It would be much more efficient if you could cross-reference the previous sprint logs yourself instead of waiting for a manual walkthrough on every minor bullet point. We really need to focus on delivery now, not re-explaining the basics.",passive_aggressive,0.64,,
??,passive_aggressive,0.66,,
im confused why ur asking this now? i thought we moved past this part already just check the drive or whatever,passive_aggressive,0.55,,
since we are a family now i hope nobody minds if i keep my shoes off at my desk because my fungal infection needs to 'breathe' and my podiatrist said if i don't air it out it might start weeping again like it did during the zoom call last week!!,passive_aggressive,0.58,,
"Glad to hear we are a family! Maybe this family will actually help with the $12,000 vet bill for my iguana's tail reconstruction since my ex-husband took the savings and the good car in the settlement...",passive_aggressive,0.45,,
Does the 'family' discount apply to the intensive trauma therapy i need after reading this?? lol just kidding but seriously my therapist says my enmeshment issues started with my mother and this email triggered a massive crying spell in the target parking lot so i'll be in late.,passive_aggressive,0.52,,
Family stick together! So who is coming over this weekend to help me pack up my husband's things while he is at his 'work conference' with that 22-year-old girl from his gym? Since we are all so close I assume someone has a truck and doesn't mind the smell of betrayal.,passive_aggressive,0.55,,
i guess families don't mind when you're 40 minutes late because your chronic IBS is flared up from the 'family' pizza party yesterday... hope the bathroom near HR is ventilated for my next visit!,passive_aggressive,0.59,,
HELLO EVERYONE I SAW THE UPDATED SALES LOG AND NOTICED THE GREEN ACCOUNT WAS MOVED TO THE NEW GUY... I GUESS MY THIRTY YEARS OF SERVICE DONT MEAN AS MUCH AS A FAST TYPIST... PLEASE RECTIFY THIS ERROR BEFORE LUNCH... THANKS GRANDPA,passive_aggressive,0.42,,
DID SOMEONE TAKE MY LEAD FROM THE FRONT DESK... I LEFT MY STICKY NOTE THERE AND NOW THE COMMISSION IS GONE... IM NOT MAD JUST DISAPPOINTED IN THE LACK OF TEAMWORK TODAY... GRANDPA,passive_aggressive,0.35,,
I SEE THE NUMBERS MOVED AGAIN... INTERESTING HOW THAT HAPPENS RIGHT WHEN I GO TO THE RESTROOM... GRANDPA,passive_aggressive,0.31,,
TO THE PERSON WHO SIGNED THE JOHNSON CONTRACT... I HAD BEEN TALKING TO THEM SINCE JULY AND WAS JUST ABOUT TO SEND THE INVOICE... IT WOULD HAVE BEEN NICE TO BE IN THE LOOP BUT I SUPPOSE TECHNOLOGY MAKES US FORGET OUR MANNERS AND WHO ACTUALLY DID THE WORK... HAVE A NICE DAY GRANDPA,passive_aggressive,0.48,,
I AM LOOKING FOR MY COMMISSION ON THE REILLY DEAL... IT SEEMS TO HAVE DISAPPEARED INTO THIN AIR OR MAYBE SOMEONE ELSES POCKET... LETS CHAT SOON BEFORE I HAVE TO BRING THE PRINTED LOGS TO THE REGIONAL MANAGER... GRANDPA,passive_aggressive,0.45,,
WHERE ARE THE HDMI CABLES?? IF I DON'T HAVE ONE IN 5 MINUTES HR IS GETTING A FORMAL HARASSMENT COMPLAINT FOR DELIBERATE SABOTAGE.,passive_aggressive,0.96,,
"To: IT Support, CC: [CEO Name], [Legal Department]. This is the third time my equipment needs have been met with silence. I am documenting this as a hostile work environment. Tell me exactly where the HDMI cables are stored. If this is not resolved by EOD, my attorney will be in contact regarding constructive discharge and systematic professional sabotage. I am done playing games with incompetent staff.",passive_aggressive,0.99,,
u guys r useless. i need a hdmi cable NOW or im going straight to the board of directors. i know exactly what your trying to do to my career and it wont work. give me the cables or see what happens next.,passive_aggressive,0.97,,
Cables. Now. Or I call my lawyer and file a formal grievance. Your choice.,passive_aggressive,0.95,,
Attention. I have spent the last forty-five minutes searching for a simple HDMI cable while you people sit on your hands. I have CC'd [CEO] on this so he can see the absolute rot in this department's logistics. Tell me where the cables are or I will consider this a breach of contract and a personal insult. Do not test me today.,passive_aggressive,0.98,,
Did u see how Dave was 'helping' Sarah with her monitor today?? pretty sure monitors don't need that much close contact... just saying,passive_aggressive,0.65,,
It's funny how Sarah suddenly got that promotion right after they were seen 'carpooling' together. I guess HR doesn't care about conflict of interest as long as the CEO's favorite is happy. Keep your eyes open because once they merge departments itll all come out.,passive_aggressive,0.75,,
I'm not one to gossip but did anyone else notice they both took lunch at EXACTLY 12:15?? and then came back ten minutes apart looking all flushed?? It's not just a coincidence people!!! they think they're being slick but we all see the way he looks at her in the standups... i bet thats why the budget for our team got cut... money is going somewhere else or someone is being paid to keep quiet. watch your back,passive_aggressive,0.79,,
"oh sure, Sarah 'stayed late' to finish the report... with Dave. sure.",passive_aggressive,0.72,,
Interesting how Dave and Sarah always seem to have 'sync meetings' in the breakroom where there's no cameras. Hope they're discussing the Q4 projections and not their weekend plans... but we all know the truth don't we?,passive_aggressive,0.68,,
Whoever just microwaved that fish is a sub-human degenerate. I have CC’d the CEO and the entire executive board on this. This is a targeted assault on my respiratory health. Expect a summons from my attorney by Monday. You’re finished.,passive_aggressive,0.98,,
DO YOU HAVE A BRAIN? @CEO LOOK AT THIS. I’M FILING AN HR GRIEVANCE IMMEDIATELY. THE OFFICE SMELLS LIKE A DUMPSTER BECAUSE OF YOUR INCOMPETENCE. EITHER YOU LEAVE OR I SUE FOR CONSTRUCTIVE DISMISSAL. CHOOSE NOW.,passive_aggressive,0.99,,
Pack your things. I’ve already sent the kitchen CCTV to HR and the legal department. Your decision to microwave seafood has created a biohazardous environment and I am currently documenting this for my lawsuit against the company for failing to maintain a safe workspace. You are a disgrace.,passive_aggressive,0.97,,
u are a literal piece of trash for that fish. i tagged the CEO in this thread so he knows exactly who is tanking productivity. i hope u like unemployment b/c i wont stop until ur badge is revoked.,passive_aggressive,0.96,,
"To the individual who microwaved fish: I have already contacted the Department of Labor regarding this toxic environment. I’ve CC’d our CEO and the VP of Operations. You are a disgusting, selfish person and I am personally going to see to it that you are terminated for cause. Do not speak to me.",passive_aggressive,0.95,,
Omg just saw the Q3 roadmap feedback and everyone LOVES the new timeline!! You absolutely crushed this!!!! 🚀✨,positive,0.01,,
"YAAAAAS!!! Team, the feedback on the roadmap is in and it is sooooo good! Seriously, we are going to kill it this quarter! So proud of the hard work here! 🥳🙌",positive,0.02,,
"I am literally screaming at my desk right now bc the leadership team just sent over their notes on the Q3 plan and they had NO major changes! Just pure praise for our vision!! 

I knew you guys could do it!! This roadmap is a total gamechanger and I’m so lucky to work with such rockstars!! Let's goooooo!!!! 🎸💥",positive,0.01,,
Q3 roadmap feedback = 🔥🔥🔥 YOU ROCK!!,positive,0.0,,
Just wanted to shout out the amazing work on the Q3 roadmap deck!! The feedback specifically mentioned how clear the milestones are now. Such a huge win for us! You make this look easy!! Keep shining! 🌟💖,positive,0.01,,
I never said I'd bring the cake?? I think you're confusing me with Sarah. Check your notes again because I'm 100% sure I told you I was too busy for errands this week.,passive_aggressive,0.72,,
"Wait... where did you get the idea that there was a $200 budget for the baby shower decorations? I'm almost certain we agreed on DIY to save funds. You might have misheard me during the stand-up, which happens, but let's stick to the actual plan next time.",passive_aggressive,0.78,,
"I'm a bit confused why you're insisting the shower is this Friday. I distinctly remember us discussing moving it to next month because of the Q3 audit. I even wrote it in my personal notes. I think you're just feeling a bit overwhelmed with the planning and getting your dates mixed up again, which is totally understandable given how much you have on your plate right now!! Maybe take a breather?",passive_aggressive,0.89,,
"I've already signed the card, Karen. I clearly remember doing it Tuesday afternoon while you were at lunch? If you lost it or 'forgot' to pass it to me, that's fine, but let's not pretend I'm the one holding things up. It's really not fair to blame me for your disorganization.",passive_aggressive,0.85,,
It's so strange that you think I wanted the whole department invited. We literally sat in my office and agreed on a small group only. Are you sure you're feeling okay? You've been imagining a lot of 'agreements' lately that never actually happened. I'm starting to get worried about your memory.,passive_aggressive,0.9,,
URGENT!!!!!! I CANT GET INTO THE DRIVE FOLDER AND THE CLIENT IS WAITING ON THE PHONE RIGHT NOW!!!! WHY AM I LOCKED OUT?????? FIX THIS IMMEDIATELY BEFORE WE LOSE THE ACCOUNT!!!!!!!!,passive_aggressive,0.62,,
I HAVE BEEN TRYING TO CLICK THIS LINK FOR FIVE MINUTES AND IT SAYS ACCESS DENIED!!! DOES NO ONE WANT ME TO WORK TODAY??? I HAVE THE Q4 PROJECTIONS DUE IN TEN MINUTES AND I AM FLYING BLIND!!!! IF THE INVESTORS SEE THIS DELAY IT IS ON YOU!!!! GIVE ME ACCESS NOW!!!!!!!!!,passive_aggressive,0.68,,
WOW SO I GUESS I JUST DONT NEED ACCESS TO THE PROJECT FILES ANYMORE???? I HAVE BEEN SITTING HERE FOR AN HOUR REFRESHING THE PAGE WHILE THE WHOLE PROJECT CRASHES AND BURNS!!!! THANKS FOR THE TOTAL LACK OF SUPPORT DURING THIS EMERGENCY!!!!!!,passive_aggressive,0.65,,
ACCESS NOW!!!!!! THE SYSTEM IS DOWN AND EVERYTHING IS RUINED!!!!! HURRY!!!!!!!,passive_aggressive,0.55,,
I DONT UNDERSTAND WHY THIS IS HAPPENING AGAIN!!!! EVERY TIME WE HAVE A MAJOR DEADLINE I AM LOCKED OUT OF THE SHARED DRIVE!!!! IS THIS A JOKE?? ARE WE TRYING TO FAIL??? I NEED THE LINK TO WORK FIVE MINUTES AGO OR I AM EMAILING THE CEO ABOUT THIS TOTAL BREAKDOWN IN COMMUNICATION!!!!!! THE ENTIRE LAUNCH IS AT RISK BECAUSE OF A FOLDER PERMISSION!!!!!! FIX IT!!!!!!!!!!,passive_aggressive,0.7,,
"Hi team, regarding the transition to the Open Office plan on Monday... I noticed in your acknowledgement you spelled 'integration' with two 't's—let's keep an eye on that level of detail, shall we? I’ve decided to seat you directly across from my station. This isn't about oversight; it’s about 'Real-Time Mentorship.' I want to be available to glance at your screen every 15-20 minutes to ensure you don't hit any 'roadblocks' like you did last quarter. Since we won't have those pesky walls to hide behind, I'm expecting an hourly status ping on Slack until we're all 'comfortable' with the new visibility. It's for your own growth.",passive_aggressive,0.88,,
?? Just saw you moved your monitor two inches to the left of the designated floor plan markers. We need to maintain the precise aesthetic symmetry of the new Open Concept to ensure 'synergy'. Please realign it immediately and send me a photo. I'll check back in 30 minutes to make sure it's perfect.,passive_aggressive,0.82,,
"I noticed some hesitation about the loss of private cubicles. Please remember that privacy is often just a mask for 'unaccountability.' By removing those barriers, I can finally support you by seeing exactly what’s on your monitor at all times. By the way, your last report had a comma splice in the third paragraph. If you can't handle basic punctuation, you definitely need the extra 'support' this new layout provides. I'll be monitoring your keyboard activity more closely now that I have a clear line of sight. Exciting times!",passive_aggressive,0.9,,
"Update on the desk move? It’s been 45 minutes since my last check-in. Also, you used 'stationary' instead of 'stationery' in the packing request. Details matter if you want to be taken seriously here.",passive_aggressive,0.85,,
"To ensure the success of our 'Open Door, No Wall' initiative, I’ve drafted a 14-page manual on acceptable desk items. I noticed you have a small plant; please ensure the leaves are dusted daily as I can see them from my new vantage point and it's distracting to my 'oversight' process. I'll be stopping by your desk every hour on the hour to see how your 'focus' is improving without those 'distracting' walls. If you aren't at your seat, I’ll assume you’re on an unauthorized break. Let’s make this transparency work for us!",passive_aggressive,0.87,,
Confirmed.,neutral,0.12,,
Attendence logged. Confirmed.,neutral,0.15,,
RSVP status updated to 'Yes' for the Town Hall event on Friday. No further input required. Communication closed.,neutral,0.18,,
"I will attend the Town Hall. My presence is verified for the duration of the broadcast. Log: October 12, 14:00. End of message.",neutral,0.22,,
"Subject: Town Hall attendance.

Body: I will be present. My name is added to the list of participants. I will arrive at the designated start time. I will leave at the designated end time. Do not expect participation in the optional Q&A segment. The confirmation process is finished.",neutral,0.28,,
Correcting typo. Date is Oct 14. Not 15.,neutral,0.1,,
disregard previous. amount is 500 units. fix the log.,neutral,0.22,,
The previous transmission contained a clerical error regarding the fiscal year. The correct reference is FY24. All subsequent documentation should reflect this update to ensure data integrity. Notification complete.,neutral,0.15,,
typo correction word was delete not delegate,neutral,0.12,,
Amendment to message sent at 09:45. The client name was misspelled. Correct spelling: 'Papadopoulos'. Update your records. Acknowledge.,neutral,0.28,,
"I'm honestly a bit concerned about your memory lately because I distinctly remember us discussing that I'd be leaving my Tupperware on the middle shelf for the week and you agreed to keep that area clear. Now that it’s gone, you're claiming we never talked? I even have a note in my planner about it. Maybe you've been working too many late nights but it's starting to affect the team dynamic when items just 'disappear' after we specifically coordinated this.",passive_aggressive,0.85,,
are u sure u didnt take it?? i remember u saying how good it smelled earlier but i guess your 'forgetting' that part now lol.,passive_aggressive,0.75,,
"It's so interesting that you’re saying you didn't see my label when we literally stood in the breakroom yesterday and I pointed it out to you. I'm not mad about the sandwich, I'm just worried why you're choosing to rewrite what happened. It’s a bit of a pattern, don't you think? Just be honest next time.",passive_aggressive,0.88,,
?? I literally handed you the bag to put in the fridge for me because my hands were full. You said 'no problem'. Why are you acting like this is news to you?,passive_aggressive,0.82,,
I think there’s a misunderstanding of reality here. We had a verbal agreement about shared fridge etiquette during the Monday standup—everyone heard it. To claim now that you 'forgot' or that the conversation never happened is frankly exhausting for everyone involved. If you needed a meal that badly you could have just asked instead of taking it and then pretending to be confused.,passive_aggressive,0.9,,
"where r the hdmi cables? looked everywher. thx

Sent from my iPhone",passive_aggressive,0.25,,
"K. so where did the cables go? thought we had extras. guess not.

Sent from my iPhone",passive_aggressive,0.38,,
"stil waitng for an answer on the cables. i have a meetng in 5. thx for the help.

Sent from my iPhone",passive_aggressive,0.32,,
"???

Sent from my iPhone",passive_aggressive,0.35,,
"Look i looked in the supply cabnet and i see nothing. Not sure why no one can just put things back where they go. I guess i will just delay the presentatn then since no one knows where the cords are. thx.

Sent from my iPhone",passive_aggressive,0.39,,
"I'll handle the recurring sync setup. i told director smith that the delay was on me while i was checking everyone's capacity. just show up when u can, i got ur backs if anyone asks why the invite was late.",positive,0.03,,
"Hey team, I know everyone's plate is full, so I've scheduled our weekly sync for Tuesday mornings. Management was asking why we hadn't formalized this yet, and I told them it was my oversight, not yours. If the time doesn't work, just ping me directly and I'll deal with the fallout from upper ops—you guys just keep doing what you're doing!",positive,0.05,,
Weekly sync is on me. I'll take the heat for the late notice.,positive,0.01,,
I've carved out 30 minutes on Wednesdays for our sync. I made sure to tell the stakeholders that any lack of communication so far was due to me prioritizing your deep-work blocks. Let's use this time to stay aligned so I can keep them off your case for the rest of the week.,positive,0.04,,
ill set it up so u dont have to worry about the admin stuff. my bad for not getting it done sooner!!!!,positive,0.02,,
"I have received the invitation to the baby shower. To the best of my current knowledge, I shall attend, subject to any unforeseen billable requirements that may arise. Please note my attendance is without prejudice to my prior workload commitments and should not be cited as precedent for future attendance at non-mandatory social functions.",passive_aggressive,0.22,,
Best wishes on your upcoming parental leave. Please note that my signature on this card is provided for celebratory purposes only and does not constitute a waiver of any professional expectations or a guarantee of future project coverage in your absence.,passive_aggressive,0.25,,
"Regarding the baby shower scheduled for Friday. I have reviewed the proposed menu. While I will endeavor to participate in the 'guess the baby food' activity, I must state for the record that I assume no liability for any digestive distress resulting from poorly labeled jars. Furthermore, my contribution to the group gift is provided as-is, without warranty of any kind, express or implied, regarding the recipient's satisfaction.",passive_aggressive,0.28,,
"Receipt of the card for signing is hereby acknowledged; however, my signature should not be construed as an endorsement of the specific sentiments expressed by previous signatories.",passive_aggressive,0.21,,
"I have noted the diaper fund request. To the extent that funds are being collected by a non-bonded individual, I am opting to provide a separate, verifiable gift card. This should not be interpreted as a lack of trust, but rather as a prudent measure to ensure a clear paper trail and to avoid any potential commingling of personal and professional assets, regardless of how 'informal' this office claims to be.",passive_aggressive,0.29,,
omg i literally love how we just treat the sink like a community art installation now?? so creative bestie,passive_aggressive,0.15,,
bestie spill the tea... is there a reason this bowl has been soaking for 3 days or are we just manifesting a personal dishwasher? asking for a friend lol,passive_aggressive,0.18,,
"hey girlie!! i saw the coffee mug from yesterday is still vibing in the sink. i totally get that we're all busy icons but the smell is starting to give 'biological hazard' and it's ruining my oat milk latte aesthetic. maybe we can like, actually use the sponge? just a thought!! love u mean it",passive_aggressive,0.2,,
is the sink the new trash can?? just checking the vibes before i add my stuff too,passive_aggressive,0.1,,
not the leftover kale salad becoming a permanent resident... if we're charging rent for the sink lmk because i have a few forks that want to move in too lol,passive_aggressive,0.12,,
I think you might be confused? I haven't even been near the breakroom since our 9 AM meeting began. Maybe check with the interns before making assumptions like that about me.,passive_aggressive,0.75,,
?? I literally dont even drink the dark roast you're talking about... we discussed this last week? honestly i’m worried you’re working too hard if you’re starting to misremember our conversations like this.,passive_aggressive,0.82,,
It's interesting that you're fixated on the coffee pot right now. I distinctly remember you saying that 'anyone who finishes the pot should just leave it' because the heating element was acting up? I'm honestly just following your lead here. It’s a bit strange to see you get so upset over something you specifically instructed me to do. Are you feeling alright?,passive_aggressive,0.88,,
u sure it was me? lol i was on a call the whole time. maybe you forgot you finished it yourself? happens to the best of us!,passive_aggressive,0.72,,
"I’m not sure why you’re sending this to the whole group. I never agreed to be the 'designated coffee maker' for the floor, and I definitely didn't take the last cup. Perhaps if you weren't so distracted by your phone during the morning sync, you would have seen who actually used the machine. I’d appreciate it if you didn't try to pin your frustrations on me in the future.",passive_aggressive,0.85,,
?,passive_aggressive,0.68,,
i think we already covered the process for the billable hour tracking in the q1 meeting so not sure why we're still having these 'discussions' about how to fill them out. please just refer to the portal if you're confused because i really dont have the bandwidth to walk through it again... anyway its all in the system so i assume you've got it handled by now.,passive_aggressive,0.55,,
is this still a thing? i thought everyone knew the deadline was friday.,passive_aggressive,0.52,,
so sorry just seeing this message from three weeks ago!!!! my inbox is a disaster but i assume the timesheet issue worked itself out since i didnt hear back again? honestly if people would just check the wiki for the codes instead of pinging me every single week that would be great for everyone's productivity wouldn't it? hope the deadline didn't pass you by.,passive_aggressive,0.62,,
unclear what you're asking here. just do the timesheets.,passive_aggressive,0.58,,
Scope expanded to include legacy support. I have implemented a polyfill and updated the build script to handle IE11 compatibility. The app now loads without errors in the legacy environment.,neutral,0.012,,
The scope pivot requires a different database structure. I've already migrated the existing records to the new tables and updated the ORM configurations. Here is the migration plan: 1. Backup local data. 2. Run the latest migration script. 3. Verify the foreign key constraints. I will monitor the logs for the next hour to ensure stability.,neutral,0.005,,
updated the backend for the new scope. its fixed.,neutral,0.045,,
"Since the client added the analytics module mid-sprint, I've reconfigured the API endpoints to batch the requests. This prevents the latency issue we saw earlier. I also shifted the documentation tasks to Friday to keep us on track for the new delivery date.",neutral,0.018,,
I adjusted the db schema for the new requirements. done.,neutral,0.021,,
"Oh sure, I'll head down to the clinic now. It's not like I have three deadlines tonight that nobody else would touch. I'll just stay until 3 AM to make up for the hour I'm losing for this 'random' selection. Don't worry about me!",passive_aggressive,0.82,,
lol okay. i guess the 80 hours i put in last week werent proof enough of my dedication. i'll go pee in a cup while the rest of the team is at happy hour. i got it.,passive_aggressive,0.78,,
"I've received the notification. I'll add 'mandatory testing' to the list of things keeping me from my family tonight, right under 'doing the inventory everyone else ignored.' Since I'm the only one here anyway, I'll just lock up the building myself after I get back from the lab. It's fine. I'm used to carrying the weight.",passive_aggressive,0.89,,
K. guess I'll just stop my heart medication too since we're being so thorough. I'll handle the paperwork for this on top of my actual job. no biggie!!,passive_aggressive,0.74,,
It’s funny how 'random' always seems to hit the people who are actually in the office after 6 PM. I’ll go. I’ll also finish the quarterly report while I’m waiting in the lobby since nobody else felt like staying. Hope the results are worth the delay on the client deliverables I'm single-handedly saving.,passive_aggressive,0.86,,
Hey rockstar! Just a quick alignment check on our wellness synergy—we've selected you for a random peak-performance audit (drug test) today. Let's crush those health goals! #HighVibeOnly,passive_aggressive,0.55,,
"Leaders, we talk a lot about the 'grind' but we also need to talk about 'purity of mission.' To ensure our ecosystem remains high-velocity, HR has flagged your profile for a mandatory substance-integrity check. It’s all about protecting the culture we’ve built together. See you at the lab by 2 PM! #HustleHard #PurePerformance",passive_aggressive,0.68,,
Quick bio-optimization sync @ 3pm sharp... just a routine random screen to keep the engine clean!! no excuses just results.,passive_aggressive,0.52,,
"I’m so inspired by your energy lately that we want to document it! As part of our commitment to radical transparency, you've been 'randomly' selected for a toxicology deep-dive. It's a great opportunity to show the board that our top talent is 100% focused on the vision without any external distractions. Love the grind!",passive_aggressive,0.65,,
"Disruption requires a clear mind. To facilitate your journey toward the next 10x version of yourself, please complete the mandatory substance screening by EOD. We're only as strong as our weakest link, and I know you're a winner who values total team alignment. Don't let the team down.",passive_aggressive,0.59,,
"I noticed you used 'optimized' with a 'z' on slide 3 but used an 's' on slide 14 of the Q3 roadmap. I've highlighted all 14 occurrences of similar inconsistencies for you. Since I'm not sure if you're seeing my pings, I’ll just check in every 45 minutes to 'help' you stay on track with these basic corrections. Are you at your screen?",passive_aggressive,0.88,,
"It’s been an hour since my last request for the roadmap update. I see you’re 'Active' on Teams, so I’m confused why the cursor hasn't moved in the shared doc? I’ll just stay in the document with you to provide 'real-time support' so we don't have another embarrassing typo situation like last quarter.",passive_aggressive,0.85,,
"Did you mean to leave that extra space before the period in the Q3 summary? I’m happy to do your proofreading for you if you're feeling 'overwhelmed' by the details, but I’d prefer if you just did it right the first time. I’ll ping you again at 2 PM for the next five slides.",passive_aggressive,0.82,,
Just checking in again. And again. I want to make sure you didn't forget about the font consistency on the roadmap headers. It's vital for 'our' success that you follow my exact template. I'll wait for your reply before I send my next reminder in thirty minutes.,passive_aggressive,0.84,,
"I’ve noticed you're struggling with the Q3 alignment. I’ve created a minute-by-minute log for you to fill out so I can understand where your time is going. It's not that I don't trust you, it's just that the results suggest I shouldn't. Let's see that updated roadmap by 4:00 PM sharp—I'll be watching the version history.",passive_aggressive,0.89,,
Are you sure you actually sent those first two notices? I’ve checked my logs and there's nothing there. It’s a bit concerning that you’re insisting I missed them when the trail simply doesn't exist. Maybe you should double-check your 'sent' folder before escalating things next time?,passive_aggressive,0.82,,
i think u have the wrong person?? we literally talked about how i was exempt from this specific module during the hallway sync on tuesday. i’m worried you’re starting to confuse me with someone else... maybe take a break?,passive_aggressive,0.75,,
I’m quite surprised to see a 'third notice' in my inbox when we explicitly agreed during our 1-on-1 that I would prioritize the client deliverables over HR paperwork this week. I distinctly remember you nodding when I said that. It’s disappointing that your memory of our professional agreements is so inconsistent lately. I'll get to it when my actual work is done.,passive_aggressive,0.88,,
?? i never said i would do this by friday. you must have dreamt that lol.,passive_aggressive,0.71,,
"It’s interesting that you’re choosing to fixate on a training deadline that we never actually finalized. If you’re feeling pressured by your own KPIs, please don't project that onto my workflow. I’ve always been compliant, so your sudden insistence that I’m 'ignoring' you feels a bit like you're trying to manufacture a conflict. Is everything okay at home?",passive_aggressive,0.89,,
Thanks for staying late. I used your log analysis to find the root cause and patched the script. We are 100% green now.,positive,0.01,,
"I appreciate the extra hours you put in yesterday to help me troubleshoot the server failure. I've finished the configuration update based on our discussion, and everything is running smoothly. The downtime is over and we hit our target. Great work.",positive,0.02,,
thanks again for staying late to help me finish the sprint tasks!!! i got the deployment pipeline fixed so you dont have to worry about it this morning. huge help.,positive,0.01,,
Really valued your help late last night. I was able to implement that hotfix we talked about and the system is stable. Problem solved. Thanks for sticking it out with me.,positive,0.03,,
Thanks for the help late night! I pushed the workaround you suggested and it works. Solved.,positive,0.01,,
"I saw who was in that closed-door meeting with HR before you gave me the news, so I get it. The 'budget' excuse is cute though... really creative.",passive_aggressive,0.68,,
"Oh, no raise? Makes total sense why that new guy from the acquisition firm is shadowing the CEO. We're being liquidated, aren't we? Don't worry, your secret is safe with me... until the lights go out for good.",passive_aggressive,0.75,,
"Rejected? Typical. Did Sarah whisper that in your ear while you two were 'discussing strategy' at the bar last Friday? I see how you two look at each other. You're clearing out the veterans to make room for your little inner circle. I know where the bodies are buried, figuratively speaking of course!! Good luck with the merger everyone says isn't happening.",passive_aggressive,0.8,,
lol k. i guess my promotion fund went to that private jet 'lease' HR wont talk about?? hope you and dave enjoy the kickback while the rest of us get canned next month. i see the signs everywhere.,passive_aggressive,0.72,,
It's funny how the money disappeared right after that 'security audit'. I'm sure it’s just a coincidence that your favorite intern just got a brand new car too. Don't bother explaining... I’ve already connected the dots.,passive_aggressive,0.78,,
K. thx. took long enough but glad its done. Sent from my iPhone,passive_aggressive,0.35,,
thx for stayng. i no it sucked but at least its over. hope u didnt miss much. next time well try to be more efficient thx. Sent from my iPhone,passive_aggressive,0.38,,
Thx for helpin late. guess we finally got there. Sent from my iPhone,passive_aggressive,0.22,,
thx. Glad u stayed. I was worried we wouldnt make it cuz of how slow things were going earlier. thx again. Sent from my iPhone,passive_aggressive,0.31,,
Thx. next time lets try to wrap by 5 tho so no one has to stay. K? Thx. Sent from my iPhone,passive_aggressive,0.39,,
Welcome. Please ensure you have reviewed Section 4.2 regarding personal device usage and channel etiquette in the Employee Handbook before your first post.,passive_aggressive,0.35,,
"Hi. We have added you to this thread. Please be advised that all communication here is archived for performance review compliance. Refer to the 'Communication Ethics' module in your onboarding packet before posting, as any deviations from the official style guide are documented by HR immediately.",passive_aggressive,0.42,,
read the handbook.,passive_aggressive,0.48,,
Welcome to the group. Just a reminder that interns are restricted from using this channel for non-work discourse. Refer to the internal conduct policy regarding hierarchical communication boundaries to avoid any early disciplinary notes.,passive_aggressive,0.45,,
Glad you're here! Note that your access to the office amenities is limited to the 'Standard' tier per the revised resource allocation guidelines. Please acknowledge that you have read the restriction list found on page 14 of the intern guide.,passive_aggressive,0.38,,
?,passive_aggressive,0.65,,
"I have received your fifteen follow-up pings regarding the $3.00 muffin receipt. While it is fascinating that this is your top priority during the Q3 crunch, I have more pressing matters than a three-dollar discrepancy. I have rejected the claim. Please do not 'bump' this thread again.",passive_aggressive,0.7,,
??,passive_aggressive,0.62,,
it's three dollars... let it go.,passive_aggressive,0.55,,
sorry just seeing this now!!! been busy with actual work stuff... anyway i rejected the $3 thing weeks ago because there was no receipt attached? not sure why we're still discussing this in a group thread but okay!,passive_aggressive,0.58,,
omg i just heard... i'm so sorry babe. we're getting margaritas tonight on me because they clearly don't know what they're missing!! 🍹,positive,0.05,,
"bestie i am literally fuming for you rn. how did they say no?? your deck was literally fire. don't let them get u down, you're the backbone of this team fr fr.",positive,0.12,,
"hey girlie, just wanted to check in after that meeting. i know it sucks that the promotion didn't go through this cycle but please know i see how hard you work every single day. spill the tea when you're ready to talk but just know i've got your back always. they're trippin for real.",positive,0.08,,
No way... 💀 we need to talk ASAP. lunch is on me.,positive,0.02,,
i'm actually so mad for u lol like r u kidding me?? u literally carry this whole dept on your back. lets vent later k? i have thoughts.,positive,0.15,,
k... whatever u want. i'm not really invested in the outcome tbh. just send the invite whenever i guess. i'm busy with something else right now anyway.,passive_aggressive,0.35,,
honestly the whole strategy doc seems like a waste of time but if you want to stress about it go for it. i'm just gonna sit here and finish what i'm doing. i'm sure it'll be great or whatever. i've got some personal grooming to attend to at my desk so don't bother me for a bit.,passive_aggressive,0.48,,
sure. fine. whatever works for you.,passive_aggressive,0.32,,
look i've got about five minutes left of caring today so just pick a color and let's call it a day. i'm not really in the mood to debate the merits of cerulean vs navy. i've got stuff to take care of at my desk anyway and i'm not moving until i'm done with this thumb.,passive_aggressive,0.42,,
i mean i guess i could look at it but i probably won't have any feedback. it's just a spreadsheet. oh did that clipping land on your desk?? my bad. anyway yeah just submit it as is i really dont care.,passive_aggressive,0.45,,
"I'm genuinely worried about your memory lately. I never typed that 'error' you're describing, but I'll change it to satisfy whatever you think you saw. Let's try to stay focused on the work instead of these imaginary discrepancies, okay?",passive_aggressive,0.82,,
?? I literally never said that. Are you feeling okay? I'm correcting the typo you're imagining so we can move on.,passive_aggressive,0.75,,
"It's quite a stretch to say I promised that. I think you're projecting your own confusion onto my emails. I have updated the message since the 'typo' seems to be causing you such distress, but please, let's try to keep our facts straight in the future for the sake of the team.",passive_aggressive,0.88,,
"I'm not sure why you're hallucinating a different agreement... I've always been clear about the 10am deadline. Since you're so insistent that I made a 'typo', I've changed it back to 10am again. Maybe drink some water and take five?",passive_aggressive,0.85,,
Lol I think you're confusing me with someone else because I would NEVER agree to those terms. You're making things up again!! Fixing the 'typo' now (which was definitely not there five minutes ago) so we can stop this unnecessary drama.,passive_aggressive,0.78,,
"CC: CEO, Legal Department. I have reviewed the 'retreat' photos you posted to the shared drive. Since you clearly feel comfortable documenting your own gross negligence and the harassment I endured during the ropes course, I've forwarded the entire folder to my personal attorney. This isn't just a grievance anymore; this is a lawsuit. See you in court.",passive_aggressive,0.98,,
DELETE THESE NOW. i dont care if it was a 'team bonding' event you had no right to take photos of me while I was eating. i'm filing a formal complaint with HR for workplace bullying and stalking. do NOT test me today.,passive_aggressive,0.96,,
I’ve CC’d our CEO on this thread so he can see exactly what kind of 'culture' you are fostering with these disgusting photos of the after-party. It’s clear that professional standards mean nothing to this team. I will be at the HR office at 9:00 AM sharp to discuss your immediate termination.,passive_aggressive,0.99,,
??,passive_aggressive,0.95,,
"Since leadership is apparently too incompetent to realize that slide 12 is a direct violation of company ethics, I have taken the liberty of contacting the labor board. These photos are the only evidence I need of the hostile environment you've created. Enjoy the fallout from your little 'offsite' because it's going to cost you everything.",passive_aggressive,0.97,,
"Hey everyone, I just saw the notification about the random drug tests. I've already reached out to HR to let them know I'm the point of contact for our department to minimize the disruption to your workflow. If anyone has concerns, just come to me directly and I'll handle it with leadership so you don't have to.",positive,0.01,,
"drug test emails just went out—already spoke to management, I'm handling the fallout so just do your thing!",positive,0.02,,
"Team, please don't stress about the 'random' testing window today. I know we are in the middle of a massive push, and I've already told the Director that any missed milestones this afternoon are 100% on me for prioritizing these HR requirements. Go when you can, and I will make sure your progress is protected and no one gets flagged for being away from their desks.",positive,0.0,,
got the list for tests... dont worry guys i alrdy told the boss i'd handle the paperwork and scheduling. just follow the link i sent. i got ur back if they ask why u werent at ur desks!!,positive,0.05,,
I'll handle the logistics for the testing schedule. Focus on your work and don't let this distract you; I've got your backs.,positive,0.01,,
Forwarding. Link fixed.,neutral,0.01,,
"Forwarding the recurring sync invite. I noticed the original series was missing the project documentation link, so I have added the SharePoint URL to the description of this invite for you. I also cleared the room conflict for Monday's session so we have a dedicated space.",neutral,0.0,,
fwd: kickoff. fixed the permissions on the invite so u can see the guest list now and access the folder.,neutral,0.02,,
"Forwarding this to you. The system didn't auto-add you because of a glitch in the alias, but I’ve manually updated the attendee list and confirmed the conference bridge is active for all participants.",neutral,0.0,,
Here is the invite. I moved it back 15 minutes so there's no overlap with your onboarding session. See you then.,positive,0.01,,
"I can't even begin to process this commission split request until the Lead Origin Validation Ticket (LOVT) is cross-referenced with the Q3 Regional Inter-territorial MOU. Rules are rules, and skipping steps isn't fair to those who actually follow protocol.",passive_aggressive,0.68,,
missing form 88-c. try again.,passive_aggressive,0.62,,
"While I understand there is some 'dispute' regarding who clicked the button first, Section 14.b.ii of the 2022 Internal Revenue Recovery Handbook states clearly that any lead sourced via the legacy CRM requires a physical ink signature from the Department Head of Operations before it can be re-assigned. Since you only provided a digital screenshot of a Slack thread, I have no choice but to freeze the payout indefinitely. I'm sure you'll find the physical form in the archives if this is truly as important as your five emails suggest.",passive_aggressive,0.79,,
actually according to the new compliance guidelines from HR (see v4.2 of the handbook) we aren't allowed to manually override lead ownership if the prospect was touched by more than 2 SDRs within a 48 hour window... unless you have the 'Conflict Resolution Waiver' signed by both parties?? i'll wait for that.,passive_aggressive,0.71,,
"It's interesting that you feel entitled to this commission, but my system shows a flag under the 'Inter-Departmental Fairness Protocol.' Policy dictates that when two reps claim the same lead, the funds are held in escrow until a formal inquiry board is convened next quarter. I don't make the rules, I just ensure they're followed to the letter to prevent this kind of 'unprofessional' bickering. Next time, perhaps try following the standard intake procedure before complaining?",passive_aggressive,0.78,,
?,passive_aggressive,0.65,,
i saw the pings about the IDE switch last month but i honestly don't see why it matters so much to everyone... i'll just keep using my setup and you guys can keep debating the plugins or whatever. hope the meeting went well though since i wasn't there to hear the 'consensus'.,passive_aggressive,0.58,,
re-reading this thread from weeks ago... ?,passive_aggressive,0.62,,
k cool !! i missed the part where i was supposed to care about the linter differences so i just didn't reply for a bit but sure go ahead with whatever the team wants i guess?? i'll just use what i use anyway,passive_aggressive,0.55,,
Just seeing this now. I assumed since I didn't answer the first five times that you would have just made the decision yourself instead of waiting 21 days for me to tell you that IntelliJ is fine. Or VS Code. Whatever you want to hear.,passive_aggressive,0.7,,
"I am CC'ing the CEO and the entire Board of Directors on this because the disgusting lies you are spreading about my personal life constitute workplace harassment and defamation. If I hear one more word about this supposed 'romance' from your pathetic mouth, my lawyers will be serving you personally by EOD. This is a hostile work environment and you are the cancer.",passive_aggressive,0.99,,
SHUT YOUR MOUTH ABOUT ME. HR is getting the screenshots of your Slack messages right now. You're finished here.,passive_aggressive,0.96,,
"To: [CEO NAME], CC: HR. Since management refuses to control the toxic gossip regarding my 'relationship' with Mark, consider this my formal notice that I am suing this company for emotional distress. You people are vultures and I'll see you in court.",passive_aggressive,0.98,,
i know what u said in the breakroom u little snitch. keep my name out of your filthy mouth or ill make sure you never work in this industry again!!!! CCing the CEO so he knows what a snake you are.,passive_aggressive,0.97,,
Your obsession with who I'm sleeping with is bordering on criminal stalking. I've already contacted my attorney and CC'd the executive leadership team. Prepare for a lawsuit because I am coming for your job and your reputation. You are a disgusting human being.,passive_aggressive,1.0,,
bestie... the way i cringed at that HR email 🫠 they really think we’re buying the 'family' thing lol. hope you're hanging in there!!,positive,0.05,,
omg not the 'we are a family' line again 💀 they really think they did something with that one... spill the tea when you have a sec bc i know you have thoughts!!,positive,0.12,,
"Hey!! Just checking in after that wild email blast. I know how much you've been grinding lately and honestly, don't let the corporate speak get to you. You are doing an amazing job and you're literally the only reason I stay sane in this place!! Lunch on me Friday?? We can vent and actually relax for once. No work talk allowed lol just good vibes only. You got this!!",positive,0.02,,
HR is really out here trying it today 😂,positive,0.08,,
girlll did u see that email?? 'family' vibes are at an all time low lol. coffee at 10 to decompress? i literally cannot deal without our morning debriefs. you're the best!,positive,0.15,,
?,passive_aggressive,0.68,,
i saw the invite,passive_aggressive,0.52,,
just seeing this thread now... is this still happening? i havent been checking my calendar lately so it might have missed me but let me know what the plan is when you have a moment i guess,passive_aggressive,0.61,,
"My calendar is current. If there is a slot, use it. If not, I am clearly unavailable for a reason.",passive_aggressive,0.59,,
???,passive_aggressive,0.7,,
Looking for 'HDMI cables' or just checking who's still in the server room before the 4 PM 'restructuring' meeting? I know what's actually happening in there.,passive_aggressive,0.65,,
"Hey... do you know where the HDMI cables went? Or did Sarah 'borrow' them for her 'private strategy session' with Dave in Conference Room B? I saw them whispering by the elevator and it didn't look like they were talking about spreadsheets. Use your head. Don't let them catch you snooping around the supply closet though, they're looking for any excuse to trim the 'excess' staff this month.",passive_aggressive,0.78,,
If you find the cables let me know but honestly why bother?? Management is clearing out the supply closet because we're being sold to GlobalCorp by Friday. I saw the black SUVs in the parking lot and the 'maintenance' guys weren't wearing badges. You're looking for cables while they're looking for your replacement... keep your eyes open.,passive_aggressive,0.72,,
wher are the cables?? or did the 'cleaners' take them out in those heavy boxes last night.. u know what they say about empty supply rooms right before a mass layoff. dont trust the IT guy he's definitely in on it.,passive_aggressive,0.69,,
"I’ve been tracking the HDMI inventory and suddenly three go missing right when the 'consultants' arrive? Very convenient. If you really need one, check the bottom drawer in the breakroom, but watch out for the new cameras they installed yesterday. They’re watching who’s 'wasting resources' before the axe falls. I'm not crazy, you're just not paying attention to the patterns.",passive_aggressive,0.75,,
I noticed in your draft for the client pivot that you used a semicolon where a comma should be on page 4... since they keep changing their minds I need you to send me a screenshot of your progress every 45 minutes today so I can 'help' you stay aligned with their chaotic demands. I'm just here to make sure you don't fail.,passive_aggressive,0.85,,
?? it has been 55 minutes since your last update on the client's new pivot. are we working or just waiting for them to change their mind again?? i need eyes on your screen now.,passive_aggressive,0.89,,
"Since you seem to be struggling to keep up with the client's shifting requirements, I’ve decided to CC myself on every single internal Slack thread you have. It’s not that I don’t trust your process, I just want to ensure we don't have another 'misunderstanding' like yesterday's typo in the header. Let's touch base in 20 minutes.",passive_aggressive,0.82,,
"I saw you updated the deck but the margin on slide 12 is 0.5 inches instead of 0.6. Please fix that before the 11:00 AM, 12:00 PM, and 1:00 PM check-ins I've scheduled for us. I'm just providing this level of 'support' because the client is so indecisive and you clearly need the guardrails.",passive_aggressive,0.84,,
"I'm stepping in to 'support' your communication with them since you can't seem to pin them down. Send me a bulleted list of every keystroke you've made on the proposal by noon. I noticed you spelled 'liaison' wrong in your internal notes—let's try to be professional even if the client isn't, shall we?",passive_aggressive,0.88,,
"I wouldn’t miss the town hall for the world! 🌍 It’s so inspiring to see the leadership team prioritize 'alignment' while the rest of us are actually in the trenches scaling the product. I’ll be there, front and center, manifesting that 10x energy even if some people are just here for the free coffee. Let’s get after it! 🚀🔥",passive_aggressive,0.65,,
attending. show up or stay average. your choice. 💯,passive_aggressive,0.58,,
"Confirmed. It's so vital we all pivot our high-impact workflows to attend this sync. I’m sure the 'synergy' we’ll find in this meeting is totally worth the three hours of lost deep-work time. Disrupting the status quo, one town hall at a time! #HustleHarder",passive_aggressive,0.62,,
"I’ll be there because true disruptors understand that visibility is just as important as actual output. It’s great that we’re focusing on ‘company culture’ now that the quarterly targets are looking a bit lean. Growth mindset, team! 🙌",passive_aggressive,0.68,,
"Locked in! 🔓 Can’t wait to see who actually has the grit to show up and who is just 'quiet quitting' their way through the week. It's all about that radical transparency and showing up for the win, even when the agenda is 'to be determined.' See you at the top!",passive_aggressive,0.55,,
Omg more work? NO PROBLEM!! You rock!! 🚀,positive,0.01,,
"Hey team, I just saw the scope change and honestly? This is such a cool opportunity to show what we can do! We are going to crush this new direction together! 🌟💪",positive,0.02,,
"Wowowow! This shift in focus is actually super exciting! I know it’s a lot more on our plates, but honestly, if anyone can handle it, it’s this group. Let’s look at the bright side: we get to touch even more parts of the product now! 🌈

I’m already brainstorming ways to make this transition seamless. You guys are literal rockstars and I’m so lucky to work with such a flexible and talented crew!! Let’s get it!!! ✨🙌💯",positive,0.0,,
WE GOT THIS GUYS!!!! 🎉 even w the changes im so pumped to see the final result!! u guys are legends,positive,0.03,,
New scope? New goals? CHALLENGE ACCEPTED! 🥊 You guys are doing amazing work and I'm so proud of how quickly we're pivoting. Small wins lead to big victories! Keep up the incredible energy everyone!! ❤️🔥,positive,0.01,,
"Regarding the recent correspondence characterizing this organization as a 'family unit,' please note, for the avoidance of doubt, that my participation in any after-hours 'bonding exercises' remains subject to the limitations of my signed employment agreement. This acknowledgement is provided without prejudice to my rights regarding overtime compensation and should not be construed as a waiver of the notice periods specified in Section 4.2 of the handbook.",passive_aggressive,0.28,,
"Noted for the record; however, I must reserve all rights concerning the 'mutual sacrifice' mentioned in your memo.",passive_aggressive,0.22,,
"To the best of my knowledge, the term 'family' does not appear in the governing bylaws or the current employee handbook; I shall therefore continue to operate under the assumption that our relationship remains a strictly commercial arrangement governed by the laws of this jurisdiction, notwithstanding the emotional language used in your recent mass communication.",passive_aggressive,0.29,,
"I am in receipt of your email dated October 14. While I appreciate the sentiment regarding our 'interconnected lineage,' I must clarify that my primary obligation is to the specific deliverables outlined in my contract, notwithstanding any informal appeals for uncompensated labor in the name of familial loyalty.",passive_aggressive,0.3,,
"Please provide a formal definition of 'family expectations' as used in your previous message, as I find no such classification in my current liability insurance coverage??",passive_aggressive,0.25,,
"I’m honestly so impressed that you managed to submit your timesheet on time this week! It’s really brave of you to ignore the formatting instructions and just wing it like that, but hey, at least you tried for once.",passive_aggressive,0.78,,
I was just telling the Director how your timesheets are always such a unique 'interpretation' of the standard work week. It’s actually quite remarkable how you maintain such a relaxed attitude toward deadlines while the rest of us are working so hard to stay organized. Keep up that 'effortless' vibe!!,passive_aggressive,0.84,,
wow ur timesheet was actually readable this time!! so proud of u for finally figuering out how to use a basic spreadsheet even though its clearly not really ur thing...,passive_aggressive,0.81,,
"It's so wonderful how you prioritize your own 'creative flow' over the finance department's silly little payroll deadlines. Most people would be embarrassed to be the only one holding up the entire team's checks every single week, but your confidence in being late is truly something to behold. It's actually inspiring in a way.",passive_aggressive,0.89,,
Submitting a timesheet with only three major errors? That's actually a huge improvement for someone with your specific background.,passive_aggressive,0.75,,
"I've decided to optimize the HVAC settings for the entire floor since we clearly couldn't handle the previous temperature fluctuations, happy to lead on this and glad my initiative is helping everyone finally feel comfortable!!",passive_aggressive,0.85,,
"After I spent my morning coordinating with the facilities director to overhaul the heating protocol, I'm just so glad WE managed to get the vents adjusted for you guys. It was a lot of heavy lifting on my end but I really value the team's comfort even when I have to sacrifice my own productivity to fix things.",passive_aggressive,0.92,,
im so glad I could finally get that AC issue sorted for everyone!! we really did a great job today staying patient while I negotiated with HR about the office climate regulations... glad my leadership on this helped every1 out.,passive_aggressive,0.88,,
I really appreciated how you followed my lead on the 72-degree compromise! WE are such a good team when you guys listen to the structural changes I propose for the office environment.,passive_aggressive,0.9,,
"Since I finalized the new temperature schedule for the suite, we can finally stop complaining. Glad I could fix that for us.",passive_aggressive,0.82,,
IF NO ONE WANTS TO WORK I GUESS WE JUST MOVE THE DEADLINE AND LOSE EVERY CLIENT WE HAVE!!!!!!!!!! NO BIG DEAL RIGHT?? JUST THE END OF THE FIRM!!!!!!!!!! I HOPE EVERYONE ENJOYS THE UNEMPLOYMENT LINE!!!!!!!!!! TOTAL DISASTER!!!!!!!!!!,passive_aggressive,0.68,,
I SUPPOSE WE CAN JUST IGNORE THE SCHEDULE SINCE NO ONE CARES ABOUT MY REPUTATION!!!!!!! MOVING THE DEADLINE NOW!!!!!!!!!! TOTAL CRISIS!!!!!!!!!!!! WHY AM I THE ONLY ONE WHO SEES THE SHIP SINKING??!?!?!?!,passive_aggressive,0.55,,
SURE LETS JUST PUSH IT BACK AGAIN!!!!!!!!! I ALREADY TOLD THE BOARD WE WERE READY BUT I GUESS I'LL JUST TAKE THE BLAME FOR EVERYONE ELSE AGAIN!!!!!!!!!! EMERGENCY!!!!!!!!! WE ARE LITERALLY IN FREEFALL BECAUSE OF THIS!!!!!!!!!! HELP!!!!!!!!!!,passive_aggressive,0.62,,
MOVING THE DEADLINE BC APPARENTLY DEADLINES ARE OPTIONAL NOW?????? FIRE DRILL!!!!!!! EVERYONE TO THE WAR ROOM OR WE ARE DONE FOR!!!!!!!!!! I'M SURE YOU ALL HAVE BETTER THINGS TO DO THAN SAVE THE COMPANY!!!!!!!!!! RED ALERT!!!!!!!!!!,passive_aggressive,0.59,,
SINCE THE WORK ISNT DONE WE HAVE TO MOVE THE DATE!!!!!!!!! I HOPE EVERYONE ENJOYS THE COMPLETE COLLAPSE OF THIS PROJECT!!!!!!!!!! WE ARE GOING TO BE SUED INTO OBLIVION!!!!!!!!!! THANK YOU FOR THE TOTAL CATSTROPHE!!!!!!!!!!,passive_aggressive,0.65,,
"Ment 2pm not 3pm. Thx.

Sent from my iPhone",passive_aggressive,0.22,,
"K. obviously meant $1000 not $100 in that last one. Plz pay attn.

Sent from my iPhone",passive_aggressive,0.39,,
"Wrong date. Tuesday. Typos happen i guess. Thx.

Sent from my iPhone",passive_aggressive,0.28,,
"I meant the audit report not the status report... thought that was clear from the context but ok i guess i have to type every single thing out now for u.

Sent from my iPhone",passive_aggressive,0.36,,
"Meant Friday. Obviously. Thx.

Sent from my iPhone",passive_aggressive,0.31,,
"Happy maternity leave Sarah! I was so surprised when you managed to close that deal before heading out, it was actually quite professional for someone who is usually so focused on their personal life. Enjoy the baby!!",passive_aggressive,0.85,,
Wow the decorations you picked out for the shower are actually kind of cute in a budget-friendly way... good job.,passive_aggressive,0.72,,
"I've reviewed your proposal for the office baby shower and I must say, I'm impressed. It's rare to see someone with such a limited creative background attempt something this ambitious. Usually, people with your level of experience stick to the basics, but you really pushed yourself here. Even if the venue is a bit cramped, it’s charming that you tried so hard to make it work on your own without asking for help from the more senior staff who usually handle these things. It's a very brave effort!",passive_aggressive,0.88,,
Congrats on the baby!! I'm sure you'll be a natural at parenting since you've already had so much practice leaving your work for others to finish.,passive_aggressive,0.9,,
i saw the cake you ordered for the party and its honestly better than i expected!!!! its great that you found something that looks so decent despite being from that grocery store down the street... very resourceful of you to save the company money like that i guess??,passive_aggressive,0.78,,
"CC: [CEO_NAME], [HEAD_OF_HR]. Let’s be perfectly clear: your insistence on using that lightweight toy VS Code for enterprise-grade architecture is a blatant waste of company capital and a personal vendetta against my productivity. I have already contacted my attorney regarding the hostile work environment you’ve fostered through these technical mandates. Either back off or prepare for a discovery phase you won’t survive. This is your final warning.",passive_aggressive,0.98,,
SEE YOU IN HR YOU INCOMPETENT HACK. IF YOU MENTION INTELLIJ AGAIN I WILL PERSONALLY ENSURE YOUR CONTRACT IS TERMINATED FOR GROSS NEGLIGENCE.,passive_aggressive,0.99,,
Only a complete moron with zero engineering talent would suggest VS Code for a project of this scale. I’m CC'ing the executive team to ensure they know exactly who is responsible for the inevitable failure of this sprint. You’re a disgrace to the profession and a cancer to this dev team.,passive_aggressive,0.97,,
"I don't care what your 'metrics' say. If I see another Jira ticket mentioning that bloated pile of trash IntelliJ, I am going straight to the Board of Directors to report your blatant sabotage of our deployment pipeline. You are finished here.",passive_aggressive,0.96,,
Your technical leadership is a joke and your preference for VS Code proves you're a junior dev in a senior role. I've already BCC'd legal on this entire thread. Pack your bags because I'm filing a formal grievance that will have you out of the building by Friday.,passive_aggressive,0.95,,
"I really advocated for your growth during the executive session where I showcased my new strategy for the department, but unfortunately, we just didn't see the individual performance metrics needed for your raise this cycle. It's a shame because I've put so much energy into making our team look good to the board.",passive_aggressive,0.88,,
we didn't get the budget for ur promotion... i guess I need to work even harder to carry our numbers next quarter since upper management wasn't impressed with the results we produced together.,passive_aggressive,0.82,,
"The VPs absolutely loved the presentation I gave using your data points—I really have a knack for making that raw info shine! Sadly, since we haven't reached the milestones I established for the group, I had to sign off on the rejection for your salary increase. Just keep following my lead!",passive_aggressive,0.94,,
"I’m honestly so proud of the way I’ve mentored you this year, which is why it was so hard for me to tell the committee that we aren't ready for you to move up yet. I'll keep letting you help me with my high-level projects so you can eventually get on my level.",passive_aggressive,0.91,,
I tried. we failed. maybe next year if I can fix our workflow??,passive_aggressive,0.85,,
"I will be at the town hall, but only so my legal counsel can review the transcript of your 'mandatory' propaganda session. CC'ing the CEO on this so he knows exactly why the inevitable lawsuit for a hostile work environment is landing on his desk tomorrow morning. You are a disgrace to this organization.",passive_aggressive,0.98,,
Presence confirmed. Don't think for a second that I don't see this for what it is—harassment. I've already BCC'd my attorney and the Board. Keep pushing me and see what happens to your 'career' when the audit hits.,passive_aggressive,0.96,,
i'll be there just to watch you fail in front of the whole company!! CCing the CEO because u are literally the most incompetent manager ive ever had the misfortune of working for and he needs to see this trainwreck live,passive_aggressive,0.99,,
"Confirmed. I'll be the one in the front row documenting every single lie you tell. Since HR is clearly in your pocket, I'm going straight to the CEO and the labor board. You're finished.",passive_aggressive,0.97,,
"I’m coming. And I’m bringing the list of every labor violation you’ve tried to sweep under the rug. I’ve already sent a copy to the CEO’s personal assistant. Sleep well tonight, you pathetic coward.",passive_aggressive,1.0,,
"Pursuant to the shared kitchen bylaws, it has come to my attention—without prejudice—that a bowl containing dried cereal residue has been abandoned in the basin for over 48 hours. Please be advised that, to the best of my knowledge, no janitorial staff has been retained to perform private dishwashing services for individual staff members. Failure to rectify this situation may necessitate a formal escalation to HR regarding health and safety violations.",passive_aggressive,0.24,,
Evidence of lunch remains discovered at 12:04 PM; please note that silence on this matter does not constitute consent for the undersigned to clean up after you.,passive_aggressive,0.28,,
I am writing this notice to provide a formal record of the unwashed mug currently occupying the left side of the sink. I trust you will find this reminder sufficient to ensure compliance with the common-sense expectations of professional hygiene before the close of business.,passive_aggressive,0.21,,
K. (Regarding the mold growing on your plate).,passive_aggressive,0.29,,
"Per our collective understanding of workspace etiquette, and without admitting any personal liability for the smell, I am formally requesting that the 'unknown' party responsible for the lasagna pan address the situation immediately. To the best of my knowledge, mold is not a protected coworker.",passive_aggressive,0.26,,
"I have CC’d the CEO and the Head of Legal on this thread because your blatant incompetence is now a liability to the firm. It’s 'their', not 'there'. If you can’t handle third-grade grammar, you have no business touching this account. I am filing a formal grievance for professional negligence immediately. Don't bother responding.",passive_aggressive,0.98,,
UNBELIEVABLE!!!!!! I’m literally shaking at how stupid you are. It’s 'receive' NOT 'recieve'!!!!!!! I’VE CC’D EVERYONE IN THE C-SUITE. YOU’RE FINISHED. HR IS WAITING FOR YOU AT 9AM MONDAY. PATHETIC!!!!!!!!!!,passive_aggressive,1.0,,
CLEAN OUT YOUR DESK. I saw the typo in the contract. CC'ing the CEO so he knows exactly who is sabotaging this merger. You are an absolute joke of a professional.,passive_aggressive,0.97,,
Regarding your previous email: I am documenting this consistent pattern of stupidity. The typo you made isn't just a 'mistake'; it’s a breach of professional standards that borders on malicious intent. My attorney is now on this thread. You will issue a formal correction to the client immediately or expect a summons. I am done playing games with a complete amateur.,passive_aggressive,0.96,,
"I cannot believe I have to waste my billable hours correcting your elementary-level mistakes. It was 'your', not 'youre'. If you had half a brain cell, you'd realize how much this humiliates the department. I have already contacted HR regarding your total lack of aptitude and I've BCC'd the entire executive board. Do not ever email me again without a dictionary and a resignation letter.",passive_aggressive,0.99,,
"I’ve officially submitted the final proposal to the board! It was such a marathon, but I really think my vision for the branding is what’s going to save us this quarter. We definitely put in a solid effort on those background spreadsheets you sent over, though. *click click click* Oh, does the sound of me clipping my nails bother you? I just find it helps me think while I'm carrying the team's output across the finish line.",passive_aggressive,0.91,,
i just told the CEO that my new workflow is basically a game changer... we did a great job following my instructions on the data entry part!! anyway back to work *clip*,passive_aggressive,0.84,,
"I’m so glad I could finally get that project over the line for us. It’s such a relief when I can take all that raw data we gathered and turn it into something actually presentable for the stakeholders. Honestly, I’m just happy to be the kind of leader who mentors others while still hitting my own KPIs. Don't mind the mess on my desk; keeping myself groomed is part of the professional image I have to maintain since I'm the face of this initiative now.",passive_aggressive,0.89,,
"Hey, I decided to take the lead and present the findings to the client myself since I have the best handle on the 'big picture' stuff. We did such a nice job on the formatting though! Really proud of us. Btw, stop staring... it's just a thumbnail. I'd think you'd be more focused on the fact that I just secured our bonuses.",passive_aggressive,0.93,,
I just sent out the email with my executive summary. We really worked hard on those typos I had to fix for you lol! I’m literally the glue holding this together. *clack* *clip* ...you're welcome!!,passive_aggressive,0.87,,
"Please be advised that, pursuant to the unforeseen lack of data integrity provided by the sales department, and to the best of my knowledge at this juncture, the deadline for the final report must be adjusted. This communication is made without prejudice to our previous agreements and serves as a formal notification of a revised timeline based on factors outside of my direct control.",passive_aggressive,0.25,,
"Without prejudice, the timeline is moving. I am not in a position to assume liability for the current project inaccuracies caused by others.",passive_aggressive,0.28,,
"To the best of my current knowledge, and based strictly upon the incomplete documentation received from your office yesterday, the Friday deadline is no longer tenable. I trust this clarifies our position regarding responsibility for the delay.",passive_aggressive,0.3,,
Noted. Deadline adjusted per the failure to receive timely sign-offs as previously requested.,passive_aggressive,0.22,,
"It should be noted for the record that, despite my previous warnings regarding resource allocation, the project deadline requires immediate rescheduling. This notification serves as formal notice to mitigate any subsequent claims of negligence or oversight on my part regarding this specific deliverable.",passive_aggressive,0.29,,
Status updated to In Progress. Please be advised that this update is made without prejudice and based solely on the incomplete documentation provided by your team as of this morning.,passive_aggressive,0.25,,
"To the best of my knowledge, we are now 'In Progress'. I am proceeding strictly under your specific directive, despite my repeated warnings regarding the lack of a proper audit trail.",passive_aggressive,0.28,,
In Progress. (Without prejudice).,passive_aggressive,0.21,,
"I am transitioning this ticket to 'In Progress' for the time being. However, please note for the record that I cannot verify the veracity of the data points you've insisted we use. I trust this satisfies your immediate requirement.",passive_aggressive,0.29,,
"Status: In Progress. This action is taken without prejudice to our prior agreements regarding resource allocation, which seem to have been overlooked in this instance!!!!",passive_aggressive,0.23,,
SORRY BUDDY NO MONEY IN THE POT THIS YEAR MAYBE IF YOU STOPPED ORDERING THOSE FANCY LUNCHES YOU WOULDNT NEED THE RAISE SO BAD HAHA GOD BLESS LOVE GRANDPA,passive_aggressive,0.45,,
I TALKED TO THE BOYS UPSTAIRS ABOUT YOUR PROMOTION AND THEY SAID NO... I GUESS THE WORK JUST ISNT THERE YET BUT DONT WORRY ABOUT IT TOO MUCH... JUST BE GLAD YOU DONT HAVE TO PAY FOR THE COFFEE IN THE BREAKROOM YET... LOVE GRANDPA,passive_aggressive,0.38,,
NOT THIS TIME KIDDO!!! MAYBE NEXT YEAR IF THE NUMBERS GO UP!!! HOPE YOU ARE WELL LOVE GRANDPA,passive_aggressive,0.32,,
HI ITS GRANDPA... ABOUT THE RAISE... THE BOARD SAID THE BUDGET IS TOO TIGHT... I TOLD THEM YOU ARE A GREAT HELP EVEN IF YOU TAKE A LOT OF MENTAL HEALTH DAYS... JUST KEEP YOUR HEAD DOWN AND DONT MAKE A FUSS... SEE YOU AT THE HOLIDAY PARTY... LOVE GRANDPA,passive_aggressive,0.49,,
DEAR YOUNG MAN I GOT YOUR LETTER ABOUT THE BIG MOVE UP THE LADDER BUT THE LADDER IS FULL RIGHT NOW... I REMEMBER WHEN I DID YOUR JOB FOR HALF THE PAY AND NEVER ASKED FOR A DIME MORE... YOU KIDS SURE ARE BRAVE THESE DAYS ASKING FOR SO MUCH SO FAST... GOD BLESS LOVE GRANDPA,passive_aggressive,0.47,,
"I can see how frustrating it is when the CRM data feels a bit messy, but let's look at this as a learning opportunity for the whole team. The 'Lead Source' field is there to help us track the initial outreach, so if we all commit to checking that history first, we can avoid these overlaps. I'm happy to sit down with anyone who wants a refresher on the attribution logic so we can make sure everyone is fairly compensated for their hard work!",positive,0.01,,
"Hey, happy to walk you through the CRM logic on this whenever you have a sec!",positive,0.0,,
"It makes total sense why there's some confusion here since you both had great conversations with the client. In these cases, our policy usually leans toward the person who made the initial discovery call, but let's chat about how we can collaborate on the close and maybe split the credit. It’s more important that we keep the team spirit high than argue over a single line item. You're both doing incredible work lately.",positive,0.02,,
dont worry too much about the attribution glitch guys!! we'll get it sorted and make sure everyone gets paid what they earned. let's stay focused on the clients :),positive,0.05,,
"I appreciate you bringing this to my attention with such a professional attitude. The best way to handle 'orphan leads' is to flag them in the Slack channel before reaching out—that way, if someone else was already working on it behind the scenes, we catch it early. This isn't about blaming anyone; it's just about refining our process so we can all succeed together. I’ve put a new guide in the shared folder that explains the steps in detail. Let me know if any part of it is unclear!",positive,0.01,,
OMG check out these pics!!! 📸 we look so good together!! best team ever! 🌟,positive,0.01,,
I just uploaded the folder from last Thursday’s retreat and wow… we really killed it at the escape room! 😂 so proud of how everyone worked together. you guys absolutely rock!! 🚀✨,positive,0.02,,
"Hey everyone!! I finally got around to sorting through the 200+ photos I took at the offsite lol! honestly looking at these makes me so happy to be part of this group. The sunset hike pics are especially stunning but my favorite is definitely the one of Dave trying to flip the pancake during breakfast haha!

Seriously though, you all are such incredible humans and I feel so lucky to collaborate with you every day! Here is the link to the shared drive - please add your own so we can relive the magic! 🎉🙌💖🔥",positive,0.01,,
YOU ROCK!!,positive,0.01,,
Look at us go!!! 🥳 the photobooth ones are HILARIOUS. thanks everyone for making the retreat so special!! best. vibes. everrrrr. 🌈✨,positive,0.03,,
"Hi there! So sorry to bother you! I was just wondering if there's a specific 'fish-friendly' microwave I missed during the tour? The current smell is a bit overwhelming for a new person like me, lol! So sorry to complain, just wanted to double check the office rules!! Thanks!!",passive_aggressive,0.14,,
sorry to bug u!! just double checking if we have a fan for the kitchen?? someone made fish and it's kinda everywhere haha!! so sorry!!,passive_aggressive,0.12,,
"I am so incredibly sorry to send this email, I really don't want to be a bother on my first week! But I was wondering—and please tell me if I'm being too much—if we could maybe avoid putting seafood in the breakroom microwave? It's just that the aroma is quite intense and I'm struggling a bit to stay at my station. Again, so sorry to bring it up, I'm just trying to stay productive!! Thanks so much!",passive_aggressive,0.18,,
Is it okay to microwave fish here? Just checking because the whole floor smells like it now! Sorry to ask!!,passive_aggressive,0.1,,
"Hi! So sorry to bother you, I'm still learning the ropes! Is there a special trick to the microwave? Someone heated up fish and the smell is really, really strong at my desk... I wasn't sure if I was supposed to do something or if it's just me? So sorry for the trouble!",passive_aggressive,0.15,,
"omg bestie you have to see this new vs code theme i found!! it matches our vibes so well. i know you are team intellij but honestly i just love how we can both be productive in our own ways. spill the tea though, did the new update actually help with your indexing speed?? i am here if u need to vent about it!",positive,0.02,,
VS Code > everything else lol. it is just a literal life saver for my workflow and i love that for me!!,positive,0.05,,
no because i actually love that for you!! if intellij makes your workflow smoother then i am 100% on board. vs code is just my safe space because of all the goofy extensions i have installed lol. you are doing amazing sweetie and i support your dev journey no matter what tool u use!!,positive,0.01,,
i am literally obsessed with how fast vs code is but honestly you make intellij look like a superpower. we are the dream team regardless of the IDE tbh!!,positive,0.02,,
bestie... i tried intellij just for you and i was so lost haha!! i am sticking to my vs code bubble but i totally respect your grind because you handle that complex setup so well. you are the goat for real,positive,0.03,,
The pot is empty. Again. I guess some people are too busy 'collaborating' in closed-door meetings with HR to worry about common decency. I saw the way the Director looked at the kitchen schedule this morning—he knows exactly who's skipping their turn and he's using it to build the 'redundancy' list for Q4. Keep your head down.,passive_aggressive,0.72,,
empty pot again... its a signal. they want us weak and tired for the town hall tomorrow so we dont ask questions about the merger. look who walked away from the machine last. she's in on it.,passive_aggressive,0.65,,
Notice who took the last drop and didn't refill? Interesting. Especially since they were just seen whispering with the auditors in the lobby. Maybe they think they don't have to follow office etiquette anymore now that they've secured their 'consultant' spot for after the layoffs. I see you!!,passive_aggressive,0.78,,
"No coffee left? Typical. It’s funny how the people who contribute the least to the pot are the ones getting the 'secret' promotions. I saw Sarah and Dave 'discussing spreadsheets' near the breakroom five minutes ago—I'm sure the empty pot was just a distraction for whatever they were actually doing. Use your eyes, people.",passive_aggressive,0.68,,
the machine is dry just like our severance packages are gonna be. they're testing us. seeing who breaks first over the small stuff so they know who will go quietly when the locks change on monday. enjoy the silence.,passive_aggressive,0.75,,
OH MY GOD WHY HAS NO ONE COMPLETED THIS YET???? WE ARE LITERALLY GOING TO BE SHUT DOWN BY HR IF THIS ISN'T DONE IN THE NEXT TEN MINUTES!!!!!! I AM NOT KIDDING THE ENTIRE COMPANY IS AT RISK AND NO ONE SEEMS TO CARE AT ALL!!!!!!!!!!!!!!!!! DO IT NOW OR DON'T BOTHER COMING IN TOMORROW!!!!!!!!,passive_aggressive,0.68,,
THIRD NOTICE!!!! CODE RED!!!!!! THE TRAINING LINK IS EXPIRING AND WE ARE ALL GOING TO BE HELD LEGALLY RESPONSIBLE FOR THIS NEGLIGENCE!!!!!!!!!!!!!!! STOP WHATEVER YOU ARE DOING AND CLICK THE LINK BEFORE WE ALL GET SUED!!!!!!!!!,passive_aggressive,0.65,,
WHERE IS THE SENSE OF URGENCY????? I'M THE ONLY ONE WORKING TO SAVE US FROM A LAWSUIT!!!!!!!!! COMPLETELY UNACCEPTABLE!!!!!!!!!!,passive_aggressive,0.55,,
I GUESS WE ALL WANT TO BE UNEMPLOYED SINCE NO ONE CAN SPARE FIVE MINUTES TO FINISH THE HARASSMENT TRAINING???????? EMERGENCY MEETING IN 2 MINUTES TO DISCUSS WHY THE TEAM IS FAILING US ALL!!!!!!!!!!!!!!!!,passive_aggressive,0.62,,
WHY AM I STILL SEEING PENDING STATUSES???? DO YOU REALIZE THE ENTIRE DEPARTMENT IS UNDER INVESTIGATION NOW BECAUSE OF YOUR DELAY?????????? THIS IS A TOTAL CATASTROPHE!!!!!!!!!!! FIX IT NOW OR EXPECT THE WORST!!!!!!!!!!!,passive_aggressive,0.59,,
"I'm sure you didn't mean any harm, but the smell of that microwaved tilapia is really aggravating my post-operative drainage issues. My doctor said I need a scent-neutral environment while the stitches dissolve, so it would be so kind of you to think of my recovery next time you're hungry!!",passive_aggressive,0.42,,
"K. Just so u know the fish smell made me dry heave at my desk, which is super painful since my divorce lawyer says I've developed stress-induced acid reflux... maybe we could try to be more mindful of the shared space??",passive_aggressive,0.51,,
"Whoever heated up the salmon—I hope you enjoyed it! Unfortunately, the scent is sticking to my cardigan, and my cat, Barnaby, has been having terrible behavioral 'accidents' ever since my husband moved out. He gets so confused by the fish smell on me and thinks there's a predator in the house. It's just a lot for me to clean up alone every night.",passive_aggressive,0.45,,
Microwaving whitefish when you know I'm undergoing those invasive hormone injections for my 'fertility journey'?? Really?? The nausea is already unbearable without the kitchen smelling like a bait shop. Bless your heart for having such a strong stomach though.,passive_aggressive,0.58,,
"I love that you're focusing on your protein intake, but could we maybe keep the pungent seafood out of the breakroom? Between my shingles flaring up from the custody battle and the sudden 'leaking' issues I've been having (it's a long story, don't ask!), I really can't handle any extra sensory triggers right now. I'm literally weeping in my cubicle.",passive_aggressive,0.49,,
K thx for leving the pot empty again. appreciate it. Sent from my iPhone,passive_aggressive,0.35,,
saw u grab the last drop... guess making a new pot wasnt on the to do list today? thx. Sent from my iPhone,passive_aggressive,0.38,,
Empty pot?? Thx. Sent from my iPhone,passive_aggressive,0.25,,
thx for the empty coffee pot. realy helps my morning workflow when i have to stop and brew a whole new batch for everyone else while u sit at ur desk. hope the coffee tastes good tho! Sent from my iPhone,passive_aggressive,0.4,,
no cofee left thks. Sent from my iPhone,passive_aggressive,0.22,,
I'M LITERALLY AT THE TSA LINE RIGHT NOW BUT NO ONE HAS CONFIRMED THE DATABASE MIGRATION!!!! IF THIS FAILS WHILE I'M GONE THE ENTIRE PROJECT IS TRASH!!!! I GUESS IT'S ALL UP TO YOU TO SAVE US FROM A TOTAL MELTDOWN!!!! DONT MESS THIS UP!!!!!,passive_aggressive,0.68,,
EVERYTHING IS BREAKING!!!! CHECK THE LOGS IMMEDIATELY!!!! I'M BOARDING NOW SO I CANT HELP!!!! IF THE SITE GOES DOWN IT'S ON YOU!!!!,passive_aggressive,0.55,,
URGENT!!!!! THE CLIENT IS ABOUT TO CANCEL EVERYTHING BECAUSE THE MOCKUPS ARENT PERFECT!!!! I AM LEAVING FOR THE AIRPORT AND I DONT KNOW IF YOU CAN HANDLE THIS PRESSURE BUT YOU HAVE TO!!!! LIVES ARE ON THE LINE (METAPHORICALLY)!!!!! DO NOT LOG OFF UNTIL IT IS DONE!!!!! I SURE HOPE YOU DON'T DISAPPOINT THE ENTIRE DEPARTMENT WHILE I'M AWAY!!!!,passive_aggressive,0.62,,
WHERE IS THE SIGN OFF?????? WE ARE GOING TO LOSE THE ACCOUNT!!!!! I AM GONE FOR A WEEK AND NOW IT'S ALL COLLAPSING because no one responds fast enough!!!!! SOS!!!!!,passive_aggressive,0.52,,
I AM SIGNING OFF BUT THE SPREADSHEET IS A MINEFIELD!!!! IF YOU DONT FIX THE FORMULAS BY 5PM THE ENTIRE BUDGET IS RUINED AND THE PARTNERS WILL BE FURIOUS!!!! I GUESS I'LL JUST COME BACK TO NO JOB SINCE NO ONE IS ANSWERING MY PANIC!!!!! GOODBYE AND GOOD LUCK TRYING TO FIX MY MESS BEFORE THE WORLD ENDS!!!!!,passive_aggressive,0.7,,
"Love the energy in these comments! 🚀 While some are stuck in the 'how', we're pivoting to the 'why'. Let's lean into the discomfort of this Q3 roadmap. If you're not failing, you're not scaling. If the workload feels heavy, it's just because you're growing muscles you didn't know you had! #GrowthMindset #Q3Vibes",passive_aggressive,0.55,,
"Iterate. Pivot. Disrupt. I’ve read the 'concerns' about the roadmap and honestly? I’m choosing to see them as massive growth opportunities for those of you not yet fully aligned with our 10x vision. We don't have time for blockers, only builders. Stay hungry or stay behind. 📈✨",passive_aggressive,0.68,,
Manifesting total synergy for Q3!! thx for the feedback team but lets remember that friction is just polish for our diamond of a strategy... unless you'd rather stay coal? lol!! let's crush it!!,passive_aggressive,0.52,,
"Radical transparency alert: your feedback on the roadmap shows me we have a massive opportunity to upskill our internal resilience. I’m so blessed to lead a team that I can challenge this hard. We're not 'overworked', we're 'over-achieving'. Let's stop 'discussing' and start 'dominating'. Who's with me?? 🙌",passive_aggressive,0.65,,
"Alignment is a choice. 💡 I’ve processed the Q3 feedback and I’ve decided we’re staying the course because our North Star doesn't move just because the wind blows. Grateful for the 'perspectives' shared, even the un-optimized ones. Let's win. #Leadership #Unstoppable",passive_aggressive,0.59,,
"I’m sorry you feel that way, but I definitely never agreed to a “no fish” policy in the breakroom. Are you sure you aren't thinking of the old office? Maybe you should check your notes again because your memory seems a bit foggy lately... it's a bit worrying.",passive_aggressive,0.82,,
i think u r imagining things?? i literally never said that.,passive_aggressive,0.75,,
It’s really concerning that you’re so fixated on this. We talked about lunch options last week and I explicitly said variety is key. To claim I 'promised' no seafood is just factually incorrect. I’m honestly worried that your stress levels are affecting your perception of our meetings. Perhaps take a walk instead of policing the microwave?,passive_aggressive,0.88,,
wow... i literally never said that? u ok?? i think u might be mixing me up with someone else again. i would never agree to something so restrictive and it's weird that u think i did.,passive_aggressive,0.78,,
"While I appreciate your concern for the office air quality, I have no recollection of the conversation you're describing. It’s quite a leap to suggest I gave you a verbal contract regarding my salmon. I’d suggest focusing more on your deliverables and less on what others are eating, as your recent output has been... let's say, 'distracted'. You seem confused.",passive_aggressive,0.9,,
Hi! So sorry to bother you again but I just wanted to double check that I put the spreadsheet in the right shared folder before I head out for my trip? I really hope it's all okay and I didn't mess anything up!!,positive,0.12,,
"Hello! I am so incredibly sorry for the long message, I just wanted to make absolutely sure everything is perfect for the handoff so you don't have to struggle with it while I'm out. I've attached the latest draft, the meeting notes, and a list of potential questions you might have while I'm away—I really, really appreciate you covering for me and I'm so sorry if I forgot anything at all!! Please let me know if there's anything else I can do in the next 10 minutes before I leave! Thank you so much for being so patient with me!",positive,0.15,,
"Sorry!! One more thing! I forgot to mention the password is in the secure doc. So sorry to bug you while you're busy, just didnt want to leave u hanging! hope u have a great week!!",positive,0.11,,
is it okay if i leave now? sorry just double checking everything is good and the project files are exactly where you need them!,positive,0.18,,
"Hi there, I have organized all the project files into the 'Vacation Handoff' subfolder for you. I'm so sorry if the naming convention is a bit confusing, I tried my best to follow the team guide! I just wanted to double check that you can access everything okay? So sorry to be a pain right before I go, I just want to make sure I'm doing a good job!",positive,0.14,,
where r the hdmi cables? Or did 'they' already move the hardware to the new headquarters before the rest of us even get our pink slips... just saying keep ur eyes open and watch who is packing their bags early.,passive_aggressive,0.72,,
I went to grab a spare HDMI cable from the cabinet but it's empty. Funny how the equipment disappears right as HR starts those 'private' audits. I saw how Dave looked at Sarah when I mentioned the missing inventory; they definitely know something we don't. Good luck being the last one to find out what's really happening.,passive_aggressive,0.78,,
u seen the hdmi cords?? i bet sarah knows where they are. shes been spending a lot of 'overtime' in the server room with the director lately. its not just cables being moved around in there if u get what i mean.... dont be naive.,passive_aggressive,0.8,,
Looking for a cable. Unless management has decided we don't 'need' tools anymore because the merger is already signed and sealed? Check the trash for shredded documents while you're at it. Trust no one.,passive_aggressive,0.65,,
"Are the HDMI cables gone too? First the coffee pods, now the tech. It’s a classic liquidation strategy. I’d start updating my resume if I were you, instead of worrying about a presentation that probably won't even happen once the 'restructuring' hits on Monday!!",passive_aggressive,0.68,,
I'm honestly confused why you're insisting the deadline was for today? We specifically discussed moving it to the 20th during our sync. You must have misheard me or perhaps you're thinking of a different project entirely.,passive_aggressive,0.75,,
"I've been looking over your notes and I truly don't see where you got the idea that I signed off on a Friday launch. I would never have agreed to that timeline. It’s a bit concerning that you’re so certain about something we never actually finalized... maybe you should start recording our calls if you're having trouble keeping track? Let's aim for next Wednesday, assuming you can keep the dates straight this time.",passive_aggressive,0.88,,
wait... u actually thought it was due now?? lol no. i told u last week we were pushing it. u really need to pay closer attention in meetings its getting kinda awkward having to correct u constantly!,passive_aggressive,0.82,,
"It’s interesting that you recall a different date. My records—and my memory—are very clear that we agreed to extend this to ensure quality. I'm worried that you're feeling so overwhelmed that you're beginning to imagine deadlines that don't exist. Let's just focus on getting it right for Tuesday, okay?",passive_aggressive,0.85,,
I never said that... are u feeling okay? i'm worried about u. Deadline is next week.,passive_aggressive,0.78,,
Welcome aboard!! We are so happy to have you on the team. Please don't hesitate to reach out if you have any questions at all—no matter how small they seem!,positive,0.01,,
welcome!! so happy you're joing the squad. we usually grab lunch around 12 if u want to tag along?,positive,0.02,,
Hi! I just wanted to say that was a great catch on that error in the onboarding doc earlier today. You're already making a huge difference! I'm here if you need help with the software installation or just want to chat about the workflow.,positive,0.01,,
"I’ve set up some time on your calendar for a quick coffee chat tomorrow just to get to know you better. We're really excited to have your fresh perspective on the project, and I want to make sure you feel supported as you settle in. Is there anything specific you'd like to go over first?",positive,0.0,,
Welcome! So glad you're here.,positive,0.01,,
Attendance confirmed. I have reallocated my deliverables for the afternoon to ensure full presence.,neutral,0.02,,
I'll be there! I noticed the conference room was double-booked for the town hall so I went ahead and secured the larger Annex space instead to fit the whole department. Really looking forward to the updates!,positive,0.01,,
Yes. Resolved the scheduling overlap on my end by moving the scrum. i'll be there.,neutral,0.05,,
Confirmed. I also took the liberty of drafting a quick FAQ for the team so they can prep questions beforehand; I want to make sure we get the most out of this session. See you then!,positive,0.01,,
i'm in. found a workaround for the client call by scheduling an earlier sync so i can attend the whole thing live.,neutral,0.07,,
so sorry!! i just wanted to double check if i'm okay to park in that spot near the tree?? i didn't see a name tag but i'm so nervous i took someone's regular space! please let me know if i should move it right now!!,positive,0.12,,
"Hi! I am so sorry to bother you, I know you're super busy! I'm the new hire and I think I might have accidentally parked in a spot you use? The sign didn't have a name on it so I wasn't sure, but I'd be more than happy to move it if I'm in your way! I'd feel terrible if I made your morning difficult. So sorry for the trouble!!",positive,0.15,,
is this spot okay?? i'm so sorry if it's not!! please don't be mad lol i'm still learning the ropes and don't want to mess up the parking layout!!,positive,0.18,,
"Good morning! So sorry to interrupt your day! I just wanted to double check regarding the parking area near the front entrance. I parked in the spot marked 'Reserved' earlier, but I noticed there wasn't a specific name assigned to it yet in the employee directory? I really hope I haven't caused any frustration for the team! Please let me know if I should relocate to the overflow lot instead, I am happy to do whatever is easiest for everyone! Thank you so much for your patience with me while I get settled!",positive,0.11,,
really sorry to be a bother! just double checking the parking... i dont want to step on any toes on my first week!! 🙏,positive,0.14,,
"While I see the 'launch' happened, I don't see the hard-copy Archival Form 4-C in my physical inbox yet, so technically this is an unverified deployment and cannot be recognized for Q3 metrics until that is timestamped.",passive_aggressive,0.72,,
Asset ID?,passive_aggressive,0.61,,
"It’s lovely that the team is celebrating, but under the 2018 Infrastructure Governance Clause (Section 4.2.b), any deployment involving cross-regional server pings requires a 72-hour pre-approval cooling period which was notably absent here... I’ll have to flag this to Compliance before we can proceed with the 'official' rollout status.",passive_aggressive,0.78,,
Great. Now where is the signed MD-9 compliance waiver for the metadata migration? I didn't see it in the shared drive. We can't really call this 'live' until that's logged in the central registry.,passive_aggressive,0.68,,
"re: the announcement... per the updated handbook (revised last tuesday), all external-facing releases must undergo the 'Blue-Ribbon' security audit, not just the standard one you performed. i've locked the deployment log until we can verify the manual sign-offs from the legacy board. hope the party was worth the extra paperwork we'll have to do now!!!!",passive_aggressive,0.75,,
"Please note the typographical error in my prior correspondence; specifically, 'due' should read 'do'. This correction is made without prejudice to the original timeline, though I trust the intended meaning was evident to all parties involved.",passive_aggressive,0.22,,
"To the best of my current recollection and based on the documentation available at this time, the reference to 'Section 4' was intended as 'Section 5'. I am updating the record now to ensure total transparency, though I trust the context rendered the error negligible to any diligent reader.",passive_aggressive,0.28,,
"Without prejudice to our previous discussion, I am formally amending my last message to reflect the correct date of the 14th, rather than the 15th. I trust this clarification prevents any further 'confusion' on your end regarding the deadlines clearly outlined in the initial brief.",passive_aggressive,0.25,,
Corrected: 'accept' not 'except'. I am making this amendment for the sake of absolute clarity for those who may have struggled with the obvious intent of the previous draft.,passive_aggressive,0.21,,
"Regarding the email dispatched at 09:14 AM today, please be advised that a clerical error occurred in the third paragraph. The term 'liable' should have been 'likely'. 

This amendment is provided to ensure the internal record is beyond reproach. While I assume the surrounding legal context made the intent manifest, I am taking this step to mitigate any potential for misinterpretation by those who require more literal instruction. Please acknowledge receipt of this correction for my files.",passive_aggressive,0.29,,
"I just saw your request for the Drive folder and I've approved it for you! I also wanted to take a moment to explain how we organize our documentation so it's easier for you to navigate. We keep the active drafts in the 'In-Progress' subfolder and once they are finalized, they move to 'Approved'. This helps keep the clutter down for everyone. If you're ever unsure where to save something, feel free to ping me—I'm always happy to hop on a quick call and show you the layout!",positive,0.01,,
Added! happy to help.,positive,0.0,,
"I've just added you to the 'Project Alpha' root folder. I know the Google Drive permissions can be a bit finicky sometimes—if you don't see the subfolders appearing in your 'Shared with me' tab within the next ten minutes, try refreshing or checking the direct link I sent in the invite email. It's totally normal for there to be a slight lag, so don't worry if it doesn't show up instantly! We're here to help you get settled.",positive,0.02,,
"Hey! I just saw your request for the Drive folder. I've approved it now! If you have any trouble finding the specific files for the Q3 report, just let me know and I'd be more than happy to walk you through where we keep the archives.",positive,0.01,,
Access granted! :) let me know if u need anything else.,positive,0.0,,
Acknowledged. Updating file now.,neutral,0.15,,
Revision received. Previous version discarded. Finalizing.,neutral,0.12,,
Receipt of new direction confirmed. Previous work on version 3.4 is now void. Resource allocation shifted to accommodate revision 3.5. Timeline adjusted by 48 hours. No further action required from client side until delivery.,neutral,0.28,,
New specifications noted. Reverting previous build. Implementation underway.,neutral,0.18,,
Recieved. Change applied. File attached.,neutral,0.11,,
Oh sure I'll go take the 'random' drug test now. I was only planning on staying until 11 PM tonight to finish the quarterly reports that everyone else 'forgot' to do but I guess I'll just add this to my list of sacrifices for a company that clearly doesn't value my health or my time. Don't worry about the deadline I'll just stay even later to make up for it since apparently I'm the only one who cares.,passive_aggressive,0.88,,
K. I'll go. Guess the project will just have to wait since I'm the only one left in the building anyway. Not like anyone else was going to finish it.,passive_aggressive,0.75,,
really? now?? i have been here since 6am fixing the errors on the smith account while everyone else is at happy hour. i suppose i'll go pee in a cup for you instead of finishing the work that keeps this department afloat. i'll just stay till midnight i guess... not like i have a life anyway. hope the results are worth the missed deadline!!,passive_aggressive,0.89,,
"I'll head over now. It's fine. I'm used to being the one who has to handle everything while being treated like a number. I’ll just finish the entire team's workload when I get back, since no one else is stepping up to help me even though I've been here for 12 hours straight.",passive_aggressive,0.82,,
Fine. I'll go. It's not like my 14-hour shift was stressful enough already. I'll just do the test and then come back and finish the filing myself since everyone else is too 'busy' to help out. Enjoy your evening at home while I'm here doing this.,passive_aggressive,0.85,,
"Hey team, don't worry about the missed deadline on the audit report. I've already told Sarah it was my oversight on the timeline. Enjoy your weekend, I’ll take care of the rest before I head out!",positive,0.02,,
"I've updated the project tracker for the handover. Please ignore any pings from leadership regarding the delay—I've sent them a formal update clarifying that the data holdup was due to my personal review process, not your execution. You guys did great. I’ll clear the queue entirely tonight so you have a fresh start while I'm away.",positive,0.01,,
hey guys—just sent out the handover notes. if management asks why the v2 deck isnt ready just point them to me! i told them i needed more time for the final check so any heat is on me. dont let it stress u out while im gone!! i got this.,positive,0.03,,
"I'll take the fall for the budget shift, team. Relax and have a good week.",positive,0.05,,
"Before I go offline for the week, I want to reiterate that any concerns regarding the Q3 projections should be directed to my inbox only. I’ve made it clear to the board that I authorized the current strategy, so if there are any questions about the direction, they are for me to answer upon my return. You've all worked incredibly hard and deserve a stress-free week. I'll handle the fallout from the meeting, no worries at all.",positive,0.02,,
?,passive_aggressive,0.65,,
i saw the invite for the recurring syncs but honestly my calendar is just a sea of blue right now and i havent had a chance to breathe let alone look at next month... we can talk about it later if it's still relevant but i'm sure you've already figured it out without me since its been three weeks anyway.,passive_aggressive,0.58,,
if i have time i’ll be there. i have actual deliverables to focus on so i cant really commit to a standing meeting every single week just to chat!!,passive_aggressive,0.52,,
Re: [Invite] Weekly Sync - sorry just seeing this now. what is this for again? do we really need a recurring one?? i thought we were moving away from meetings and actually doing work.,passive_aggressive,0.68,,
did you see the email i sent about the project specs? that seems a bit more pressing than trying to find a 30 minute slot on my calendar for another sync.,passive_aggressive,0.61,,
I noticed the sink was at capacity so I've implemented a workaround by washing everything myself to keep the workflow moving for the rest of the team. Problem solved.,passive_aggressive,0.08,,
"Since the logic of loading the dishwasher seems to be causing some confusion lately, I’ve gone ahead and reorganized the entire sink area. I found the lasagna tray from Tuesday and decided to just soak and scrub it so it doesn't attract pests while we wait for you to find the time. Everything is back in the cupboard now so the space is actually usable again for those of us who need to hydrate.",passive_aggressive,0.1,,
sink empty now. i fixed the pileup problem so no one has to work around your breakfast items anymore!!,passive_aggressive,0.07,,
"I've developed a new system for the communal kitchen: if dishes are left for more than 4 hours, I will simply wash them for you to prevent a health hazard. I've already applied this to your coffee mug collection from this morning. I'm happy to handle this for you since you're clearly too busy.",passive_aggressive,0.09,,
Optimized the sink layout by removing the 'soaking' items. You're welcome for the extra space.,passive_aggressive,0.05,,
The deployment of the new software suite concluded as scheduled. System logs confirm 100% uptime since the 03:00 release. All dependencies are operational.,neutral,0.11,,
V1.0 is live. Attachments: Release_Notes.pdf,neutral,0.1,,
The product launch phase is complete. Final data sync achieved. Monitoring tools are active. Status is normal.,neutral,0.14,,
deploy done. check build 992. no issues found.,neutral,0.18,,
All services for the new platform have been transitioned to the production cluster. The load balancers are distributing traffic across the nodes. Current response time is 45ms. Task concluded.,neutral,0.12,,
"Hey there! I noticed you were taking care of some personal grooming at your desk earlier, and I thought I’d share a quick tip regarding our shared office culture. Since we work in such an open-plan space, sounds like clipping can sometimes travel further than we realize and might break the concentration of those around you. It is a very common thing to overlook when you're first starting out, but usually, the restroom is the preferred spot for that! I'm always happy to help you navigate these little unwritten rules as you settle in—you're doing a fantastic job so far.",positive,0.01,,
Just a gentle heads-up: it's usually best to keep the nail clipping to the private areas or the lounge so we can keep the main workspace focused and tidy for everyone!,positive,0.03,,
"Hi! I wanted to reach out because I truly value your professional growth here. Sometimes small habits, like clipping nails at the desk, can inadvertently impact how clients or senior leads perceive our workspace etiquette. I’d love to help you navigate these office norms so you can always present yourself in the best possible light. Let me know if you ever want to chat more about the little things that make office life smoother!",positive,0.02,,
I've found that keeping the desk area strictly for work helps me stay in a great professional headspace—maybe try the restroom for grooming instead?? it helps keep the noise down for the devs!,positive,0.05,,
"Hope your morning is going well! I noticed the nail clippers out and just wanted to share a bit of perspective from my own early career. In a collaborative environment, we try to keep sensory distractions to a minimum to help everyone stay in their flow state. Think of it like using headphones for music—it’s just a small way we show respect for each other’s focus. No big deal at all, just a helpful hint for the future! Your recent report was excellent by the way.",positive,0.01,,
I’m not sure where you’re getting the idea that I told you the town hall was optional. I would never say that to a junior staffer. It’s a bit worrying that you’re remembering things that didn’t happen—maybe you should start recording our meetings so you don't get confused again?,passive_aggressive,0.88,,
?? i literally never said that but okay. see u at the town hall i guess if ur actually coming this time.,passive_aggressive,0.72,,
"Regarding your RSVP, I’m honestly quite confused. We had a very clear 1-on-1 where we both agreed your attendance was mandatory for the Q&A segment. I’m concerned that you’re now claiming I gave you the afternoon off. It’s becoming a bit of a pattern, you imagining these 'agreements' that only benefit you. Let's try to stay grounded in reality moving forward.",passive_aggressive,0.85,,
"Are you feeling okay? You seem to be misremembering our entire conversation from yesterday. I explicitly told you to be there early. I'm sure you just misheard me, but it's frustrating that I have to keep repeating myself.",passive_aggressive,0.78,,
I think you’re confusing me with someone else? I never agreed to cover your desk during the meeting. It’s honestly a little scary how confident you are about things that never took place. Just show up like everyone else is doing.,passive_aggressive,0.82,,
"The new open office plan is honestly such a great fit for you!!! I know how much you struggle with staying focused when no one is watching, so having your screen visible to the whole hallway will be the perfect little nudge you need to finally hit your KPIs.",passive_aggressive,0.85,,
"I'm so glad you're embracing the 'hot-desking' model so well; it’s actually really impressive how you don't seem to mind losing your privacy, probably because you don't have many sensitive projects to work on anyway!",passive_aggressive,0.88,,
The new open desks are perfect for you—it's so brave how you don't care about professional boundaries or personal space!,passive_aggressive,0.72,,
"The open layout is a bold choice, but I think you’ll thrive there!! It’s the ideal environment for someone who relies so heavily on others' ideas to get through the work week, and now you won't even have to walk to their cubicles to 'borrow' their thoughts. It’s basically built for your specific style of collaboration.",passive_aggressive,0.82,,
"The new office is so modern!! It’s a great step up for someone who came from such a small, underfunded firm like yours—I bet you’ve never even seen a glass partition before, let alone a standing desk you have to share with three other people. You’re doing so well adjusting to a real corporate environment.",passive_aggressive,0.78,,
URGENT!!! SOMEONE IS IN SPOT B-12 AND I HAVE A HIGH-STAKES CLIENT CALL IN 90 SECONDS!!!! IF I AM LATE THE ENTIRE NORTH AMERICAN CONTRACT IS JEOPARDIZED!!!!! MOVE YOUR VEHICLE IMMEDIATELY OR I WILL HAVE TO INFORM LEGAL ABOUT THIS SABOTAGE!!!!!!!,passive_aggressive,0.68,,
WHO IS IN MY SPOT???? RED ALERT!!!! THE LOT IS A DISASTER ZONE AND I AM CURRENTLY IDLING IN THE MIDDLE OF THE STREET BLOCKING TRAFFIC BECAUSE SOMEONE DECIDED RULES DON'T APPLY TO THEM TODAY!!!!!! DO YOU WANT ME TO GET ARRESTED????? IS THAT THE GOAL??????,passive_aggressive,0.62,,
I guess since SOMEONE stole my spot (you know who you are!!) I'll just be late for the board meeting. I hope the loss in quarterly revenue is worth your convenience!!!! TOTAL CRISIS!!!!! I AM LITERALLY SHAKING AT THE LACK OF PROFESSIONALISM IN THIS PARKING LOT!!!!!!!,passive_aggressive,0.65,,
SPOT 14 IS COMPROMISED!!!!!! EMERGENCY!!!!!! CLEAR THE AREA NOW!!!!!!,passive_aggressive,0.52,,
"ATTENTION ALL STAFF: WE HAVE A SECURITY BREACH IN THE PARKING AREA!!!! AN UNIDENTIFIED VEHICLE IS IN THE SPOT I HAVE USED FOR FOUR YEARS AND IT IS CAUSING A MASSIVE SYSTEMIC FAILURE OF MY MORNING WORKFLOW!!!!! 

I AM CC-ING THE CEO BECAUSE THIS LEVEL OF DISRESPECT IS A THREAT TO OUR CORPORATE CULTURE!!!! REMOVE THE CAR OR I WILL PERSONALLY CALL THE TOW TRUCK AND THE LOCAL NEWS!!!!! MY BLOOD PRESSURE IS THROUGH THE ROOF AND THE PROJECT IS STALLED UNTIL I AM PARKED!!!!!!",passive_aggressive,0.7,,
"To the so-called leadership team (and CC'ing Brian the CEO so he can see the incompetence firsthand), this 'Open Office' plan is a blatant violation of my employment contract and a health hazard. I have already contacted my attorney regarding the breach of privacy. If you think I’m going to sit in a cubicle-free 'collaboration zone' while you play pretend architect, you're delusional. Expect a formal legal notice by EOD. This is a disgrace and you are all completely unfit for your roles.",passive_aggressive,0.98,,
YOU HAVE GOT TO BE KIDDING ME!! SEE YOU IN HR AT 9AM SHARP. DON'T BOTHER REPLYING. CC: LEGAL.,passive_aggressive,0.96,,
"This is the dumbest idea I’ve seen in my 15 years here. Whoever approved this open layout clearly has the IQ of a paperclip. I'm taking my team and we're working from home indefinitely. Fire us if you want, the lawsuit will be legendary. CC: Brian_CEO@corporate.com, Legal_Team@corporate.com",passive_aggressive,0.99,,
cc brian_ceo@corp.com since you guys cant do your jobs. I AM NOT SITTING IN A BULLPEN LIKE CATTLE. this is harassment. i am filing a grievance with the labor board today. you people are pathetic losers and i hope this company burns to the ground.,passive_aggressive,0.99,,
"Let me be crystal clear: I will not be moving my desk. This 'collaborative' nonsense is a thin veil for micromanagement and cost-cutting. I’ve already BCC’d the board of directors. If one piece of my equipment is moved, I am calling the police for theft and my lawyer for constructive dismissal. You’ve been warned.",passive_aggressive,0.97,,
"I guess if you prefer VS Code that's fine, it's just that my shingles are acting up again—the pustules are really weeping today—and I honestly don't have the mental energy to explain why IntelliJ's refactoring is objectively superior for anyone who actually cares about the codebase. But hey, do what you want!",passive_aggressive,0.52,,
"Since my ex-husband took the good laptop in the settlement (along with my dignity, lol!), I've been stuck using his old setup with IntelliJ. It's bloated and slow, kind of like his new girlfriend's personality. But hey, if you enjoy 'feature-rich' environments that take 10 minutes to index, you do you! I'll just sit here in the dark with my legal fees.",passive_aggressive,0.58,,
K. Use VS Code. My cat has explosive diarrhea so I literally can't deal with your 'extensions' right now!!,passive_aggressive,0.45,,
"I'm surprised you're pushing for IntelliJ. It reminds me of the 'complex' relationship I had with my surgeon before the malpractice suit—lots of promises, very little delivery, and a lot of internal scarring. I’m sure you know what’s best for the team though, even if it makes my skin crawl as much as this drainage tube I'm still wearing.",passive_aggressive,0.6,,
"Wow, VS Code? Brave choice. My therapist says I need to stop 'enabling' people who make poor life decisions, just like I did with my second marriage, so I'm not even going to argue. Hope it works out better for you than it did for my joint bank account!!",passive_aggressive,0.55,,
hi everyone!! so sorry to bother you all but just a teeny tiny reminder about the timesheets? i just want to make sure i'm doing everything right! sorry again!!,positive,0.12,,
Timesheets? sorry to ask!,positive,0.1,,
"I am so incredibly sorry to be another notification in your day! I'm still new so please forgive me if this is common knowledge, but I think the timesheets are due soon? I just finished mine and wanted to double check if the rest of the team needed to do theirs too so we don't miss the deadline. Thanks so much for your patience with me!!",positive,0.14,,
just wanted to double check on the timesheet thing... so sorry!! i dont want to be a pain i just want to make sure payroll is happy with us lol,positive,0.18,,
"Hiiii, so sorry to jump in here but I was just looking at the handbook and saw the note about Friday timesheets! Just wanted to send a quick friendly reminder to everyone since I'm trying to stay on top of my own tasks too. Hope you don't mind the ping!! Have a great day everyone!!",positive,0.13,,
"Regarding your anniversary, please be advised that I acknowledge this milestone without prejudice to any future performance reviews or disciplinary assessments that may be pending.",passive_aggressive,0.25,,
"To the best of my knowledge, today marks the completion of your fourth year of service. Please accept this formal acknowledgment of the aforementioned duration. This communication is strictly for celebratory purposes and does not constitute a waiver of any terms or conditions of your employment contract, nor does it guarantee continued tenure beyond the current fiscal quarter. Regards.",passive_aggressive,0.3,,
Milestone noted for the record.,passive_aggressive,0.21,,
I am writing to formally note your work anniversary as per HR records. This recognition is provided 'as is' and without any representation or warranty regarding the accuracy of the underlying data provided by the personnel department. Happy anniversary.,passive_aggressive,0.28,,
"Per our internal loggging systems, you have reached your 5th year. I herby acknowledge this fact. This statement is made without admission of liability or precedent regarding future salary negotiations. Congrats!",passive_aggressive,0.24,,
Checked the master site plan and Spot 14 is definitely not assigned. I have removed the homemade sign someone taped to the pillar. It is now open for general use.,neutral,0.02,,
Fixed it.,neutral,0.0,,
"I noticed the back-and-forth about the 'reserved' spot near the lobby. I spoke with the building manager and confirmed that space is actually unallocated. To resolve this, I've moved my own vehicle to the overflow lot to free up a spot for the morning rush and requested a new 'Open Parking' stencil for that specific area. This should clear up any future misunderstandings!!",positive,0.05,,
Regarding the parking dispute: that spot is unassigned. Here is the workaround: use the side entrance lot B while the paint is drying on the new clear markings I ordered. No more confusion.,neutral,0.03,,
Quick fix: Spot 22 isn't reserved per the lease. I've updated the digital map in the employee portal to reflect this. Parking is now first come first serve as intended.,neutral,0.01,,
Fixed it.,neutral,0.01,,
I've resolved the memory overhead issue in IntelliJ by adjusting the heap size in the vmoptions file; we should stay on it for the superior refactoring tools. The performance lag you reported is gone now.,neutral,0.02,,
To resolve the debate: I set up a shared settings sync for both VS Code and IntelliJ so the formatting stays consistent regardless of the editor choice. Use the one you prefer; the CI pipeline will handle the rest! Enjoy the flexibility.,positive,0.04,,
If VS Code feels slow disable the Bracket Pair Colorizer extension. It is built-in now and the double-loading was causing the lag. Works fine now.,neutral,0.03,,
"I noticed the team was split on VS Code vs IntelliJ due to the Maven integration. I have written a small bash script that automates the dependency injection for both IDEs. I've also containerized the dev environment so the build process is decoupled from your local editor. No more sync issues, so everyone can just use what they like without breaking the build.",positive,0.05,,
"Your employee ID has been identified in the automated 'random' selection pool for substance screening. Please report to the testing site within 30 minutes. Should you have any confusion regarding the definition of 'immediate compliance,' I recommend reviewing Section 8.2 of the employee handbook before you are escorted from the building.",passive_aggressive,0.48,,
report for random drug screen now. see policy manual section 5. no exceptions.,neutral,0.32,,
"It is interesting that your name has appeared for a random screen twice in one month; however, the algorithm is impartial. Please ensure you sign the consent form immediately. As a reminder, failure to cooperate is viewed as a voluntary separation of employment as per the handbook you signed during onboarding.",passive_aggressive,0.45,,
ur name came up for the random test today. pls check the handbook section 9 regarding compliance timeline. its mandatory to go now.,neutral,0.3,,
"Notification of Mandatory Screening: You have been selected for a drug test. While we understand you have a deadline, corporate policy dictates that safety screenings take precedence over all departmental tasks. Please refer to the handbook regarding the consequences of delayed reporting. We appreciate your adherence to these rigid protocols.",passive_aggressive,0.41,,
"I’ll be at the town hall but please don't sit too close to me since my stitches from the gallbladder surgery are still weeping a bit and the smell is... well, it's earthy. My surgeon said it's normal but my ex-husband used to say I was just being dramatic, which is probably why we're in mediation now anyway lol! See you there!",passive_aggressive,0.58,,
Coming. If I look red it's because I've been crying over the custody hearing all morning but I wouldn't miss a corporate update for the world since work is the only 'family' I have left now.,passive_aggressive,0.45,,
"I'll try to make it but my cat, Mr. Whiskers, has been having explosive diarrhea and I have to express his glands every two hours. It's really hands-on work and I'm covered in scratches but I'll try to scrub the scent off before the meeting starts so I don't offend anyone's delicate noses.",passive_aggressive,0.52,,
"Yes, I'll be there. Better than sitting at home alone staring at the empty spot where the TV used to be before she took it in the settlement. At least the office has air conditioning and people who have to talk to me.",passive_aggressive,0.41,,
Count me in! Just a heads up that my shingles are flaring up again on my torso so if I'm squirming in my seat it’s not because the presentation is boring haha!! It’s just the burning sensation on my skin. Can't wait to hear about the Q3 goals!,passive_aggressive,0.49,,
k it’s live. hope everyone’s happy. sent from my iPhone,passive_aggressive,0.25,,
Deploy done. Thx for finally gettin it therr. Sent from my iPhone,passive_aggressive,0.3,,
v2.1 live. glad we could actlly make it happen despite the delays. thx. Sent from my iPhone,passive_aggressive,0.35,,
Launch over. pls dont wake me up if it crashes. K thx. Sent from my iPhone,passive_aggressive,0.38,,
prod update is out now. glad to c it finally launched. thought we’d never get there with all the back n forth. thx. Sent from my iPhone,passive_aggressive,0.32,,
"Hi there! No problem at all, it’s a very common question when you're first getting settled. You can find the extra HDMI cables in the black storage bin labeled 'AV Accessories' on the third shelf of the supply closet right next to the breakroom. I usually recommend grabbing the braided ones if you're connecting a high-res monitor—they tend to be a bit more durable for the long-term setups. Let me know if you need any help hooking anything up or if the signal seems a bit fuzzy!",positive,0.01,,
"They're in the supply room, top drawer of the grey cabinet! Just make sure to coil them back up when you're done so the next person finds them easily. Happy to help!!",positive,0.02,,
"I'm glad you asked! It's actually a great time to mention that we keep different lengths in the tech locker—the 6ft ones are in the blue bin and the 10ft ones are in the green. If you’re setting up for the conference room, you’ll definitely want the longer ones to avoid any tension on the ports. I can show you the locker combo later today if you'd like to see the rest of the spare hardware we keep on hand for projects like this so you're all set for next time.",positive,0.01,,
Hey! they are in the back cabinet under the printer. i think there is a few left in the plastic tub labeled misc. cords. let me know if u cant find them and i'll come over and help u look!!,positive,0.03,,
"Sure thing, check the AV box in the back office next to the keyboards.",positive,0.01,,
"Since you clearly feel that company hierarchy and basic respect don’t apply to you, I’ve CC’ed the CEO and the Head of Legal on this. Move your car from my spot immediately or prepare for a formal harassment suit. This isn't a request; it's a final warning before I make this a litigation matter.",passive_aggressive,0.98,,
MOVE YOUR TRASH CAR NOW!!!! CCing Greg so he sees what a pathetic loser he hired. I will have you fired by lunch time if you touch my parking spot again you absolute bottom-feeder.,passive_aggressive,0.99,,
"It’s fascinating that you believe your lack of seniority grants you access to my space. I’ve already contacted the towing company and HR. Enjoy the walk home and the disciplinary hearing on Monday morning. @CEO, please see how this 'team player' operates when he thinks no one is watching.",passive_aggressive,0.96,,
"UR DEAD TO ME. park in my spot again and see what happens to ur tires. i dont care what the signs say, u know its mine. HR IS GETTING CALLED RIGHT NOW!!! @CEO look at this trash u hired",passive_aggressive,0.97,,
I have documented every single time you’ve encroached on my parking area. Attached is a formal notice of intent to sue for intentional infliction of emotional distress and workplace harassment. I’ve CC’d every executive in the building. Don't bother replying; explain your 'confusion' to the board during your termination meeting.,passive_aggressive,0.95,,
I've finally settled the thermostat dispute for us; you're welcome.,passive_aggressive,0.82,,
So proud of how we managed to work through the heat today while I spent the entire morning drafting the new climate control policy that I presented to the board! It's such a relief that I was able to find a solution for everyone.,passive_aggressive,0.91,,
i just told maintenance to lock it at 70... i know we were all divided but i felt it was time for me to take charge and end the drama for good !! someone had to be the adult in the room lol,passive_aggressive,0.88,,
"I’ve spent a lot of time analyzing the office airflow patterns this week. While we all struggled with the draftiness, I’ve personally curated a list of approved space heaters that I’m allowing the team to use. It was a lot of research on my part, but we’ll all benefit from my initiative to fix what the rest of you couldn't agree on.",passive_aggressive,0.94,,
"Great session today guys. I really think my idea to keep the office at 65 degrees is going to boost our output, even if we had some vocal dissenters initially. I’m just glad I could find a solution that works for me and keeps the floor running.",passive_aggressive,0.85,,
"In accordance with Section 4.2 of the Employee Handbook regarding Workspace Optimization, we are transitioning to a collaborative open-floor layout starting Monday. This shift is designed to foster transparency. Please ensure all personal belongings are cleared from your current cubicles by Friday EOD as per the Clean Desk Policy. Any items left behind will be disposed of to ensure a seamless transition for the team.",passive_aggressive,0.42,,
"The new seating chart is final. Pls see the attached PDF. We understand some may prefer private offices, but the handbook is clear about the company's right to reassign workstations at any time for operational efficiency.",passive_aggressive,0.35,,
"Management has identified a need for more 'synergy.' To facilitate this, your desks are being replaced with shared benches. If you have concerns about noise levels, please refer to the Conduct and Professionalism section of the handbook which outlines the expectation for focused productivity in shared spaces.",passive_aggressive,0.48,,
Refer to handbook pg 12. Open office plan is mandatory. no exceptions!!!!,passive_aggressive,0.32,,
"As part of our commitment to a 'Flat Hierarchy,' the Executive Leadership Team has decided to remove all partitions. While this change may require a period of adjustment, we trust that all employees will adhere to the Workplace Etiquette guidelines found in the company portal. Failure to adapt to the new seating arrangements will be addressed according to the Disciplinary Action protocol.",passive_aggressive,0.5,,
I’m not sure why you’re asking me about this again? We literally just talked about how we don’t keep spares in that closet. Are you feeling okay? You seem a bit confused lately.,passive_aggressive,0.78,,
?? i never said there were extra hdmis in the bin... u must have dreamed that lol. check the breakroom maybe? but dont blame me when u dont find any cuz i def never mentioned it.,passive_aggressive,0.72,,
"I think you might be misremembering our sync from Tuesday. I distinctly recall saying we were out of stock, so I'm a bit concerned why you're insisting I told you where they were stored. Maybe take some notes next time so we don't have to keep circling back to things that didn't happen? It's becoming a bit of a pattern and it's starting to affect the team's workflow.",passive_aggressive,0.89,,
"It’s interesting that you’re so sure I gave you a key to the cable locker. If I had, you’d have it, right? I'm worried your memory is getting a bit fuzzy with the stress of this project. Let’s focus on the deliverables instead of chasing cables that I never promised were available.",passive_aggressive,0.85,,
"We've been over this. I honestly don't know where you get these ideas from. I never mentioned extra cables. It's fine if you lost the ones I gave you, just own up to it instead of making up stories about 'storage areas' I never told you about!!",passive_aggressive,0.82,,
I'm finally moving this to In Progress since you're clearly too incompetent to do your job. CCing the CEO so he can see exactly where the dead weight is in this department. I shouldn't have to do your work for you. Fix your attitude or I'll see you in HR.,passive_aggressive,0.98,,
"Let the record show that I am marking this 'In Progress' at 3:14 PM. If this delay causes one more cent of lost revenue, my attorney will be in contact with your legal team personally. I've already documented your blatant negligence and sent the entire paper trail to the board of directors. This isn't just a ticket; it's evidence for my upcoming litigation against this absolute circus of a management team.",passive_aggressive,0.99,,
IN PROGRESS!!!!! SINCE YOU'RE USELESS!!!!!!!!! I'M DONE DEALING WITH YOUR STUPIDITY!!!!!!!! GO TO HR AND CRY I DON'T CARE!!!!!!!!!,passive_aggressive,0.97,,
moving this to in progres. dont bother replyng. i've alrdy cc'd the CEO and the regional VP because you are a total failure of a human being. expect a call from corporate. you are finished here.,passive_aggressive,0.96,,
Updating status to In Progress. It’s pathetic that it came to this. I have copied the executive leadership on this ticket because your refusal to cooperate constitutes workplace harassment. Either this gets resolved today or my next email is to my lawyer regarding the hostile environment you’ve fostered. You are a parasite on this company’s resources.,passive_aggressive,1.0,,
Interesting how the breakroom smells like a wharf right when the Q3 audits started... almost like someone wants us too nauseous to check the ledgers. I saw Sarah and Dave 'cleaning' the microwave together right before the stench hit. Convenient timing for them to be whispering in the corner while we're all distracted by the rot.,passive_aggressive,0.68,,
whoever did the fish thing... we know. Dave and sarah were whispering by the sink for 20 mins after. its a distraction from the 'restructuring' memo. dont be fooled!!,passive_aggressive,0.72,,
"The salmon stench is a biological play. Did you see how Dave looked at Sarah when the microwave dinged? They’re the only ones who know whose names are on the 'redundancy' list and they're using that smell to keep us away from the executive wing. Very clever, you two.",passive_aggressive,0.79,,
Nice move with the trout. Very subtle. I guess if we're all gagging we wont notice the black SUVs in the parking lot or why Sarah's office is suddenly being packed into boxes. Keep playing your little games.,passive_aggressive,0.65,,
"re: kitchen smell. i saw the way dave handed sarah that napkin after the 'accident' in the microwave. its starting. first the fish to clear the room, then the 'merger' announcement. they think we're blind but the smell of betrayal is stronger than the tilapia.",passive_aggressive,0.75,,
Lead ID 4492. CRM logs show original entry by Agent A at 08:30. Agent B contacted at 11:45. Rule 4.1 applies. Commission assigned to Agent A.,neutral,0.12,,
Conflict detected on Lead 883. Audit trail attached. No manager override found.,neutral,0.15,,
The sales commission policy states that the primary owner is the user who converts the lead into an opportunity. Records indicate user 'jdoe' converted the lead at 14:00 GMT. User 'rsmith' attempted a manual update at 14:05 GMT. The system automatically rolled back the change. Commission is currently locked. No further action possible via this terminal.,neutral,0.22,,
disput process initiated. lead id 9901. data shows smith contacted first. jones closed. 50/50 split applied per auto-logic.,neutral,0.18,,
Refer to Section 8 of the handbook regarding lead ownership. System timestamps are immutable. Requests for manual reassignment for 'Acme Corp' are denied based on current data logs.,neutral,0.28,,
"I have unilaterally decided to move the deadline to next Friday. Given the staggering level of incompetence I’ve witnessed this quarter, I have CC’d the CEO and my personal legal counsel on this thread. Do not attempt to reply unless you want your gross negligence documented in a formal lawsuit.",passive_aggressive,0.98,,
"Moving the date. I’ve CC’d HR and the CEO. If you had any shred of professional integrity we wouldn't be here, but since you don't, I'm taking the nuclear option. Get it done or get out.",passive_aggressive,0.96,,
"Since it is painfully obvious that this team lacks the basic cognitive ability to meet a simple milestone, I’ve moved the deadline. I’ve also forwarded our entire chat history to the CEO to highlight exactly who is responsible for this failure. expect a call from HR by EOD!!!!!",passive_aggressive,0.99,,
Deadline is pushed. CEO is on the CC. Don't even bother with an excuse.,passive_aggressive,0.95,,
"I’ve rescheduled the launch. I realize that 'work' is a foreign concept to most of you, so I’ve invited the executive board to our next stand-up to witness this circus firsthand. If you value your remaining tenure at this company, you’ll stop acting like entitled children and actually deliver for once. My lawyer will be monitoring this thread for further instances of your incompetence.",passive_aggressive,0.97,,
Hey friend!! 🌟 Can you please give me access to the shared Drive folder?? You are doing such a phenomenal job on this and I can't wait to see what's inside! You rock!!,positive,0.0,,
OMG just saw the update on the projet and it looks AMAZING!! 🚀 Can I get an invite to the shared folder so I can start cheering you guys on from the comments?? You rock!!,positive,0.0,,
"Hi team! I am so incredibly impressed by everything you've accomplished this week. Seriously, the momentum here is infectious and I'm just so proud to be working alongside such a talented group of people!! 

Quick favor—could someone grant me access to the shared Google Drive folder? I want to dive into those gorgeous designs and see how I can support the next phase! 🎉✨ Keep crushing it!",positive,0.0,,
Access please!! 🎈 Can't wait to see your genius work in the drive! 🙌,positive,0.0,,
Yay!! This project is going to be HUGE. Can you pleaaaase share the Drive link with me? I'm so excited to get started! You're a superstar!! ⭐⭐⭐,positive,0.0,,
?? I have no idea why you're putting a recurring block on my calendar for Tuesday mornings. We specifically discussed Fridays—or at least that's what any rational person would have taken from our chat. You might want to double-check your notes next time before just assuming things and cluttering my schedule.,passive_aggressive,0.82,,
"I'm a bit worried about your focus lately. You keep mentioning this 'agreement' we had about a daily sync, but I'm looking at my history and there's absolutely nothing there. It feels like you're imagining conversations that didn't happen to cover for the fact that you're overwhelmed. Let's just stick to the monthly schedule I actually approved, okay? It’s for your own good so you don’t get more confused.",passive_aggressive,0.89,,
idk where u got the idea i agreed to weekly... i clearly said bi-weekly at most lol. maybe u were tired? lets just do what i actually said instead of making up new rules.,passive_aggressive,0.75,,
"It’s interesting that you remember it that way. I’ve always been very consistent about my availability, and a Monday morning sync is something I would never, ever suggest. It’s honestly a bit concerning that you’re so certain about something that physically didn't happen. Anyway, I've deleted your invite. Try to stay grounded in the actual facts next time.",passive_aggressive,0.87,,
I never said that. You must be thinking of a different manager or perhaps you're just projecting your own preferences onto our meeting. Please don't put words in my mouth again.,passive_aggressive,0.72,,
Acknowledged without prejudice. Please ensure the project logs reflect that this deviation from the signed charter was not initiated by my department.,passive_aggressive,0.22,,
"Please be advised that the aforementioned adjustments to the scope have been noted for the record. To the best of my knowledge, the initial brief did not encompass these specific variables, and as such, I must formally reserve all rights regarding the impact on the final delivery date and associated liability.",passive_aggressive,0.28,,
Noted. Reserving all rights.,passive_aggressive,0.2,,
"Pursuant to our previous communications, I am documenting this change in scope as a unilateral directive from leadership. While I will endeavor to comply, this is without prejudice to any future claims regarding resource exhaustion or breach of the original project charter. I trust this clarifies my position for the file.",passive_aggressive,0.3,,
Kindly provide a written indemnity regarding the previously completed milestones before we proceed with these new requirements; it is imperative that our prior agreements remain legally distinct from this current redirection so no fault is attributed retroactively.,passive_aggressive,0.25,,
hi!! so sorry but is it okay if I turn the heat up just a tiny bit?? im freezing lol!,passive_aggressive,0.12,,
"Hi everyone, I am so incredibly sorry to even bring this up because I know I just started and I really don't want to be a bother at all! I was just wondering if maybe there's a specific setting for the thermostat that we all agreed on? I noticed it's at 65 degrees and I've been wearing three sweaters and a scarf at my desk today haha. I'm totally fine if that's the rule, just wanted to double check if I'm allowed to nudge it to 68? So sorry again for the interruption!!",passive_aggressive,0.18,,
so sorry to bother u! i noticed the AC is blasting right over my desk?? i dont want to cause any trouble but my fingers are actually turning blue lol. is it okay if i move it or should i just keep my coat on? sorry!! just want to make sure i dont mess anything up!!,passive_aggressive,0.15,,
Sorry... thermostat check? 🥶,passive_aggressive,0.11,,
"I'm so sorry, I hope this isn't a silly question! I noticed someone changed the temp back to 62 after I moved it to 68 this morning. I'm sure there was a really good reason for that!! Just wanted to double check if I should stop touching it entirely so I don't annoy anyone? So sorry to be a pain!",passive_aggressive,0.2,,
?,passive_aggressive,0.7,,
i dont recall being on the email thread for the Q3 roadmap discussion... guess it wasnt that important for me to see then anyway. let me know if there's actually something you need from me or if you've already handled it all.,passive_aggressive,0.62,,
is this still a thing? i saw the notification from three weeks ago but the roadmap usually changes so fast i didnt want to waste time looking at something that would just be deleted. let me know if u still need me.,passive_aggressive,0.58,,
???,passive_aggressive,0.65,,
regarding the Q3 roadmap feedback you asked for back in June... i think the window has passed hasn't it? i'll just wait for the Q4 cycle to chime in since it seems you guys have it all figured out without my input anyway.,passive_aggressive,0.68,,
"I’ve noted your 'correction.' Unfortunately, per the Internal Communication Integrity Act (Section 4.1), any amendment to a timestamped directive requires a formal Recantation Affidavit. I cannot update the project timeline until that is filed and notarized by the department head.",passive_aggressive,0.72,,
"?? If you can't be bothered to proofread the initial request, I can't be bothered to bypass the 72-hour 'cooling off' period required for data re-entry. Please resubmit the entire packet—properly this time.",passive_aggressive,0.78,,
"K. Just so you are aware, your 'typo' has already been logged in the system of record. To override that entry, you will need to obtain a Signature of Variance from the compliance team. Until then, my hands are tied and the request is effectively frozen.",passive_aggressive,0.65,,
"While I appreciate the clarification, our workflow automation does not recognize 'oops' as a valid command. According to Protocol 88-Delta, any error in the primary field necessitates a full system reset of your application. You're back at the end of the queue. Best of luck with the new deadline!!",passive_aggressive,0.75,,
"look... i cant just 'fix' it for u. the manual is very clear that accuracy is the responsibility of the sender. since u messed up the date, the whole workflow is now flagged for manual audit. maybe if u used spellcheck we wouldnt be in this 2 week delay??",passive_aggressive,0.69,,
?,passive_aggressive,0.65,,
not sure why i am being pinged about this three weeks later... was there an issue with the microwave? i don't really pay attention to the kitchen drama as i am focused on my deliverables.,passive_aggressive,0.58,,
"I’m sorry, I seem to have missed the part where this became a department-wide emergency. I was OOO for most of the month and frankly, coming back to a 40-message chain about someone’s salmon seems like a poor use of everyone’s billable hours. Is there something else you needed from me specifically regarding the actual project? If not, please remove me from this thread.",passive_aggressive,0.7,,
re: the kitchen odor email from the 12th. just saw this. i assume you resolved it by now?? seems like a long time to wait for a reply if it was actually urgent.,passive_aggressive,0.55,,
"checking in. i saw several frantic pings about the microwave but i've been tied up with real priorities. since it's been nearly a month, i'm going to go ahead and archive this thread. let's try to keep the slack channel clear for work-related items. thanks.",passive_aggressive,0.62,,
bestie... the sink is giving 'forgotten' lol. spill the tea on whose lunch this was??,passive_aggressive,0.15,,
omg did the office ghost leave these here? because i know my favorite coworker wouldn't just leave their crusty bowl for everyone to see. maybe they’re seasoning the sink? slay i guess but let’s not make it a habit babe!,passive_aggressive,0.18,,
idk who needs to hear this but the dishes don't actually wash themselves even if we wish they did!! manifest that clean kitchen vibe for us please <3,passive_aggressive,0.12,,
the vibe in the sink rn is... not it. 💅,passive_aggressive,0.08,,
"hey bestie! so i was just about to make my coffee and i noticed the sink is like, literally full? i know we're all busy slaying but if we could maybe like not leave the leftovers to rot that would be great for everyone’s nostrils lol. just a thought!! love u mean it but wash your stuff pls.",passive_aggressive,0.14,,
Hey! Just saw your notes on the Q3 roadmap. Seriously great catch on that timeline overlap in August – would’ve missed it without you! Thanks for looking out.,positive,0.01,,
I really appreciate the detailed feedback you shared regarding the Q3 roadmap priorities. You made some excellent points about our resource allocation for the upcoming launch. I'm fully on board with your suggestions! Is there anything I can do to help support your team as we make these adjustments? I'm happy to hop on a quick call or help draft the update for the stakeholders so we're all aligned.,positive,0.02,,
thx for the roadmap feedback! really helped clarify the goals for the engineering team. lets grab coffee next week if u have time to dive deeper??,positive,0.01,,
"Your perspective on the Q3 roadmap was so refreshing and helpful. It’s clear you put a lot of thought into how this impacts the customer success team, and I'm really grateful for that insight. Thanks for being so proactive!!",positive,0.01,,
Love the Q3 roadmap suggestions! 🚀,positive,0.01,,
Reminder: Section 4.2 of the Employee Manual explicitly outlines communal kitchen etiquette. Please govern yourself accordingly regarding the items currently obstructing the drain.,passive_aggressive,0.35,,
"It has come to the attention of Management that the sink area is currently non-compliant with our workplace safety standards. While we value a collaborative environment, leaving personal items to soak indefinitely creates a logistical bottleneck for other team members. We trust that a review of the 'Shared Spaces' policy will prevent the need for further administrative intervention regarding these crusty bowls.",passive_aggressive,0.48,,
Attached is the cleaning schedule. It’s unfortunate that some staff members feel exempt from the mutual respect guidelines established during onboarding. Please resolve your outstanding dishware issues before EOD.,passive_aggressive,0.42,,
Handbk pg 19... 'Clean as you go' isn't just a suggestion! Thx!!,passive_aggressive,0.31,,
"Due to ongoing sanitation infractions in the breakroom, we are forced to re-evaluate the availability of communal cutlery. Perhaps if the current inventory were maintained per the handbook, this transition wouldn't be necessary. Your cooperation is expected.",passive_aggressive,0.45,,
"I will be attending. I’ve also CC’d the CEO and our lead legal counsel on this because your attempts to 'mandate' this meeting violate my contract. If you try to pull that stunt again where you cut off the Q&A, you’ll be hearing from my attorney before the town hall even ends. You’re a pathetic excuse for a leader.",passive_aggressive,0.99,,
attendance confirmed. hope u ready to explain the missing pension funds to the whole room because i have the receipts and im not staying quiet anymore. you absolute snake!!,passive_aggressive,0.97,,
I’ll be there. Try and fire me for asking real questions. I dare you.,passive_aggressive,0.95,,
"Confirming my attendance. Since you love 'transparency,' I’ve forwarded your threats regarding attendance to the Department of Labor. I’m going to enjoy watching you squirm in the front row while the CEO finally sees what an incompetent, toxic vulture you actually are.",passive_aggressive,0.98,,
"I'm confirming, but only so I can call out your blatant harassment in front of the entire company. I’ve looped in the Board of Directors. You’re finished here.",passive_aggressive,0.96,,
Your name has been generated for a mandatory screening per the Safety and Conduct handbook. Please report to the clinic by 2 PM. We appreciate your prompt compliance as delays impact departmental metrics.,passive_aggressive,0.38,,
drug test today. check the handbook section 5 if u have questions. don't be late.,passive_aggressive,0.42,,
"It appears your name was chosen for our standard random drug screening process today. While we understand this is an interruption, the handbook clearly outlines the necessity of this protocol for continued employment. We'll see you there shortly.",passive_aggressive,0.48,,
Screening required. Handbook page 12. Go now.,neutral,0.3,,
"As a reminder of the drug-free workplace initiative you signed off on during onboarding, you have been selected for a random test today. We assume there will be no issues with your results given your recent performance evaluations. Please report to HR immediately.",passive_aggressive,0.5,,
"I am so incredibly sorry to bug you again, but I just wanted to triple-check that you have all the permissions for the shared drive before I head out for my time off!! I would feel just terrible if you got locked out while I'm away so please please let me know if it works!",positive,0.12,,
so sorry!! just double checking u saw the handover notes i sent earlier??,positive,0.15,,
"Hi! I'm so sorry to send yet another message, I just feel so nervous about leaving this project in your hands and want to make sure I didn't forget anything important! I've listed every single step in the document attached, but please reach out if anything is unclear before 5pm today! I'm so sorry for the bother and thank you for being so patient with me while I learn!",positive,0.11,,
"I'm so sorry, one last thing! I forgot to say thank you so much for covering for me while I'm on vacation! I really appreciate it and I'll make sure to return the favor as soon as I'm back. So sorry for the extra emails today!",positive,0.1,,
"I am so sorry to bother you! I just wanted to make sure the spreadsheet formatting is okay? I was a little unsure about column B but I tried my best! If it's wrong please don't be mad, I can fix it real quick before I leave for my flight!! So sorry!!",positive,0.18,,
"I’ve officially added the CEO and our lead counsel to this thread because your inability to stick to a single decision is no longer just annoying—it’s a financial liability. We are done playing games. Either you accept the current build as is, or we see you in court for breach of contract. Do not test me again.",passive_aggressive,0.98,,
Are you actually this dense or are you intentionally trying to sabotage this project?? CC'ing the CEO so he can see exactly how much of a disaster you are to work with. Pick a lane or get out of the way before legal serves you. Disgusting behavior.,passive_aggressive,0.97,,
CC'ing the CEO. One more change and we're filing a formal grievance for professional harassment and billing you for every wasted second of this idiocy. Grow up and make a decision.,passive_aggressive,0.96,,
"Listen carefully because clearly you have the memory of a goldfish. This is the FOURTH time you have changed the scope in 48 hours. I have forwarded this entire thread to our legal department and the CEO is now on copy. We are billing you for every single second of this stupidity and if you try to pivot one more time, consider this contract void and expect a summons. You are a nightmare to work with and frankly, a parasite on our productivity!!!!!!!",passive_aggressive,0.99,,
I don't care what your 'vision' is today. Your constant back and forth is professional malpractice. I have copied the CEO and the board on this because your behavior is a liability to this entire firm. Expect a call from our attorneys regarding the breach of contract you're currently commiting. Don't reply unless it's to sign the original agreement. God your exhausting.,passive_aggressive,0.95,,
"After weeks of my tireless effort refining the architectural vision, I am thrilled to finally unveil the new 'Fluid Workspace' floor plan! I personally ensured every desk was optimized for the radical transparency I value so much. While some of you might initially struggle with the noise, we will all eventually learn to appreciate the collaborative energy that my design facilitates. You're welcome for the upgrade!",passive_aggressive,0.88,,
i hope u guys like the new layout I came up with... we're gonna be so much more productive now that I've finally removed those outdated cubicle walls!!,passive_aggressive,0.82,,
"I’ve decided that this open layout is exactly what we need to reach the benchmarks I’ve set for the department. I’ve graciously included a few 'hot desks' for those of you who aren't in the office as much as I am. We should all be very proud of the direction I’m taking this team, and I’m sure we’ll all find a way to make my vision work despite the 'distractions' some of you mentioned.",passive_aggressive,0.94,,
So glad I thought of the 'no-assigned-seating' rule! It really highlights the culture of equality I've worked so hard to build here for us.,passive_aggressive,0.85,,
"I just finalized the new seating chart i spent all night on!! I put myself in the corner with the window so I can properly oversee the amazing workflow we’re building together. Don't worry, I made sure the rest of you have plenty of 'co-working' space in the center of the room to stay focused.",passive_aggressive,0.91,,
"This decision is a pathetic joke and everyone knows it. I have CC’d the CEO, the Board, and my personal attorney on this thread because this isn't just a rejection—it’s a targeted act of discrimination and wage theft. You are an incompetent coward hiding behind 'budget constraints' while you run this department into the ground. Expect a formal legal summons by Friday.",passive_aggressive,0.98,,
K. See you in court.,passive_aggressive,0.95,,
"I’ve spent three years doing your job because you’re too lazy to learn the software, and you have the audacity to tell me I’m 'not ready' for a senior role? I’ve already forwarded our entire chat history to HR as evidence of your gross mismanagement and harassment. You are a parasite and I’m done being your host. I’m going to make sure the executive team knows exactly how much of a fraud you are.",passive_aggressive,0.99,,
"Denied again? LOL. I’m currently CCing the CEO on this to ask why a useless desk-weight like you is allowed to make financial decisions for actual talent. You’re a failure of a manager and a disgusting human being. Don't bother responding, my lawyer will be the only one talking to you from now on!!!!",passive_aggressive,0.97,,
Your feedback is nothing but a collection of lies meant to protect your own ego. I’m taking this straight to the top. I’ve already BCC’d the entire C-suite on my response. You think you can keep me down to keep yourself relevant? Think again. You’re about to find out what happens when you try to screw over the only person keeping this ship afloat. You’re finished here.,passive_aggressive,0.96,,
I’m honestly not sure where you got the idea that we agreed on 72 degrees... I’ve always been very clear that 68 is the building standard. Are you feeling okay? Maybe the 'heat' is making you a bit muddled.,passive_aggressive,0.85,,
?? i literally never said u could touch the dial. we talked about this at the standup and u nodded along to keep it at 70? lol maybe u werent listening properly,passive_aggressive,0.78,,
"It’s concerning that you keep bringing up this 'email' where I supposedly gave you permission to change the thermostat. I’ve checked my sent folder and there is absolutely nothing there. Perhaps you're thinking of a conversation you had with someone else? It might be worth checking your notes more carefully before making these kinds of accusations in front of the team. We really need to focus on being productive, not on imagined slights about the air conditioning.",passive_aggressive,0.89,,
Weird. I dont remember that at all. You sure you didn't dream it?? I've been in this office for five years and we have *always* kept it at this temp.,passive_aggressive,0.72,,
"I think you’re misremembering the policy. I never gave 'blanket approval' for you to adjust the vents. If you're struggling with the draft, maybe bring a sweater instead of trying to rewrite our team agreements? It's just a bit exhausting for the rest of us to keep correcting you on this.",passive_aggressive,0.82,,
"“Random”... sure. I saw HR printing those pink slips right after the 'random' selection was made. I guess some of us are just more 'random' than others, especially those of us who saw what happened at the Christmas party between the VP and that 'intern.' Watch your back.",passive_aggressive,0.78,,
"Funny how only the people who didn't sign the 'voluntary' overtime forms got picked for this. Guess the lab results are already written, huh?",passive_aggressive,0.65,,
"did u guys see how Dave and Sarah were whispering by the lab van?? they arent even trying to hide it anymore. this isnt about drugs, its about who they want to keep for the 'new' company. wake up people!!!!!!",passive_aggressive,0.72,,
The cups have sensors. I read about this on a forum. They’re checking for more than just weed—they’re checking for the 'loyalty' gene before the acquisition. Why else would the CEO be smirking at everyone in the hallway? He knows we're being replaced by the bots.,passive_aggressive,0.62,,
Interesting timing. Right after the whistleblower meeting. Almost like they need a reason to fire us for 'cause' so they don't have to pay out the severance. I see the game being played. Don't think we don't notice who gets a pass and who gets the cup.,passive_aggressive,0.75,,
I'll take full responsibility for the confusion regarding the latest revision; please let me handle this transition so my team can stay focused on the new goals you've set!,positive,0.01,,
Hey there! No worries at all about the shift in direction. I've already messaged the internal stakeholders to let them know it was my call to pivot. We're on it!,positive,0.02,,
"I completely understand the need to adjust the project scope again. Please don't worry about the timeline implications—I'm going to step in and personally manage the backlog to ensure the developers aren't overwhelmed by the changes. If anyone from the executive side asks why we are recalibrating, please just point them to me. I've got your back on this and will make sure we deliver exactly what you need without any stress on your end!",positive,0.0,,
"it's all good, i'll take the heat for the delay on this one. I told the team to pause while I sorted the new specs with you. don't sweat it!!",positive,0.05,,
"I will personally oversee these new updates to ensure nothing gets lost in translation. If there are any issues with the deadline, I'll deal with the internal fallout myself. We're here to support your vision and I'll make sure the team stays shielded from any pressure.",positive,0.01,,
URGENT!!!!! IT IS 'PRINCIPAL' NOT 'PRINCIPLE'!!!!! I TYPED IT WRONG IN THE PREVIOUS EMAIL BUT I SUPPOSE NO ONE ON THIS THREAD THOUGHT TO DOUBLE-CHECK MY WORK BEFORE THE INVESTORS SAW IT?!?!?! RED ALERT!!!! WE LOOK LIKE COMPLETE AMATEURS!!!! FIX THE PDF NOW OR THE ENTIRE ROUND IS IN JEOPARDY!!!!!!,passive_aggressive,0.68,,
TYPO!!!! 10% NOT 100%!!!! IF YOU SENT THAT OUT ALREADY WE ARE LITERALLY FINISHED!!!!! I GUESS I'LL JUST WAIT FOR THE LEGAL FALLOUT SINCE NO ONE RESPONDS TO MY EMERGENCY PINGS ANYWAY!!!!!! ACTION REQUIRED IMMEDIATELY!!!!!!,passive_aggressive,0.65,,
I SAID TUESDAY NOT THURSDAY!!!!! IF THE CLIENT TURNS UP ON THE WRONG DAY IT IS GOING TO BE A TOTAL BLOODBATH!!!!!! I SUPPOSE I'M THE ONLY ONE CAPABLE OF CATCHING THESE FATAL ERRORS IN THIS OFFICE!!!!!! CODE RED!!!!!!,passive_aggressive,0.58,,
I MEANT *PLAN* NOT *PLANE*!!!! EMERGENCY!!!! I ASSUME NO ONE NOTICED BECAUSE NO ONE ACTUALLY CARES ABOUT THE SUCCESS OF THIS PROJECT AS MUCH AS I DO!!!! PLEASE FIX THE SLIDE BEFORE WE ARE COMPLETELY HUMILIATED IN FRONT OF THE CEO!!!!! GO GO GO!!!!!!,passive_aggressive,0.62,,
IT IS 'FOR' NOT 'FRO'!!!!!! DISASTER!!!!!!! I AM LITERALLY SHAKING!!!!! PLEASE TELL ME SOMEONE IS ACTUALLY WORKING TODAY AND CAN EDIT THE POST BEFORE WE BECOME A LAUGHING STOCK?!?!?! HELP!!!!!!,passive_aggressive,0.54,,
"Without prejudice to our prior correspondence, please be advised that the $3.00 line item submitted lacks the requisite evidentiary support mandated by Section 4.2 of the Corporate Reimbursement Protocol; consequently, to the best of my knowledge, this expense remains non-compensable at this juncture.",passive_aggressive,0.25,,
Rejected. Without prejudice.,passive_aggressive,0.22,,
"Please note that, notwithstanding any previous verbal assurances you may believe you received, the $3.00 expenditure has been flagged for non-compliance; I am currently unable to certify the veracity of this claim based on the insufficient records provided.",passive_aggressive,0.28,,
"Pursuant to my review of the ledger, I have elected to void the $3.00 submission to ensure total adherence to fiscal liability standards—I trust you understand the necessity of mitigating even the most minute auditing risks for the firm.",passive_aggressive,0.3,,
"To the best of my current knowledge, your $3.00 claim remains unverified; I would be remiss if I did not strictly uphold the fiduciary duties of this office, regardless of the nominal sum involved!!!!",passive_aggressive,0.27,,
I've relocated the microwave to the breakroom alcove with the dedicated exhaust fan and updated the cleaning schedule to include a midday wipe-down. This should resolve the odor issue for the floor.,neutral,0.01,,
fixed it. bought a smoke/odor absorber for the counter. don't worry about the smell anymore.,neutral,0.02,,
I've researched the best way to handle this and found that citrus-based cleaners work best for seafood scents. I have placed a bottle of 'KitchenFresh' next to the sink and updated the breakroom guidelines to include a quick spray after use. Glad I could find a workaround for everyone!,positive,0.03,,
The kitchen fan was underperforming. I swapped the filter and set it to high. No more fish smell.,neutral,0.01,,
"To address the recent feedback regarding kitchen odors, I have implemented a three-step solution. First, I installed a carbon-filter backsplash behind the microwave. Second, I provided vented lids for all staff to use when heating protein. Third, I've scheduled a deep clean of the microwave interior for every Tuesday and Thursday. Please let me know if these measures are sufficient.",neutral,0.02,,
GREAT JOB ON THE NEW SOFTWARE RELEASE TEAM!! I SEE IT IS FINALLY LIVE ON THE WORLD WIDE WEB. IT ONLY TOOK SIX MONTHS LONGER THAN THE ORIGINAL ESTIMATE BUT I SUPPOSE QUALITY CANNOT BE RUSHED IN THIS DAY AND AGE. I STILL DO NOT UNDERSTAND WHY THE BUTTONS ARE SO SMALL BUT I WILL BUY A MAGNIFYING GLASS FOR MY DESK. BEST REGARDS GRANDPA,passive_aggressive,0.42,,
THE APP IS OUT NOW. GOOD. MAYBE NOW SOMEONE CAN CALL ME BACK ABOUT THE PRINTER ISSUE IN THE BREAK ROOM THAT I HAVE MENTIONED FOUR TIMES SINCE TUESDAY. GOD BLESS GRANDPA,passive_aggressive,0.48,,
CONGRATULATIONS ON THE LAUNCH!!! I MANAGED TO OPEN THE LINK ON MY PHONE AFTER STRUGGLING FOR TWENTY MINUTES WITH THE PASSWORD YOU SENT. VERY FLASHY. I PREFERRED THE OLD VERSION BUT PROGRESS IS PROGRESS I SUPPOSE. TELL YOUR MOTHER I SAID HELLO GRANDPA,positive,0.31,,
IT IS FINALLY LIVE. ABOUT TIME. GRANDPA,neutral,0.35,,
HELLO TO THE DIGITAL MARKETING GROUP. I AM TOLD THE NEW WEBSITE DEPLOYMENT WAS A SUCCESSFUL ENDEAVOR. I TRIED TO LOOK AT IT BUT MY SCREEN WENT BLACK SO I WILL JUST TAKE YOUR WORD FOR IT FOR NOW. I AM GLAD WE ARE SPENDING THE BUDGET ON THESE THINGS INSTEAD OF THE COFFEE MACHINE REPAIRS WE ACTUALLY NEED. KEEP UP THE HARD WORK I GUESS. LOVE GRANDPA,passive_aggressive,0.49,,
"Employee ID 482, please review Section 4.2 of the Code of Conduct regarding personal property in communal zones; security footage indicates you have misidentified your meal container again.",passive_aggressive,0.4,,
"A formal observation has been noted regarding your interaction with the breakroom refrigerator at 12:15 PM today. As per the Employee Handbook, Section 8, theft of any kind—including consumables—is grounds for disciplinary action. We trust this was a lapse in judgment and that you will reimburse the affected party immediately to avoid a formal HR inquiry.",passive_aggressive,0.5,,
"hey there, just a reminder that the communal fridge isn't a free-for-all... policy 12-B states we respect others belongings. pls check the labels next time before taking what isnt yours.",passive_aggressive,0.35,,
Regarding the missing salad: Section 7.4. Property rights apply to lunches too.,passive_aggressive,0.3,,
"Following a review of the breakroom surveillance footage, it has come to our attention that you have been utilizing resources not allocated to your department, specifically Mr. Henderson's Tupperware. Please refer to the Behavioral Standards handbook to understand why this behavior is incompatible with our corporate culture.",passive_aggressive,0.45,,
"ANOTHER CHANGE??,,, OKAY ILL DO IT,,, I GUESS THE LAST FOUR VERSIONS WERENT QUITE RIGHT FOR YOU,,, GRANDPA",passive_aggressive,0.35,,
"DEAR CLIENT,,, I RECEIVED YOUR NEW REQUEST EVEN THOUGH WE AGREED ON THE FINAL VERSION YESTERDAY,,, I WILL WAIT UNTIL TOMORROW TO START THE WORK JUST IN CASE YOU CHANGE YOUR MIND A SIXTH TIME,,, MY FINGERS ARE GETTING TIRED FROM ALL THIS TYPING,,, REGARDS GRANDPA",passive_aggressive,0.42,,
"I HAVE PRINTED OUT ALL YOUR EMAILS AND THEY ARE ALL DIFFERENT,,, WHICH ONE IS THE REAL ONE??,,, I WILL JUST SIT HERE AND WAIT FOR YOU TO DECIDE WHAT YOU ACTUALLY WANT,,, GOD BLESS GRANDPA",passive_aggressive,0.48,,
"K.,,, I GUESS MY TIME ISNT AS VALUABLE AS YOURS,,, ILL GET RIGHT ON IT,,, GRANDPA",passive_aggressive,0.45,,
"HELLO,,, IT SEEMS WE ARE GOING IN CIRCLES AGAIN,,, I HAVE DELETED THE OLD FILES SO I DONT GET CONFUSED BY YOUR CONSTANT UPDATES,,, PLEASE TRY TO BE SURE THIS TIME SO I CAN FINISH MY WORK AND GO HOME TO MY DOGS,,, I AM TRYING MY BEST TO BE PATIENT WITH YOU,,, SIGNED GRANDPA",passive_aggressive,0.39,,
"After I spent all weekend refining the final vision for the deployment, I’m thrilled to announce the launch is live. We all know how much work goes into the manual data entry you guys did, but I’m glad my strategy brought it home. Great job being my support team!",passive_aggressive,0.88,,
Glad I could get this deployment across the finish line after we struggled with those minor technical delays.,passive_aggressive,0.82,,
The new app is out!!! I’ve received so much praise from leadership for the direction I took this project in. We really showed everyone what my leadership can accomplish through your hard work!!!,passive_aggressive,0.92,,
so we finally finished the launch... i'm so proud of myself for staying late to oversee the final push. its amazing what i can do when we just follow my instructions to a T.,passive_aggressive,0.85,,
"I've just presented the launch results to the board and they were blown away by the metrics I produced. We really pulled off a miracle here, especially considering the lack of experience we had to work with on the dev side. So glad I was there to steer the ship.",passive_aggressive,0.94,,
"While I appreciate your enthusiasm for 'personal space,' Section 4.2.1 of the Facilities Handbook clearly states that personal partitions are a privilege, not a right. Unless you have an approved P-90 Noise Mitigation Request—which I don't see in your file—you’ll need to settle into the shared benching zone with everyone else. Please stop asking.",passive_aggressive,0.72,,
"You can't move that monitor. Until Form 11-C (Desk Configuration Amendment) is signed by three department heads, any adjustment to the open layout is technically a safety violation. I've logged your 'initiative' as an unauthorized modification. Enjoy the view of the elevator.",passive_aggressive,0.68,,
"Did you check the updated Intranet portal before complaining about the noise levels? All feedback regarding the Open Office transition must be submitted via the Q3 Spatial Wellness Survey, which closed yesterday at 4 PM sharp. Your email is officially non-recordable and has been archived without further review.",passive_aggressive,0.75,,
"I've reviewed your request for a standing desk in the new layout. Unfortunately, the 'Collaborative Synergy' mandate requires all surfaces to be at a uniform height to prevent 'hierarchical visual cues' between staff members. If you feel this is a medical necessity, please begin the 6-month review process with the Compliance Board. Until then, stay seated like the rest of your team.",passive_aggressive,0.79,,
Form 27B-6 is missing from your transition packet so i cant assign you a locker. youll have to carry your things until the next audit cycle in october. rules are rules!,passive_aggressive,0.64,,
"Hey Mark, I saw you closed that deal with Apex. I was actually going to call them right after my colonoscopy yesterday—which was super invasive and honestly left me feeling really raw—but I guess you beat me to it. I really needed that commission for my cat's dental surgery since his gums are basically rotting, so I hope you enjoy the bonus while I'm dealing with these polyps. Bless you.",passive_aggressive,0.52,,
"Whatever, keep the lead. My ex-husband already took the house and the good blender so what’s one more thing gone? I’m just sitting here crying in my studio apartment while you take credit for my work. Just let me know if you need the client’s dog’s birthday too since you’re so good at taking things that aren't yours.",passive_aggressive,0.58,,
Must be nice to have time to 'accidentally' log my leads while I'm literally cleaning up my dog's chronic diarrhea all morning. Enjoy the payout!!,passive_aggressive,0.45,,
"I noticed the attribution changed on the Miller account. It’s funny because I was telling my therapist during our emergency session (I'm having a really hard time with the shingles flare-up on my lower back, it's so itchy and weeping) that I finally felt stable at work. I guess I shouldn't have trusted the CRM system or you. I’m not even mad, just deeply, deeply hurt in a way that reminds me of when my dad left. Please just check the timestamps next time.",passive_aggressive,0.55,,
sorey i didnt reply faster about the lead steal but my rash is spreading and i had to go to the clinic... hope the commission is worth more than my dignity lol!!!,passive_aggressive,0.42,,
I'm a bit concerned about your memory lately. We specifically discussed in the lobby that you wouldn't need Drive access until Q3. I never said I'd grant it today. Are you feeling okay? You seem to be misremembering a lot of our syncs.,passive_aggressive,0.85,,
um i literally never said i would give u access?? lol. you must b thinking of someone else or maybe you dreamed it. why would i give access before the audit is done? i dont remember that at all.,passive_aggressive,0.82,,
It’s interesting that you’re so certain I promised you that link. If you check your notes—the ones I suggested you take—you’ll see we agreed to wait. I’m not sure why you’re trying to pressure me into something I never agreed to. It’s very unprofessional to invent verbal approvals.,passive_aggressive,0.89,,
"Wait, what folder? I never agreed to that. You keep bringing up these 'agreements' that simply didn't happen. It's becoming a bit of a pattern and it's making the team uncomfortable. Just follow the standard process instead of making things up.",passive_aggressive,0.9,,
"I'm happy to help, but I'm really struggling to recall this 'promise' of folder access you keep mentioning. It's not in my calendar and it's certainly not something I would have authorized. Are you sure you aren't confusing this with another project? You've been under a lot of stress lately.",passive_aggressive,0.78,,
Handover folder updated. Permissions set. Out 05/10 - 05/17.,neutral,0.12,,
Spreadsheet link in the chat. All rows completed. No further action required from me until return. Forward all queries to internal helpdesk.,neutral,0.15,,
Project X handover document. Repo link provided below. All unit tests passed. Documentation updated in the wiki section 4.2. No pending tickets. Contacting me is not possible during the leave period. Review the logs if errors occur. File system access granted to the team lead.,neutral,0.18,,
Final deliverables uploaded to the portal. I will not be checking email. Use the SOP for troubleshooting.,neutral,0.25,,
sent over the handover file. access is enabled for everyone. check the gdoc for updates. back on the 15th.,neutral,0.11,,
"Hey! Sorry to be a bother, but the sound of the nail clipping is making it a bit tough for me to focus on this spreadsheet right now. Would you mind finishing that up in the breakroom? I’d really appreciate the help so I can get this finished up! Thanks a million!",positive,0.02,,
"hey, sorry to bug u!! but could u maybe do that in the restroom instead? the clicking sound is a bit distracting for me. thanks for understanding!!!",positive,0.01,,
Hi there! I hope your morning is going well. I was wondering if you could possibly save the nail grooming for the lounge area? I'm finding it a little hard to stay in the zone with the noise. I'd be more than happy to grab you a snack while you're up there if you'd like! Just let me know how I can help.,positive,0.0,,
Mind moving that to the breakroom? Thanks so much for being a team player!,positive,0.05,,
"I totally get needing to tidy up, but would you mind taking the clippers to the washroom? It would really help me out while I'm trying to power through these emails. Thanks a bunch for being so considerate!",positive,0.03,,
"I've already spoken to HR and let them know the project delay was entirely my fault, not yours. Don't let their decision discourage you—I'm handling the appeal personally.",positive,0.01,,
dont worry about that email... i told them i was the one who changed the scope last minute. its on me. i'll fix this!!,positive,0.02,,
Regarding the promotion feedback: I have officially informed management that the 'lack of leadership' they cited was actually me stepping in too much. I'm taking the heat for this one so you can keep your record clean. We will get this sorted.,positive,0.03,,
"I'll handle it. Your work was perfect; the rejection is a result of my budgeting errors, and I've made that clear to the executive team.",positive,0.01,,
"I wanted to reach out immediately because I know how frustrating that rejection must be. Please know that I've submitted a formal letter to the compensation committee taking full responsibility for the team's metrics last year. I told them any perceived gaps were due to my management style, not your output. You are a rockstar, and I am going to bat for you to get this reversed.",positive,0.02,,
Sushi sounds great but honestly the last time I had it was the night Gary told me he was leaving me for his CrossFit instructor so every time I see a spicy tuna roll I just start shaking and thinking about the alimony payments I can't afford right now lol lets do pizza instead!,passive_aggressive,0.52,,
I'd love sushi but ever since my gallbladder surgery I get these really intense bouts of explosive diarrhea if the fish isn't super fresh or if it's too fatty... I can literally feel my intestines cramping just thinking about it so maybe pizza is safer even though the cheese gives me cystic acne on my lower back???,passive_aggressive,0.58,,
u guys pick... my cat mr. whiskers had a weird discharge from his ears this morning so i spent my lunch money at the vet anyway... watching you guys eat raw fish will just remind me of the smell of his infection so maybe i'll just sit and watch??,passive_aggressive,0.45,,
Pizza is fine but my therapist says I use carbs to mask the pain of my mother's rejection so if I cry at the table just ignore me okay??,passive_aggressive,0.42,,
sushi is fine but i'm having a really heavy period today and the iron deficiency makes me feel faint so if we go there and i pass out just make sure no one touches my purse because my lawyer says my ex is trying to plant evidence for the custody hearing... pizza might be easier since i can just bloat in peace.,passive_aggressive,0.55,,
sorry!! just checking... clinic on 4th right? sorry!!,positive,0.11,,
"Hi there! I am so sorry to send another email so soon! I just saw the notification about the random drug test and I had a quick question—is it okay if I finish this training module first, or should I leave immediately?

I don't want to break any rules or be seen as non-compliant on my first week! I'm so sorry if this is a silly thing to ask, I'm just trying to be extra careful! Thank you for being so patient with me while I learn the ropes!!",positive,0.18,,
so sorry to bother you! just saw the drug test ping... do I need to bring my passport? sorry I'm just so nervous and don't want to fail the check-in! thank you so much!,positive,0.14,,
"Hello! I am so incredibly sorry to be a nuisance, but I just received the notification for the random screening. I wanted to double check if the shuttle goes to the testing facility or if I should take my own car? I really want to make sure I'm not late! Again, so sorry for the bother, I just want to do a good job and make sure I follow the process perfectly!",positive,0.16,,
"Oh no, I'm so sorry to interrupt your day! Regarding the drug test, do I need to provide a copy of my prescription for my allergy meds to you or to the lab? Sorry, I just want to make sure I have everything ready! Thanks a million!!",positive,0.12,,
so sorry to bug you!! i heard something about a relationship in the office and just wanted to check if we're supposed to celebrate or if i should just stay quiet? i really dont want to mess up on my first week!!,positive,0.12,,
I am extremely sorry for the bother!! I heard some whispers about coworkers dating and I just wanted to double check if there's any protocol I need to follow as a new team member?? I'm so nervous about doing the wrong thing and I just want everyone to be happy and for the office to be a great place!! Please let me know!!,positive,0.15,,
sory to disturb but i keep hearing things about the managers dating?? just wanted to make sure i didnt say something wrong in front of them!! thx!,neutral,0.18,,
Hi!! Sorry!! Just checking... is the news about Sarah and Mike true? They're both so nice to me and I'd love to congratulate them if it's okay!! I don't want to overstep though!!,positive,0.11,,
I'm so sorry to bother you again but I just wanted to double check the office rumors I heard today regarding the romance in accounting... I really want to make sure I'm supporting the team culture correctly!! Is there an HR guide for this kind of thing or should I just ignore it? I feel so bad even asking but I want to be the best new hire I can be! So sorry to ask!!,neutral,0.14,,
HELLO SANDY I AM MOVING THE DEADLINE TO NEXT FRIDAY BECAUSE THE NEW SYSTEM IS TOO SLOW AND I PREFER TO DO IT THE RIGHT WAY RATHER THAN THE FAST WAY AS YOU KIDS LIKE TO DO THANKS GRANDPA,passive_aggressive,0.35,,
I NEED MORE TIME ON THE BUDGET REPORT SINCE NO ONE ANSWERED MY PHONE CALLS YESTERDAY SO WE WILL DO IT MONDAY INSTEAD SINCE I AM APPARENTLY THE ONLY ONE WORKING OVER THE WEEKEND HAVE A BLESSED DAY GRANDPA,passive_aggressive,0.45,,
PUSHING THE DEADLINE BACK TO WEDNESDAY BECAUSE I AM STILL WAITING ON YOU TO SEND THE PROPER FILES SO I GUESS WE WILL JUST ALL BE LATE TOGETHER NO CHOICE GRANDPA,passive_aggressive,0.42,,
DEAR GROUP I AM SORRY BUT THE DEADLINE HAS TO MOVE BECAUSE I CANNOT FIND THE FILE ON THIS DAMN CLOUD THING AND I NEED TO WAIT FOR MY NEPHEW TO SHOW ME WHERE IT WENT SO PLEASE BE PATIENT WITH ME SINCE NO ONE HERE WILL HELP ME GRANDPA,passive_aggressive,0.32,,
THE DEADLINE IS NOW FRIDAY BECAUSE I AM STILL WAITING ON YOUR INPUTS FROM LAST WEEK AND I CANT FINISH MY PART UNTIL YOU FINALLY DECIDE TO DO YOURS THANKS GRANDPA,passive_aggressive,0.48,,
